2026-06-27 09:12:24,554 | INFO     | src.fetcher | Requesting https://example.com
2026-06-27 09:12:24,603 | DEBUG    | httpcore.connection | connect_tcp.started host='example.com' port=443 local_address=None timeout=15 socket_options=None
2026-06-27 09:12:24,628 | DEBUG    | httpcore.connection | connect_tcp.complete return_value=<httpcore._backends.sync.SyncStream object at 0x1062be7b0>
2026-06-27 09:12:24,628 | DEBUG    | httpcore.connection | start_tls.started ssl_context=<ssl.SSLContext object at 0x1062c5b50> server_hostname='example.com' timeout=15
2026-06-27 09:12:24,642 | DEBUG    | httpcore.connection | start_tls.complete return_value=<httpcore._backends.sync.SyncStream object at 0x1063460d0>
2026-06-27 09:12:24,642 | DEBUG    | httpcore.http11 | send_request_headers.started request=<Request [b'GET']>
2026-06-27 09:12:24,642 | DEBUG    | httpcore.http11 | send_request_headers.complete
2026-06-27 09:12:24,642 | DEBUG    | httpcore.http11 | send_request_body.started request=<Request [b'GET']>
2026-06-27 09:12:24,642 | DEBUG    | httpcore.http11 | send_request_body.complete
2026-06-27 09:12:24,642 | DEBUG    | httpcore.http11 | receive_response_headers.started request=<Request [b'GET']>
2026-06-27 09:12:24,656 | DEBUG    | httpcore.http11 | receive_response_headers.complete return_value=(b'HTTP/1.1', 200, b'OK', [(b'Date', b'Sat, 27 Jun 2026 07:12:24 GMT'), (b'Content-Type', b'text/html'), (b'Transfer-Encoding', b'chunked'), (b'Connection', b'keep-alive'), (b'Server', b'cloudflare'), (b'last-modified', b'Sat, 20 Jun 2026 20:45:06 GMT'), (b'allow', b'GET, HEAD'), (b'Age', b'7956'), (b'cf-cache-status', b'HIT'), (b'Content-Encoding', b'gzip'), (b'CF-RAY', b'a122a4aa683eeece-WAW')])
2026-06-27 09:12:24,656 | INFO     | httpx | HTTP Request: GET https://example.com "HTTP/1.1 200 OK"
2026-06-27 09:12:24,656 | DEBUG    | httpcore.http11 | receive_response_body.started request=<Request [b'GET']>
2026-06-27 09:12:24,656 | DEBUG    | httpcore.http11 | receive_response_body.complete
2026-06-27 09:12:24,656 | DEBUG    | httpcore.http11 | response_closed.started
2026-06-27 09:12:24,656 | DEBUG    | httpcore.http11 | response_closed.complete
2026-06-27 09:12:24,656 | DEBUG    | src.fetcher | Response 200 in 0.10s (559 bytes, final URL: https://example.com)
2026-06-27 09:12:24,656 | DEBUG    | httpcore.connection | close.started
2026-06-27 09:12:24,656 | DEBUG    | httpcore.connection | close.complete
2026-06-27 09:12:24,657 | DEBUG    | src.parser | Removed 1 noise tag(s)
2026-06-27 09:12:24,657 | DEBUG    | src.parser | Content root: <body>
2026-06-27 09:12:24,658 | INFO     | src.parser | Parsed content: 131 characters
2026-06-27 09:12:24,658 | INFO     | __main__ | Saved to /Users/adamdomachowski/Desktop/coding/page_fetcher/output/example_com_2026-06-27.md
2026-06-27 09:12:38,859 | INFO     | src.fetcher | Requesting https://example.com/this-does-not-exist-404
2026-06-27 09:12:38,903 | DEBUG    | httpcore.connection | connect_tcp.started host='example.com' port=443 local_address=None timeout=15 socket_options=None
2026-06-27 09:12:38,917 | DEBUG    | httpcore.connection | connect_tcp.complete return_value=<httpcore._backends.sync.SyncStream object at 0x1037ba7b0>
2026-06-27 09:12:38,917 | DEBUG    | httpcore.connection | start_tls.started ssl_context=<ssl.SSLContext object at 0x1037e99a0> server_hostname='example.com' timeout=15
2026-06-27 09:12:38,931 | DEBUG    | httpcore.connection | start_tls.complete return_value=<httpcore._backends.sync.SyncStream object at 0x106841f90>
2026-06-27 09:12:38,931 | DEBUG    | httpcore.http11 | send_request_headers.started request=<Request [b'GET']>
2026-06-27 09:12:38,931 | DEBUG    | httpcore.http11 | send_request_headers.complete
2026-06-27 09:12:38,931 | DEBUG    | httpcore.http11 | send_request_body.started request=<Request [b'GET']>
2026-06-27 09:12:38,931 | DEBUG    | httpcore.http11 | send_request_body.complete
2026-06-27 09:12:38,931 | DEBUG    | httpcore.http11 | receive_response_headers.started request=<Request [b'GET']>
2026-06-27 09:12:38,947 | DEBUG    | httpcore.http11 | receive_response_headers.complete return_value=(b'HTTP/1.1', 404, b'Not Found', [(b'Date', b'Sat, 27 Jun 2026 07:12:39 GMT'), (b'Content-Type', b'text/html'), (b'Transfer-Encoding', b'chunked'), (b'Connection', b'keep-alive'), (b'Server', b'cloudflare'), (b'Age', b'7964'), (b'cf-cache-status', b'HIT'), (b'Content-Encoding', b'gzip'), (b'CF-RAY', b'a122a503b9b223d9-WAW')])
2026-06-27 09:12:38,947 | INFO     | httpx | HTTP Request: GET https://example.com/this-does-not-exist-404 "HTTP/1.1 404 Not Found"
2026-06-27 09:12:38,947 | DEBUG    | httpcore.http11 | receive_response_body.started request=<Request [b'GET']>
2026-06-27 09:12:38,947 | DEBUG    | httpcore.http11 | receive_response_body.complete
2026-06-27 09:12:38,947 | DEBUG    | httpcore.http11 | response_closed.started
2026-06-27 09:12:38,947 | DEBUG    | httpcore.http11 | response_closed.complete
2026-06-27 09:12:38,947 | DEBUG    | src.fetcher | Response 404 in 0.09s (559 bytes, final URL: https://example.com/this-does-not-exist-404)
2026-06-27 09:12:38,947 | DEBUG    | httpcore.connection | close.started
2026-06-27 09:12:38,947 | DEBUG    | httpcore.connection | close.complete
2026-06-27 09:12:38,947 | ERROR    | __main__ | HTTP 404 for https://example.com/this-does-not-exist-404
2026-06-27 09:12:39,047 | INFO     | src.fetcher | Requesting https://nonexistent-domain-xyz-12345.com
2026-06-27 09:12:39,075 | DEBUG    | httpcore.connection | connect_tcp.started host='nonexistent-domain-xyz-12345.com' port=443 local_address=None timeout=15 socket_options=None
2026-06-27 09:12:39,142 | DEBUG    | httpcore.connection | connect_tcp.failed exception=ConnectError(gaierror(8, 'nodename nor servname provided, or not known'))
2026-06-27 09:12:39,142 | ERROR    | __main__ | Network error fetching https://nonexistent-domain-xyz-12345.com: [Errno 8] nodename nor servname provided, or not known
2026-06-27 09:12:39,246 | INFO     | src.fetcher | Requesting https://example.com
2026-06-27 09:12:39,275 | DEBUG    | httpcore.connection | connect_tcp.started host='example.com' port=443 local_address=None timeout=15 socket_options=None
2026-06-27 09:12:39,289 | DEBUG    | httpcore.connection | connect_tcp.complete return_value=<httpcore._backends.sync.SyncStream object at 0x1052b67b0>
2026-06-27 09:12:39,289 | DEBUG    | httpcore.connection | start_tls.started ssl_context=<ssl.SSLContext object at 0x1052e99a0> server_hostname='example.com' timeout=15
2026-06-27 09:12:39,303 | DEBUG    | httpcore.connection | start_tls.complete return_value=<httpcore._backends.sync.SyncStream object at 0x105341f90>
2026-06-27 09:12:39,303 | DEBUG    | httpcore.http11 | send_request_headers.started request=<Request [b'GET']>
2026-06-27 09:12:39,304 | DEBUG    | httpcore.http11 | send_request_headers.complete
2026-06-27 09:12:39,304 | DEBUG    | httpcore.http11 | send_request_body.started request=<Request [b'GET']>
2026-06-27 09:12:39,304 | DEBUG    | httpcore.http11 | send_request_body.complete
2026-06-27 09:12:39,304 | DEBUG    | httpcore.http11 | receive_response_headers.started request=<Request [b'GET']>
2026-06-27 09:12:39,318 | DEBUG    | httpcore.http11 | receive_response_headers.complete return_value=(b'HTTP/1.1', 200, b'OK', [(b'Date', b'Sat, 27 Jun 2026 07:12:39 GMT'), (b'Content-Type', b'text/html'), (b'Transfer-Encoding', b'chunked'), (b'Connection', b'keep-alive'), (b'Server', b'cloudflare'), (b'last-modified', b'Sat, 20 Jun 2026 20:45:06 GMT'), (b'allow', b'GET, HEAD'), (b'Age', b'7970'), (b'cf-cache-status', b'HIT'), (b'Content-Encoding', b'gzip'), (b'CF-RAY', b'a122a5061af10206-WAW')])
2026-06-27 09:12:39,318 | INFO     | httpx | HTTP Request: GET https://example.com "HTTP/1.1 200 OK"
2026-06-27 09:12:39,318 | DEBUG    | httpcore.http11 | receive_response_body.started request=<Request [b'GET']>
2026-06-27 09:12:39,318 | DEBUG    | httpcore.http11 | receive_response_body.complete
2026-06-27 09:12:39,318 | DEBUG    | httpcore.http11 | response_closed.started
2026-06-27 09:12:39,318 | DEBUG    | httpcore.http11 | response_closed.complete
2026-06-27 09:12:39,319 | DEBUG    | src.fetcher | Response 200 in 0.07s (559 bytes, final URL: https://example.com)
2026-06-27 09:12:39,319 | DEBUG    | httpcore.connection | close.started
2026-06-27 09:12:39,319 | DEBUG    | httpcore.connection | close.complete
2026-06-27 09:12:39,320 | DEBUG    | src.parser | Removed 1 noise tag(s)
2026-06-27 09:12:39,320 | DEBUG    | src.parser | Content root: <body>
2026-06-27 09:12:39,320 | INFO     | src.parser | Parsed content: 131 characters
2026-06-27 09:12:39,320 | INFO     | __main__ | Saved to /Users/adamdomachowski/Desktop/coding/page_fetcher/output/example_com_2026-06-27.md
2026-06-27 09:12:58,870 | INFO     | src.fetcher | Requesting https://example.com
2026-06-27 09:12:58,942 | DEBUG    | src.fetcher | Response 200 in 0.07s (559 bytes, final URL: https://example.com)
2026-06-27 09:12:58,942 | DEBUG    | src.parser | Removed 1 noise tag(s)
2026-06-27 09:12:58,942 | DEBUG    | src.parser | Content root: <body>
2026-06-27 09:12:58,943 | INFO     | src.parser | Parsed content: 131 characters
2026-06-27 09:12:58,943 | INFO     | __main__ | Saved to /Users/adamdomachowski/Desktop/coding/page_fetcher/output/example_com_2026-06-27.md
2026-06-27 09:12:59,036 | INFO     | src.fetcher | Requesting https://example.com
2026-06-27 09:12:59,106 | DEBUG    | src.fetcher | Response 200 in 0.07s (559 bytes, final URL: https://example.com)
2026-06-27 09:12:59,106 | DEBUG    | src.parser | Removed 1 noise tag(s)
2026-06-27 09:12:59,106 | DEBUG    | src.parser | Content root: <body>
2026-06-27 09:12:59,107 | INFO     | src.parser | Parsed content: 131 characters
2026-06-27 09:12:59,107 | INFO     | __main__ | Saved to /Users/adamdomachowski/Desktop/coding/page_fetcher/output/example_com_2026-06-27.md
2026-06-27 09:13:56,031 | INFO     | src.fetcher | Requesting https://rumbomundo.com/
2026-06-27 09:13:56,639 | DEBUG    | src.fetcher | Response 200 in 0.61s (108445 bytes, final URL: https://rumbomundo.com/)
2026-06-27 09:13:56,652 | DEBUG    | src.parser | Removed 24 noise tag(s)
2026-06-27 09:13:56,653 | DEBUG    | src.parser | Content root: <body>
2026-06-27 09:13:56,670 | INFO     | src.parser | Parsed content: 7114 characters
2026-06-27 09:13:56,671 | INFO     | __main__ | Saved to /Users/adamdomachowski/Desktop/coding/page_fetcher/output/rumbomundo_com_2026-06-27.md
2026-06-27 09:18:14,695 | INFO     | src.crawler | [1/60] depth 0: https://rumbomundo.com
2026-06-27 09:18:14,695 | INFO     | src.fetcher | Requesting https://rumbomundo.com
2026-06-27 09:18:15,339 | DEBUG    | src.fetcher | Response 200 in 0.64s (108445 bytes, final URL: https://rumbomundo.com)
2026-06-27 09:18:15,351 | DEBUG    | src.parser | Removed 24 noise tag(s)
2026-06-27 09:18:15,352 | DEBUG    | src.parser | Content root: <body>
2026-06-27 09:18:15,368 | INFO     | src.parser | Parsed content: 7114 characters
2026-06-27 09:18:15,377 | DEBUG    | src.parser | Found 79 same-domain link(s)
2026-06-27 09:18:15,882 | INFO     | src.crawler | [2/60] depth 1: https://rumbomundo.com/iceland/travel-guides
2026-06-27 09:18:15,882 | INFO     | src.fetcher | Requesting https://rumbomundo.com/iceland/travel-guides
2026-06-27 09:18:16,468 | DEBUG    | src.fetcher | Response 200 in 0.59s (87193 bytes, final URL: https://rumbomundo.com/iceland/travel-guides/)
2026-06-27 09:18:16,481 | DEBUG    | src.parser | Removed 24 noise tag(s)
2026-06-27 09:18:16,481 | DEBUG    | src.parser | Content root: <body>
2026-06-27 09:18:16,496 | INFO     | src.parser | Parsed content: 5709 characters
2026-06-27 09:18:16,502 | DEBUG    | src.parser | Found 70 same-domain link(s)
2026-06-27 09:18:17,007 | INFO     | src.crawler | [3/60] depth 1: https://rumbomundo.com/best-time-to-visit-iceland
2026-06-27 09:18:17,007 | INFO     | src.fetcher | Requesting https://rumbomundo.com/best-time-to-visit-iceland
2026-06-27 09:18:17,595 | DEBUG    | src.fetcher | Response 200 in 0.59s (183368 bytes, final URL: https://rumbomundo.com/best-time-to-visit-iceland/)
2026-06-27 09:18:17,607 | DEBUG    | src.parser | Removed 26 noise tag(s)
2026-06-27 09:18:17,607 | DEBUG    | src.parser | Content root: <article>
2026-06-27 09:18:17,629 | INFO     | src.parser | Parsed content: 43071 characters
2026-06-27 09:18:17,642 | DEBUG    | src.parser | Found 100 same-domain link(s)
2026-06-27 09:18:18,145 | INFO     | src.crawler | [4/60] depth 1: https://rumbomundo.com/iceland-trip-costs
2026-06-27 09:18:18,145 | INFO     | src.fetcher | Requesting https://rumbomundo.com/iceland-trip-costs
2026-06-27 09:18:18,699 | DEBUG    | src.fetcher | Response 200 in 0.55s (116666 bytes, final URL: https://rumbomundo.com/iceland-trip-costs/)
2026-06-27 09:18:18,709 | DEBUG    | src.parser | Removed 25 noise tag(s)
2026-06-27 09:18:18,709 | DEBUG    | src.parser | Content root: <article>
2026-06-27 09:18:18,723 | INFO     | src.parser | Parsed content: 22192 characters
2026-06-27 09:18:18,732 | DEBUG    | src.parser | Found 89 same-domain link(s)
2026-06-27 09:18:19,236 | INFO     | src.crawler | [5/60] depth 1: https://rumbomundo.com/iceland/self-drive-plans
2026-06-27 09:18:19,236 | INFO     | src.fetcher | Requesting https://rumbomundo.com/iceland/self-drive-plans
2026-06-27 09:18:19,690 | DEBUG    | src.fetcher | Response 200 in 0.45s (86966 bytes, final URL: https://rumbomundo.com/iceland/self-drive-plans/)
2026-06-27 09:18:19,696 | DEBUG    | src.parser | Removed 24 noise tag(s)
2026-06-27 09:18:19,696 | DEBUG    | src.parser | Content root: <body>
2026-06-27 09:18:19,704 | INFO     | src.parser | Parsed content: 5520 characters
2026-06-27 09:18:19,712 | DEBUG    | src.parser | Found 69 same-domain link(s)
2026-06-27 09:18:20,217 | INFO     | src.crawler | [6/60] depth 1: https://rumbomundo.com/short-self-drive-in-iceland-3-to-7-days
2026-06-27 09:18:20,217 | INFO     | src.fetcher | Requesting https://rumbomundo.com/short-self-drive-in-iceland-3-to-7-days
2026-06-27 09:18:20,752 | DEBUG    | src.fetcher | Response 200 in 0.54s (239666 bytes, final URL: https://rumbomundo.com/short-self-drive-in-iceland-3-to-7-days/)
2026-06-27 09:18:20,767 | DEBUG    | src.parser | Removed 27 noise tag(s)
2026-06-27 09:18:20,768 | DEBUG    | src.parser | Content root: <article>
2026-06-27 09:18:20,798 | INFO     | src.parser | Parsed content: 79303 characters
2026-06-27 09:18:20,813 | DEBUG    | src.parser | Found 155 same-domain link(s)
2026-06-27 09:18:21,318 | INFO     | src.crawler | [7/60] depth 1: https://rumbomundo.com/around-iceland-a-7-to-13-day-itinerary-for-spring-to-autumn-complete-self-drive-guide
2026-06-27 09:18:21,319 | INFO     | src.fetcher | Requesting https://rumbomundo.com/around-iceland-a-7-to-13-day-itinerary-for-spring-to-autumn-complete-self-drive-guide
2026-06-27 09:18:21,850 | DEBUG    | src.fetcher | Response 200 in 0.53s (187223 bytes, final URL: https://rumbomundo.com/around-iceland-a-7-to-13-day-itinerary-for-spring-to-autumn-complete-self-drive-guide/)
2026-06-27 09:18:21,866 | DEBUG    | src.parser | Removed 25 noise tag(s)
2026-06-27 09:18:21,867 | DEBUG    | src.parser | Content root: <article>
2026-06-27 09:18:21,889 | INFO     | src.parser | Parsed content: 48489 characters
2026-06-27 09:18:21,901 | DEBUG    | src.parser | Found 199 same-domain link(s)
2026-06-27 09:18:22,406 | INFO     | src.crawler | [8/60] depth 1: https://rumbomundo.com/best-self-drive-plan-for-iceland-15-day-summer-trip-in-a-4x4-car
2026-06-27 09:18:22,407 | INFO     | src.fetcher | Requesting https://rumbomundo.com/best-self-drive-plan-for-iceland-15-day-summer-trip-in-a-4x4-car
2026-06-27 09:18:22,866 | DEBUG    | src.fetcher | Response 200 in 0.46s (104925 bytes, final URL: https://rumbomundo.com/best-self-drive-plan-for-iceland-15-day-summer-trip-in-a-4x4-car/)
2026-06-27 09:18:22,873 | DEBUG    | src.parser | Removed 24 noise tag(s)
2026-06-27 09:18:22,873 | DEBUG    | src.parser | Content root: <article>
2026-06-27 09:18:22,879 | INFO     | src.parser | Parsed content: 14018 characters
2026-06-27 09:18:22,885 | DEBUG    | src.parser | Found 92 same-domain link(s)
2026-06-27 09:18:23,390 | INFO     | src.crawler | [9/60] depth 1: https://rumbomundo.com/winter-trip-to-iceland-a-complete-guide
2026-06-27 09:18:23,391 | INFO     | src.fetcher | Requesting https://rumbomundo.com/winter-trip-to-iceland-a-complete-guide
2026-06-27 09:18:23,921 | DEBUG    | src.fetcher | Response 200 in 0.53s (164739 bytes, final URL: https://rumbomundo.com/winter-trip-to-iceland-a-complete-guide/)
2026-06-27 09:18:23,936 | DEBUG    | src.parser | Removed 26 noise tag(s)
2026-06-27 09:18:23,937 | DEBUG    | src.parser | Content root: <article>
2026-06-27 09:18:23,949 | INFO     | src.parser | Parsed content: 44958 characters
2026-06-27 09:18:23,957 | DEBUG    | src.parser | Found 107 same-domain link(s)
2026-06-27 09:18:24,462 | INFO     | src.crawler | [10/60] depth 1: https://rumbomundo.com/sightseeing-in-iceland-without-a-car
2026-06-27 09:18:24,462 | INFO     | src.fetcher | Requesting https://rumbomundo.com/sightseeing-in-iceland-without-a-car
2026-06-27 09:18:24,956 | DEBUG    | src.fetcher | Response 200 in 0.49s (102096 bytes, final URL: https://rumbomundo.com/sightseeing-in-iceland-without-a-car/)
2026-06-27 09:18:24,967 | DEBUG    | src.parser | Removed 24 noise tag(s)
2026-06-27 09:18:24,968 | DEBUG    | src.parser | Content root: <article>
2026-06-27 09:18:24,971 | INFO     | src.parser | Parsed content: 10789 characters
2026-06-27 09:18:24,977 | DEBUG    | src.parser | Found 78 same-domain link(s)
2026-06-27 09:18:25,483 | INFO     | src.crawler | [11/60] depth 1: https://rumbomundo.com/laugavegur-icelands-most-beautiful-trail
2026-06-27 09:18:25,483 | INFO     | src.fetcher | Requesting https://rumbomundo.com/laugavegur-icelands-most-beautiful-trail
2026-06-27 09:18:25,966 | DEBUG    | src.fetcher | Response 200 in 0.48s (154159 bytes, final URL: https://rumbomundo.com/laugavegur-icelands-most-beautiful-trail/)
2026-06-27 09:18:25,978 | DEBUG    | src.parser | Removed 25 noise tag(s)
2026-06-27 09:18:25,978 | DEBUG    | src.parser | Content root: <article>
2026-06-27 09:18:25,990 | INFO     | src.parser | Parsed content: 46919 characters
2026-06-27 09:18:25,998 | DEBUG    | src.parser | Found 108 same-domain link(s)
2026-06-27 09:18:26,503 | INFO     | src.crawler | [12/60] depth 1: https://rumbomundo.com/fimmvorduhals-a-trail-of-20-waterfalls-and-more
2026-06-27 09:18:26,503 | INFO     | src.fetcher | Requesting https://rumbomundo.com/fimmvorduhals-a-trail-of-20-waterfalls-and-more
2026-06-27 09:18:27,029 | DEBUG    | src.fetcher | Response 200 in 0.53s (123189 bytes, final URL: https://rumbomundo.com/fimmvorduhals-a-trail-of-20-waterfalls-and-more/)
2026-06-27 09:18:27,047 | DEBUG    | src.parser | Removed 24 noise tag(s)
2026-06-27 09:18:27,047 | DEBUG    | src.parser | Content root: <article>
2026-06-27 09:18:27,055 | INFO     | src.parser | Parsed content: 24583 characters
2026-06-27 09:18:27,061 | DEBUG    | src.parser | Found 99 same-domain link(s)
2026-06-27 09:18:27,565 | INFO     | src.crawler | [13/60] depth 1: https://rumbomundo.com/hellismannaleid-a-trail-through-truly-wild-iceland
2026-06-27 09:18:27,565 | INFO     | src.fetcher | Requesting https://rumbomundo.com/hellismannaleid-a-trail-through-truly-wild-iceland
2026-06-27 09:18:28,037 | DEBUG    | src.fetcher | Response 200 in 0.47s (121474 bytes, final URL: https://rumbomundo.com/hellismannaleid-a-trail-through-truly-wild-iceland/)
2026-06-27 09:18:28,049 | DEBUG    | src.parser | Removed 24 noise tag(s)
2026-06-27 09:18:28,049 | DEBUG    | src.parser | Content root: <article>
2026-06-27 09:18:28,055 | INFO     | src.parser | Parsed content: 24590 characters
2026-06-27 09:18:28,063 | DEBUG    | src.parser | Found 92 same-domain link(s)
2026-06-27 09:18:28,564 | INFO     | src.crawler | [14/60] depth 1: https://rumbomundo.com/how-to-prepare-for-a-hiking-trip-in-iceland
2026-06-27 09:18:28,564 | INFO     | src.fetcher | Requesting https://rumbomundo.com/how-to-prepare-for-a-hiking-trip-in-iceland
2026-06-27 09:18:29,034 | DEBUG    | src.fetcher | Response 200 in 0.47s (153036 bytes, final URL: https://rumbomundo.com/how-to-prepare-for-a-hiking-trip-in-iceland/)
2026-06-27 09:18:29,046 | DEBUG    | src.parser | Removed 24 noise tag(s)
2026-06-27 09:18:29,047 | DEBUG    | src.parser | Content root: <article>
2026-06-27 09:18:29,056 | INFO     | src.parser | Parsed content: 48330 characters
2026-06-27 09:18:29,063 | DEBUG    | src.parser | Found 116 same-domain link(s)
2026-06-27 09:18:29,568 | INFO     | src.crawler | [15/60] depth 1: https://rumbomundo.com/top-10-things-in-iceland
2026-06-27 09:18:29,568 | INFO     | src.fetcher | Requesting https://rumbomundo.com/top-10-things-in-iceland
2026-06-27 09:18:30,051 | DEBUG    | src.fetcher | Response 200 in 0.48s (134648 bytes, final URL: https://rumbomundo.com/top-10-things-in-iceland/)
2026-06-27 09:18:30,062 | DEBUG    | src.parser | Removed 25 noise tag(s)
2026-06-27 09:18:30,062 | DEBUG    | src.parser | Content root: <article>
2026-06-27 09:18:30,079 | INFO     | src.parser | Parsed content: 25761 characters
2026-06-27 09:18:30,088 | DEBUG    | src.parser | Found 116 same-domain link(s)
2026-06-27 09:18:30,591 | INFO     | src.crawler | [16/60] depth 1: https://rumbomundo.com/top-10-attractions-on-iceland-route-1-10-extras-nearby
2026-06-27 09:18:30,591 | INFO     | src.fetcher | Requesting https://rumbomundo.com/top-10-attractions-on-iceland-route-1-10-extras-nearby
2026-06-27 09:18:31,052 | DEBUG    | src.fetcher | Response 200 in 0.46s (128267 bytes, final URL: https://rumbomundo.com/top-10-attractions-on-iceland-route-1-10-extras-nearby/)
2026-06-27 09:18:31,064 | DEBUG    | src.parser | Removed 25 noise tag(s)
2026-06-27 09:18:31,064 | DEBUG    | src.parser | Content root: <article>
2026-06-27 09:18:31,071 | INFO     | src.parser | Parsed content: 22251 characters
2026-06-27 09:18:31,078 | DEBUG    | src.parser | Found 126 same-domain link(s)
2026-06-27 09:18:31,581 | INFO     | src.crawler | [17/60] depth 1: https://rumbomundo.com/top-10-things-to-see-on-the-iceland-golden-circle-route
2026-06-27 09:18:31,581 | INFO     | src.fetcher | Requesting https://rumbomundo.com/top-10-things-to-see-on-the-iceland-golden-circle-route
2026-06-27 09:18:32,022 | DEBUG    | src.fetcher | Response 200 in 0.44s (125768 bytes, final URL: https://rumbomundo.com/top-10-things-to-see-on-the-iceland-golden-circle-route/)
2026-06-27 09:18:32,039 | DEBUG    | src.parser | Removed 25 noise tag(s)
2026-06-27 09:18:32,040 | DEBUG    | src.parser | Content root: <article>
2026-06-27 09:18:32,052 | INFO     | src.parser | Parsed content: 21129 characters
2026-06-27 09:18:32,063 | DEBUG    | src.parser | Found 107 same-domain link(s)
2026-06-27 09:18:32,568 | INFO     | src.crawler | [18/60] depth 1: https://rumbomundo.com/top-10-places-to-see-in-the-icelandic-interior
2026-06-27 09:18:32,569 | INFO     | src.fetcher | Requesting https://rumbomundo.com/top-10-places-to-see-in-the-icelandic-interior
2026-06-27 09:18:33,001 | DEBUG    | src.fetcher | Response 200 in 0.43s (127407 bytes, final URL: https://rumbomundo.com/top-10-places-to-see-in-the-icelandic-interior/)
2026-06-27 09:18:33,013 | DEBUG    | src.parser | Removed 26 noise tag(s)
2026-06-27 09:18:33,014 | DEBUG    | src.parser | Content root: <article>
2026-06-27 09:18:33,022 | INFO     | src.parser | Parsed content: 23943 characters
2026-06-27 09:18:33,032 | DEBUG    | src.parser | Found 113 same-domain link(s)
2026-06-27 09:18:33,537 | INFO     | src.crawler | [19/60] depth 1: https://rumbomundo.com/all-the-hot-pools-spas-and-swimming-pools-of-iceland-a-complete-guide-with-a-top-10-list
2026-06-27 09:18:33,538 | INFO     | src.fetcher | Requesting https://rumbomundo.com/all-the-hot-pools-spas-and-swimming-pools-of-iceland-a-complete-guide-with-a-top-10-list
2026-06-27 09:18:34,005 | DEBUG    | src.fetcher | Response 200 in 0.47s (124820 bytes, final URL: https://rumbomundo.com/all-the-hot-pools-spas-and-swimming-pools-of-iceland-a-complete-guide-with-a-top-10-list/)
2026-06-27 09:18:34,022 | DEBUG    | src.parser | Removed 25 noise tag(s)
2026-06-27 09:18:34,023 | DEBUG    | src.parser | Content root: <article>
2026-06-27 09:18:34,036 | INFO     | src.parser | Parsed content: 20472 characters
2026-06-27 09:18:34,047 | DEBUG    | src.parser | Found 109 same-domain link(s)
2026-06-27 09:18:34,550 | INFO     | src.crawler | [20/60] depth 1: https://rumbomundo.com/top-10-iceland-beaches
2026-06-27 09:18:34,550 | INFO     | src.fetcher | Requesting https://rumbomundo.com/top-10-iceland-beaches
2026-06-27 09:18:34,996 | DEBUG    | src.fetcher | Response 200 in 0.45s (100581 bytes, final URL: https://rumbomundo.com/top-10-iceland-beaches/)
2026-06-27 09:18:35,005 | DEBUG    | src.parser | Removed 24 noise tag(s)
2026-06-27 09:18:35,006 | DEBUG    | src.parser | Content root: <article>
2026-06-27 09:18:35,010 | INFO     | src.parser | Parsed content: 12166 characters
2026-06-27 09:18:35,018 | DEBUG    | src.parser | Found 89 same-domain link(s)
2026-06-27 09:18:35,523 | INFO     | src.crawler | [21/60] depth 1: https://rumbomundo.com/top-10-icelands-volcanoes
2026-06-27 09:18:35,524 | INFO     | src.fetcher | Requesting https://rumbomundo.com/top-10-icelands-volcanoes
2026-06-27 09:18:35,994 | DEBUG    | src.fetcher | Response 200 in 0.47s (123316 bytes, final URL: https://rumbomundo.com/top-10-icelands-volcanoes/)
2026-06-27 09:18:36,010 | DEBUG    | src.parser | Removed 25 noise tag(s)
2026-06-27 09:18:36,010 | DEBUG    | src.parser | Content root: <article>
2026-06-27 09:18:36,022 | INFO     | src.parser | Parsed content: 23471 characters
2026-06-27 09:18:36,031 | DEBUG    | src.parser | Found 112 same-domain link(s)
2026-06-27 09:18:36,536 | INFO     | src.crawler | [22/60] depth 1: https://rumbomundo.com/top-10-places-in-iceland-off-the-beaten-track
2026-06-27 09:18:36,537 | INFO     | src.fetcher | Requesting https://rumbomundo.com/top-10-places-in-iceland-off-the-beaten-track
2026-06-27 09:18:37,087 | DEBUG    | src.fetcher | Response 200 in 0.55s (108993 bytes, final URL: https://rumbomundo.com/top-10-places-in-iceland-off-the-beaten-track/)
2026-06-27 09:18:37,101 | DEBUG    | src.parser | Removed 24 noise tag(s)
2026-06-27 09:18:37,101 | DEBUG    | src.parser | Content root: <article>
2026-06-27 09:18:37,106 | INFO     | src.parser | Parsed content: 17679 characters
2026-06-27 09:18:37,121 | DEBUG    | src.parser | Found 106 same-domain link(s)
2026-06-27 09:18:37,622 | INFO     | src.crawler | [23/60] depth 1: https://rumbomundo.com/top-10-most-beautiful-canyons-of-iceland
2026-06-27 09:18:37,622 | INFO     | src.fetcher | Requesting https://rumbomundo.com/top-10-most-beautiful-canyons-of-iceland
2026-06-27 09:18:38,068 | DEBUG    | src.fetcher | Response 200 in 0.45s (107532 bytes, final URL: https://rumbomundo.com/top-10-most-beautiful-canyons-of-iceland/)
2026-06-27 09:18:38,080 | DEBUG    | src.parser | Removed 25 noise tag(s)
2026-06-27 09:18:38,080 | DEBUG    | src.parser | Content root: <article>
2026-06-27 09:18:38,088 | INFO     | src.parser | Parsed content: 15274 characters
2026-06-27 09:18:38,095 | DEBUG    | src.parser | Found 96 same-domain link(s)
2026-06-27 09:18:38,599 | INFO     | src.crawler | [24/60] depth 1: https://rumbomundo.com/top-10-most-spectacular-waterfalls-in-iceland-extras
2026-06-27 09:18:38,599 | INFO     | src.fetcher | Requesting https://rumbomundo.com/top-10-most-spectacular-waterfalls-in-iceland-extras
2026-06-27 09:18:39,038 | DEBUG    | src.fetcher | Response 200 in 0.44s (121242 bytes, final URL: https://rumbomundo.com/top-10-most-spectacular-waterfalls-in-iceland-extras/)
2026-06-27 09:18:39,049 | DEBUG    | src.parser | Removed 25 noise tag(s)
2026-06-27 09:18:39,049 | DEBUG    | src.parser | Content root: <article>
2026-06-27 09:18:39,056 | INFO     | src.parser | Parsed content: 22208 characters
2026-06-27 09:18:39,065 | DEBUG    | src.parser | Found 107 same-domain link(s)
2026-06-27 09:18:39,568 | INFO     | src.crawler | [25/60] depth 1: https://rumbomundo.com/top-5-places-for-wildlife-spotting-in-iceland
2026-06-27 09:18:39,568 | INFO     | src.fetcher | Requesting https://rumbomundo.com/top-5-places-for-wildlife-spotting-in-iceland
2026-06-27 09:18:40,023 | DEBUG    | src.fetcher | Response 200 in 0.45s (94278 bytes, final URL: https://rumbomundo.com/top-5-places-for-wildlife-spotting-in-iceland/)
2026-06-27 09:18:40,032 | DEBUG    | src.parser | Removed 24 noise tag(s)
2026-06-27 09:18:40,032 | DEBUG    | src.parser | Content root: <article>
2026-06-27 09:18:40,034 | INFO     | src.parser | Parsed content: 8515 characters
2026-06-27 09:18:40,038 | DEBUG    | src.parser | Found 85 same-domain link(s)
2026-06-27 09:18:40,541 | INFO     | src.crawler | [26/60] depth 1: https://rumbomundo.com/iceland-for-foodies-whats-worth-trying-and-where
2026-06-27 09:18:40,541 | INFO     | src.fetcher | Requesting https://rumbomundo.com/iceland-for-foodies-whats-worth-trying-and-where
2026-06-27 09:18:41,053 | DEBUG    | src.fetcher | Response 200 in 0.51s (158591 bytes, final URL: https://rumbomundo.com/iceland-for-foodies-whats-worth-trying-and-where/)
2026-06-27 09:18:41,066 | DEBUG    | src.parser | Removed 26 noise tag(s)
2026-06-27 09:18:41,066 | DEBUG    | src.parser | Content root: <article>
2026-06-27 09:18:41,081 | INFO     | src.parser | Parsed content: 31512 characters
2026-06-27 09:18:41,090 | DEBUG    | src.parser | Found 117 same-domain link(s)
2026-06-27 09:18:41,590 | INFO     | src.crawler | [27/60] depth 1: https://rumbomundo.com/sightseeing-reykjavik
2026-06-27 09:18:41,590 | INFO     | src.fetcher | Requesting https://rumbomundo.com/sightseeing-reykjavik
2026-06-27 09:18:42,070 | DEBUG    | src.fetcher | Response 200 in 0.48s (149260 bytes, final URL: https://rumbomundo.com/sightseeing-reykjavik/)
2026-06-27 09:18:42,089 | DEBUG    | src.parser | Removed 25 noise tag(s)
2026-06-27 09:18:42,089 | DEBUG    | src.parser | Content root: <article>
2026-06-27 09:18:42,106 | INFO     | src.parser | Parsed content: 38573 characters
2026-06-27 09:18:42,116 | DEBUG    | src.parser | Found 114 same-domain link(s)
2026-06-27 09:18:42,621 | INFO     | src.crawler | [28/60] depth 1: https://rumbomundo.com/reykjavik-weather-transport-accommodation
2026-06-27 09:18:42,621 | INFO     | src.fetcher | Requesting https://rumbomundo.com/reykjavik-weather-transport-accommodation
2026-06-27 09:18:43,117 | DEBUG    | src.fetcher | Response 200 in 0.50s (128863 bytes, final URL: https://rumbomundo.com/reykjavik-weather-transport-accommodation/)
2026-06-27 09:18:43,128 | DEBUG    | src.parser | Removed 27 noise tag(s)
2026-06-27 09:18:43,128 | DEBUG    | src.parser | Content root: <article>
2026-06-27 09:18:43,136 | INFO     | src.parser | Parsed content: 26850 characters
2026-06-27 09:18:43,143 | DEBUG    | src.parser | Found 92 same-domain link(s)
2026-06-27 09:18:43,648 | INFO     | src.crawler | [29/60] depth 1: https://rumbomundo.com/top-exhibitions-to-see-in-reykjavik
2026-06-27 09:18:43,648 | INFO     | src.fetcher | Requesting https://rumbomundo.com/top-exhibitions-to-see-in-reykjavik
2026-06-27 09:18:44,143 | DEBUG    | src.fetcher | Response 200 in 0.50s (109745 bytes, final URL: https://rumbomundo.com/top-exhibitions-to-see-in-reykjavik/)
2026-06-27 09:18:44,165 | DEBUG    | src.parser | Removed 25 noise tag(s)
2026-06-27 09:18:44,166 | DEBUG    | src.parser | Content root: <article>
2026-06-27 09:18:44,174 | INFO     | src.parser | Parsed content: 20183 characters
2026-06-27 09:18:44,182 | DEBUG    | src.parser | Found 78 same-domain link(s)
2026-06-27 09:18:44,687 | INFO     | src.crawler | [30/60] depth 1: https://rumbomundo.com/top-museums-to-visit-in-reykjavik
2026-06-27 09:18:44,687 | INFO     | src.fetcher | Requesting https://rumbomundo.com/top-museums-to-visit-in-reykjavik
2026-06-27 09:18:45,144 | DEBUG    | src.fetcher | Response 200 in 0.46s (125552 bytes, final URL: https://rumbomundo.com/top-museums-to-visit-in-reykjavik/)
2026-06-27 09:18:45,156 | DEBUG    | src.parser | Removed 25 noise tag(s)
2026-06-27 09:18:45,156 | DEBUG    | src.parser | Content root: <article>
2026-06-27 09:18:45,165 | INFO     | src.parser | Parsed content: 30830 characters
2026-06-27 09:18:45,171 | DEBUG    | src.parser | Found 91 same-domain link(s)
2026-06-27 09:18:45,677 | INFO     | src.crawler | [31/60] depth 1: https://rumbomundo.com/hot-pools-in-reykjavik
2026-06-27 09:18:45,677 | INFO     | src.fetcher | Requesting https://rumbomundo.com/hot-pools-in-reykjavik
2026-06-27 09:18:46,142 | DEBUG    | src.fetcher | Response 200 in 0.47s (114525 bytes, final URL: https://rumbomundo.com/hot-pools-in-reykjavik/)
2026-06-27 09:18:46,159 | DEBUG    | src.parser | Removed 25 noise tag(s)
2026-06-27 09:18:46,160 | DEBUG    | src.parser | Content root: <article>
2026-06-27 09:18:46,171 | INFO     | src.parser | Parsed content: 16285 characters
2026-06-27 09:18:46,180 | DEBUG    | src.parser | Found 81 same-domain link(s)
2026-06-27 09:18:46,680 | INFO     | src.crawler | [32/60] depth 1: https://rumbomundo.com/whale-watching-in-iceland-all-you-need-to-know-complete-guide
2026-06-27 09:18:46,681 | INFO     | src.fetcher | Requesting https://rumbomundo.com/whale-watching-in-iceland-all-you-need-to-know-complete-guide
2026-06-27 09:18:47,156 | DEBUG    | src.fetcher | Response 200 in 0.48s (134505 bytes, final URL: https://rumbomundo.com/whale-watching-in-iceland-all-you-need-to-know-complete-guide/)
2026-06-27 09:18:47,169 | DEBUG    | src.parser | Removed 26 noise tag(s)
2026-06-27 09:18:47,169 | DEBUG    | src.parser | Content root: <article>
2026-06-27 09:18:47,181 | INFO     | src.parser | Parsed content: 26355 characters
2026-06-27 09:18:47,188 | DEBUG    | src.parser | Found 87 same-domain link(s)
2026-06-27 09:18:47,694 | INFO     | src.crawler | [33/60] depth 1: https://rumbomundo.com/what-whale-species-can-you-see-in-iceland
2026-06-27 09:18:47,694 | INFO     | src.fetcher | Requesting https://rumbomundo.com/what-whale-species-can-you-see-in-iceland
2026-06-27 09:18:48,519 | DEBUG    | src.fetcher | Response 200 in 0.82s (112560 bytes, final URL: https://rumbomundo.com/what-whale-species-can-you-see-in-iceland/)
2026-06-27 09:18:48,536 | DEBUG    | src.parser | Removed 24 noise tag(s)
2026-06-27 09:18:48,537 | DEBUG    | src.parser | Content root: <article>
2026-06-27 09:18:48,545 | INFO     | src.parser | Parsed content: 22318 characters
2026-06-27 09:18:48,553 | DEBUG    | src.parser | Found 79 same-domain link(s)
2026-06-27 09:18:49,058 | INFO     | src.crawler | [34/60] depth 1: https://rumbomundo.com/information-and-trivia-about-icelandic-whales
2026-06-27 09:18:49,059 | INFO     | src.fetcher | Requesting https://rumbomundo.com/information-and-trivia-about-icelandic-whales
2026-06-27 09:18:49,647 | DEBUG    | src.fetcher | Response 200 in 0.59s (107455 bytes, final URL: https://rumbomundo.com/information-and-trivia-about-icelandic-whales/)
2026-06-27 09:18:49,658 | DEBUG    | src.parser | Removed 24 noise tag(s)
2026-06-27 09:18:49,658 | DEBUG    | src.parser | Content root: <article>
2026-06-27 09:18:49,663 | INFO     | src.parser | Parsed content: 17601 characters
2026-06-27 09:18:49,668 | DEBUG    | src.parser | Found 75 same-domain link(s)
2026-06-27 09:18:50,174 | INFO     | src.crawler | [35/60] depth 1: https://rumbomundo.com/hunting-aurora-in-iceland-complete-guide
2026-06-27 09:18:50,174 | INFO     | src.fetcher | Requesting https://rumbomundo.com/hunting-aurora-in-iceland-complete-guide
2026-06-27 09:18:50,656 | DEBUG    | src.fetcher | Response 200 in 0.48s (146435 bytes, final URL: https://rumbomundo.com/hunting-aurora-in-iceland-complete-guide/)
2026-06-27 09:18:50,666 | DEBUG    | src.parser | Removed 25 noise tag(s)
2026-06-27 09:18:50,666 | DEBUG    | src.parser | Content root: <article>
2026-06-27 09:18:50,678 | INFO     | src.parser | Parsed content: 40009 characters
2026-06-27 09:18:50,689 | DEBUG    | src.parser | Found 91 same-domain link(s)
2026-06-27 09:18:51,191 | INFO     | src.crawler | [36/60] depth 1: https://rumbomundo.com/aurora-borealis-a-scientific-perspective
2026-06-27 09:18:51,191 | INFO     | src.fetcher | Requesting https://rumbomundo.com/aurora-borealis-a-scientific-perspective
2026-06-27 09:18:51,661 | DEBUG    | src.fetcher | Response 200 in 0.47s (120696 bytes, final URL: https://rumbomundo.com/aurora-borealis-a-scientific-perspective/)
2026-06-27 09:18:51,677 | DEBUG    | src.parser | Removed 26 noise tag(s)
2026-06-27 09:18:51,678 | DEBUG    | src.parser | Content root: <article>
2026-06-27 09:18:51,688 | INFO     | src.parser | Parsed content: 26241 characters
2026-06-27 09:18:51,698 | DEBUG    | src.parser | Found 75 same-domain link(s)
2026-06-27 09:18:52,203 | INFO     | src.crawler | [37/60] depth 1: https://rumbomundo.com/ice-caves-icelandic-natural-marvels
2026-06-27 09:18:52,203 | INFO     | src.fetcher | Requesting https://rumbomundo.com/ice-caves-icelandic-natural-marvels
2026-06-27 09:18:52,800 | DEBUG    | src.fetcher | Response 200 in 0.60s (137835 bytes, final URL: https://rumbomundo.com/ice-caves-icelandic-natural-marvels/)
2026-06-27 09:18:52,807 | DEBUG    | src.parser | Removed 26 noise tag(s)
2026-06-27 09:18:52,808 | DEBUG    | src.parser | Content root: <article>
2026-06-27 09:18:52,817 | INFO     | src.parser | Parsed content: 25904 characters
2026-06-27 09:18:52,825 | DEBUG    | src.parser | Found 99 same-domain link(s)
2026-06-27 09:18:53,330 | INFO     | src.crawler | [38/60] depth 1: https://rumbomundo.com/iceland-faq
2026-06-27 09:18:53,330 | INFO     | src.fetcher | Requesting https://rumbomundo.com/iceland-faq
2026-06-27 09:18:53,829 | DEBUG    | src.fetcher | Response 200 in 0.50s (164640 bytes, final URL: https://rumbomundo.com/iceland-faq/)
2026-06-27 09:18:53,836 | DEBUG    | src.parser | Removed 25 noise tag(s)
2026-06-27 09:18:53,837 | DEBUG    | src.parser | Content root: <article>
2026-06-27 09:18:53,849 | INFO     | src.parser | Parsed content: 36591 characters
2026-06-27 09:18:53,859 | DEBUG    | src.parser | Found 78 same-domain link(s)
2026-06-27 09:18:54,362 | INFO     | src.crawler | [39/60] depth 1: https://rumbomundo.com/weather-in-iceland-temperature-wind-precipitation
2026-06-27 09:18:54,362 | INFO     | src.fetcher | Requesting https://rumbomundo.com/weather-in-iceland-temperature-wind-precipitation
2026-06-27 09:18:54,910 | DEBUG    | src.fetcher | Response 200 in 0.55s (263789 bytes, final URL: https://rumbomundo.com/weather-in-iceland-temperature-wind-precipitation/)
2026-06-27 09:18:54,922 | DEBUG    | src.parser | Removed 28 noise tag(s)
2026-06-27 09:18:54,922 | DEBUG    | src.parser | Content root: <article>
2026-06-27 09:18:54,940 | INFO     | src.parser | Parsed content: 77653 characters
2026-06-27 09:18:54,950 | DEBUG    | src.parser | Found 122 same-domain link(s)
2026-06-27 09:18:55,455 | INFO     | src.crawler | [40/60] depth 1: https://rumbomundo.com/specifics-of-weather-in-icelands-regions
2026-06-27 09:18:55,455 | INFO     | src.fetcher | Requesting https://rumbomundo.com/specifics-of-weather-in-icelands-regions
2026-06-27 09:18:56,095 | DEBUG    | src.fetcher | Response 200 in 0.64s (149543 bytes, final URL: https://rumbomundo.com/specifics-of-weather-in-icelands-regions/)
2026-06-27 09:18:56,107 | DEBUG    | src.parser | Removed 28 noise tag(s)
2026-06-27 09:18:56,107 | DEBUG    | src.parser | Content root: <article>
2026-06-27 09:18:56,114 | INFO     | src.parser | Parsed content: 25055 characters
2026-06-27 09:18:56,121 | DEBUG    | src.parser | Found 94 same-domain link(s)
2026-06-27 09:18:56,626 | INFO     | src.crawler | [41/60] depth 1: https://rumbomundo.com/climate-change-in-iceland
2026-06-27 09:18:56,626 | INFO     | src.fetcher | Requesting https://rumbomundo.com/climate-change-in-iceland
2026-06-27 09:18:57,160 | DEBUG    | src.fetcher | Response 200 in 0.53s (97300 bytes, final URL: https://rumbomundo.com/climate-change-in-iceland/)
2026-06-27 09:18:57,172 | DEBUG    | src.parser | Removed 28 noise tag(s)
2026-06-27 09:18:57,172 | DEBUG    | src.parser | Content root: <article>
2026-06-27 09:18:57,174 | INFO     | src.parser | Parsed content: 4265 characters
2026-06-27 09:18:57,181 | DEBUG    | src.parser | Found 72 same-domain link(s)
2026-06-27 09:18:57,686 | INFO     | src.crawler | [42/60] depth 1: https://rumbomundo.com/prices-in-iceland-how-much-is-food-fuel-tours
2026-06-27 09:18:57,686 | INFO     | src.fetcher | Requesting https://rumbomundo.com/prices-in-iceland-how-much-is-food-fuel-tours
2026-06-27 09:18:58,224 | DEBUG    | src.fetcher | Response 200 in 0.54s (173040 bytes, final URL: https://rumbomundo.com/prices-in-iceland-how-much-is-food-fuel-tours/)
2026-06-27 09:18:58,235 | DEBUG    | src.parser | Removed 27 noise tag(s)
2026-06-27 09:18:58,236 | DEBUG    | src.parser | Content root: <article>
2026-06-27 09:18:58,252 | INFO     | src.parser | Parsed content: 41687 characters
2026-06-27 09:18:58,262 | DEBUG    | src.parser | Found 117 same-domain link(s)
2026-06-27 09:18:58,768 | INFO     | src.crawler | [43/60] depth 1: https://rumbomundo.com/grocery-shopping-in-iceland-prices-and-store-opening-hours
2026-06-27 09:18:58,768 | INFO     | src.fetcher | Requesting https://rumbomundo.com/grocery-shopping-in-iceland-prices-and-store-opening-hours
2026-06-27 09:18:59,223 | DEBUG    | src.fetcher | Response 200 in 0.46s (144536 bytes, final URL: https://rumbomundo.com/grocery-shopping-in-iceland-prices-and-store-opening-hours/)
2026-06-27 09:18:59,237 | DEBUG    | src.parser | Removed 26 noise tag(s)
2026-06-27 09:18:59,238 | DEBUG    | src.parser | Content root: <article>
2026-06-27 09:18:59,257 | INFO     | src.parser | Parsed content: 28820 characters
2026-06-27 09:18:59,273 | DEBUG    | src.parser | Found 72 same-domain link(s)
2026-06-27 09:18:59,778 | INFO     | src.crawler | [44/60] depth 1: https://rumbomundo.com/self-catering-in-iceland-all-you-need-to-know
2026-06-27 09:18:59,778 | INFO     | src.fetcher | Requesting https://rumbomundo.com/self-catering-in-iceland-all-you-need-to-know
2026-06-27 09:19:00,208 | DEBUG    | src.fetcher | Response 200 in 0.43s (105187 bytes, final URL: https://rumbomundo.com/self-catering-in-iceland-all-you-need-to-know/)
2026-06-27 09:19:00,217 | DEBUG    | src.parser | Removed 24 noise tag(s)
2026-06-27 09:19:00,217 | DEBUG    | src.parser | Content root: <article>
2026-06-27 09:19:00,221 | INFO     | src.parser | Parsed content: 17306 characters
2026-06-27 09:19:00,227 | DEBUG    | src.parser | Found 70 same-domain link(s)
2026-06-27 09:19:00,729 | INFO     | src.crawler | [45/60] depth 1: https://rumbomundo.com/renting-a-car-in-iceland-a-complete-guide
2026-06-27 09:19:00,729 | INFO     | src.fetcher | Requesting https://rumbomundo.com/renting-a-car-in-iceland-a-complete-guide
2026-06-27 09:19:01,248 | DEBUG    | src.fetcher | Response 200 in 0.52s (157608 bytes, final URL: https://rumbomundo.com/renting-a-car-in-iceland-a-complete-guide/)
2026-06-27 09:19:01,260 | DEBUG    | src.parser | Removed 27 noise tag(s)
2026-06-27 09:19:01,260 | DEBUG    | src.parser | Content root: <article>
2026-06-27 09:19:01,278 | INFO     | src.parser | Parsed content: 40439 characters
2026-06-27 09:19:01,289 | DEBUG    | src.parser | Found 92 same-domain link(s)
2026-06-27 09:19:01,793 | INFO     | src.crawler | [46/60] depth 1: https://rumbomundo.com/renting-an-rv-in-iceland
2026-06-27 09:19:01,793 | INFO     | src.fetcher | Requesting https://rumbomundo.com/renting-an-rv-in-iceland
2026-06-27 09:19:02,304 | DEBUG    | src.fetcher | Response 200 in 0.51s (118833 bytes, final URL: https://rumbomundo.com/renting-an-rv-in-iceland/)
2026-06-27 09:19:02,315 | DEBUG    | src.parser | Removed 28 noise tag(s)
2026-06-27 09:19:02,316 | DEBUG    | src.parser | Content root: <article>
2026-06-27 09:19:02,323 | INFO     | src.parser | Parsed content: 24316 characters
2026-06-27 09:19:02,330 | DEBUG    | src.parser | Found 75 same-domain link(s)
2026-06-27 09:19:02,835 | INFO     | src.crawler | [47/60] depth 1: https://rumbomundo.com/car-insurance-in-iceland
2026-06-27 09:19:02,835 | INFO     | src.fetcher | Requesting https://rumbomundo.com/car-insurance-in-iceland
2026-06-27 09:19:03,288 | DEBUG    | src.fetcher | Response 200 in 0.45s (114054 bytes, final URL: https://rumbomundo.com/car-insurance-in-iceland/)
2026-06-27 09:19:03,296 | DEBUG    | src.parser | Removed 24 noise tag(s)
2026-06-27 09:19:03,297 | DEBUG    | src.parser | Content root: <article>
2026-06-27 09:19:03,305 | INFO     | src.parser | Parsed content: 25137 characters
2026-06-27 09:19:03,312 | DEBUG    | src.parser | Found 78 same-domain link(s)
2026-06-27 09:19:03,813 | INFO     | src.crawler | [48/60] depth 1: https://rumbomundo.com/road-conditions-regulations-and-fines-in-iceland
2026-06-27 09:19:03,814 | INFO     | src.fetcher | Requesting https://rumbomundo.com/road-conditions-regulations-and-fines-in-iceland
2026-06-27 09:19:04,304 | DEBUG    | src.fetcher | Response 200 in 0.49s (109488 bytes, final URL: https://rumbomundo.com/road-conditions-regulations-and-fines-in-iceland/)
2026-06-27 09:19:04,316 | DEBUG    | src.parser | Removed 25 noise tag(s)
2026-06-27 09:19:04,316 | DEBUG    | src.parser | Content root: <article>
2026-06-27 09:19:04,322 | INFO     | src.parser | Parsed content: 18857 characters
2026-06-27 09:19:04,329 | DEBUG    | src.parser | Found 82 same-domain link(s)
2026-06-27 09:19:04,833 | INFO     | src.crawler | [49/60] depth 1: https://rumbomundo.com/the-most-important-roads-in-iceland
2026-06-27 09:19:04,833 | INFO     | src.fetcher | Requesting https://rumbomundo.com/the-most-important-roads-in-iceland
2026-06-27 09:19:05,353 | DEBUG    | src.fetcher | Response 200 in 0.52s (136159 bytes, final URL: https://rumbomundo.com/the-most-important-roads-in-iceland/)
2026-06-27 09:19:05,361 | DEBUG    | src.parser | Removed 24 noise tag(s)
2026-06-27 09:19:05,361 | DEBUG    | src.parser | Content root: <article>
2026-06-27 09:19:05,373 | INFO     | src.parser | Parsed content: 33616 characters
2026-06-27 09:19:05,379 | DEBUG    | src.parser | Found 134 same-domain link(s)
2026-06-27 09:19:05,880 | INFO     | src.crawler | [50/60] depth 1: https://rumbomundo.com/how-iceland-formed-its-geology-in-a-nutshell
2026-06-27 09:19:05,880 | INFO     | src.fetcher | Requesting https://rumbomundo.com/how-iceland-formed-its-geology-in-a-nutshell
2026-06-27 09:19:06,364 | DEBUG    | src.fetcher | Response 200 in 0.48s (108487 bytes, final URL: https://rumbomundo.com/how-iceland-formed-its-geology-in-a-nutshell/)
2026-06-27 09:19:06,370 | DEBUG    | src.parser | Removed 24 noise tag(s)
2026-06-27 09:19:06,370 | DEBUG    | src.parser | Content root: <article>
2026-06-27 09:19:06,375 | INFO     | src.parser | Parsed content: 16552 characters
2026-06-27 09:19:06,383 | DEBUG    | src.parser | Found 83 same-domain link(s)
2026-06-27 09:19:06,883 | INFO     | src.crawler | [51/60] depth 1: https://rumbomundo.com/how-icelands-volcanoes-work
2026-06-27 09:19:06,883 | INFO     | src.fetcher | Requesting https://rumbomundo.com/how-icelands-volcanoes-work
2026-06-27 09:19:07,837 | DEBUG    | src.fetcher | Response 200 in 0.95s (124462 bytes, final URL: https://rumbomundo.com/how-icelands-volcanoes-work/)
2026-06-27 09:19:07,849 | DEBUG    | src.parser | Removed 24 noise tag(s)
2026-06-27 09:19:07,849 | DEBUG    | src.parser | Content root: <article>
2026-06-27 09:19:07,857 | INFO     | src.parser | Parsed content: 28446 characters
2026-06-27 09:19:07,864 | DEBUG    | src.parser | Found 102 same-domain link(s)
2026-06-27 09:19:08,365 | INFO     | src.crawler | [52/60] depth 1: https://rumbomundo.com/icelands-largest-volcanic-eruptions
2026-06-27 09:19:08,365 | INFO     | src.fetcher | Requesting https://rumbomundo.com/icelands-largest-volcanic-eruptions
2026-06-27 09:19:08,843 | DEBUG    | src.fetcher | Response 200 in 0.48s (122487 bytes, final URL: https://rumbomundo.com/icelands-largest-volcanic-eruptions/)
2026-06-27 09:19:08,860 | DEBUG    | src.parser | Removed 24 noise tag(s)
2026-06-27 09:19:08,860 | DEBUG    | src.parser | Content root: <article>
2026-06-27 09:19:08,873 | INFO     | src.parser | Parsed content: 29543 characters
2026-06-27 09:19:08,885 | DEBUG    | src.parser | Found 88 same-domain link(s)
2026-06-27 09:19:09,389 | INFO     | src.crawler | [53/60] depth 1: https://rumbomundo.com/stunning-effects-of-icelands-volcanism
2026-06-27 09:19:09,389 | INFO     | src.fetcher | Requesting https://rumbomundo.com/stunning-effects-of-icelands-volcanism
2026-06-27 09:19:09,825 | DEBUG    | src.fetcher | Response 200 in 0.44s (121631 bytes, final URL: https://rumbomundo.com/stunning-effects-of-icelands-volcanism/)
2026-06-27 09:19:09,836 | DEBUG    | src.parser | Removed 25 noise tag(s)
2026-06-27 09:19:09,836 | DEBUG    | src.parser | Content root: <article>
2026-06-27 09:19:09,844 | INFO     | src.parser | Parsed content: 23547 characters
2026-06-27 09:19:09,850 | DEBUG    | src.parser | Found 101 same-domain link(s)
2026-06-27 09:19:10,355 | INFO     | src.crawler | [54/60] depth 1: https://rumbomundo.com/geological-history-of-the-myvatn-region
2026-06-27 09:19:10,355 | INFO     | src.fetcher | Requesting https://rumbomundo.com/geological-history-of-the-myvatn-region
2026-06-27 09:19:10,797 | DEBUG    | src.fetcher | Response 200 in 0.44s (101749 bytes, final URL: https://rumbomundo.com/geological-history-of-the-myvatn-region/)
2026-06-27 09:19:10,807 | DEBUG    | src.parser | Removed 25 noise tag(s)
2026-06-27 09:19:10,807 | DEBUG    | src.parser | Content root: <article>
2026-06-27 09:19:10,811 | INFO     | src.parser | Parsed content: 11177 characters
2026-06-27 09:19:10,817 | DEBUG    | src.parser | Found 95 same-domain link(s)
2026-06-27 09:19:11,322 | INFO     | src.crawler | [55/60] depth 1: https://rumbomundo.com/icelands-latest-eruption-meradalir-2022
2026-06-27 09:19:11,323 | INFO     | src.fetcher | Requesting https://rumbomundo.com/icelands-latest-eruption-meradalir-2022
2026-06-27 09:19:11,775 | DEBUG    | src.fetcher | Response 200 in 0.45s (115259 bytes, final URL: https://rumbomundo.com/icelands-latest-eruption-meradalir-2022/)
2026-06-27 09:19:11,787 | DEBUG    | src.parser | Removed 26 noise tag(s)
2026-06-27 09:19:11,788 | DEBUG    | src.parser | Content root: <article>
2026-06-27 09:19:11,797 | INFO     | src.parser | Parsed content: 21900 characters
2026-06-27 09:19:11,805 | DEBUG    | src.parser | Found 86 same-domain link(s)
2026-06-27 09:19:12,310 | INFO     | src.crawler | [56/60] depth 1: https://rumbomundo.com/iceland
2026-06-27 09:19:12,310 | INFO     | src.fetcher | Requesting https://rumbomundo.com/iceland
2026-06-27 09:19:12,748 | DEBUG    | src.fetcher | Response 200 in 0.44s (86736 bytes, final URL: https://rumbomundo.com/iceland/)
2026-06-27 09:19:12,756 | DEBUG    | src.parser | Removed 24 noise tag(s)
2026-06-27 09:19:12,756 | DEBUG    | src.parser | Content root: <body>
2026-06-27 09:19:12,764 | INFO     | src.parser | Parsed content: 5794 characters
2026-06-27 09:19:12,784 | DEBUG    | src.parser | Found 77 same-domain link(s)
2026-06-27 09:19:13,289 | INFO     | src.crawler | [57/60] depth 1: https://rumbomundo.com/iceland/west-iceland
2026-06-27 09:19:13,289 | INFO     | src.fetcher | Requesting https://rumbomundo.com/iceland/west-iceland
2026-06-27 09:19:13,727 | DEBUG    | src.fetcher | Response 200 in 0.44s (87922 bytes, final URL: https://rumbomundo.com/iceland/west-iceland/)
2026-06-27 09:19:13,736 | DEBUG    | src.parser | Removed 24 noise tag(s)
2026-06-27 09:19:13,736 | DEBUG    | src.parser | Content root: <body>
2026-06-27 09:19:13,745 | INFO     | src.parser | Parsed content: 6441 characters
2026-06-27 09:19:13,750 | DEBUG    | src.parser | Found 79 same-domain link(s)
2026-06-27 09:19:14,255 | INFO     | src.crawler | [58/60] depth 1: https://rumbomundo.com/iceland/south-iceland
2026-06-27 09:19:14,255 | INFO     | src.fetcher | Requesting https://rumbomundo.com/iceland/south-iceland
2026-06-27 09:19:14,735 | DEBUG    | src.fetcher | Response 200 in 0.48s (87604 bytes, final URL: https://rumbomundo.com/iceland/south-iceland/)
2026-06-27 09:19:14,741 | DEBUG    | src.parser | Removed 24 noise tag(s)
2026-06-27 09:19:14,741 | DEBUG    | src.parser | Content root: <body>
2026-06-27 09:19:14,749 | INFO     | src.parser | Parsed content: 6020 characters
2026-06-27 09:19:14,755 | DEBUG    | src.parser | Found 82 same-domain link(s)
2026-06-27 09:19:15,259 | INFO     | src.crawler | [59/60] depth 1: https://rumbomundo.com/iceland/east-iceland
2026-06-27 09:19:15,259 | INFO     | src.fetcher | Requesting https://rumbomundo.com/iceland/east-iceland
2026-06-27 09:19:15,693 | DEBUG    | src.fetcher | Response 200 in 0.43s (80486 bytes, final URL: https://rumbomundo.com/iceland/east-iceland/)
2026-06-27 09:19:15,698 | DEBUG    | src.parser | Removed 24 noise tag(s)
2026-06-27 09:19:15,698 | DEBUG    | src.parser | Content root: <body>
2026-06-27 09:19:15,703 | INFO     | src.parser | Parsed content: 4218 characters
2026-06-27 09:19:15,708 | DEBUG    | src.parser | Found 73 same-domain link(s)
2026-06-27 09:19:16,213 | INFO     | src.crawler | [60/60] depth 1: https://rumbomundo.com/iceland/north-iceland
2026-06-27 09:19:16,213 | INFO     | src.fetcher | Requesting https://rumbomundo.com/iceland/north-iceland
2026-06-27 09:19:16,641 | DEBUG    | src.fetcher | Response 200 in 0.43s (87188 bytes, final URL: https://rumbomundo.com/iceland/north-iceland/)
2026-06-27 09:19:16,647 | DEBUG    | src.parser | Removed 24 noise tag(s)
2026-06-27 09:19:16,647 | DEBUG    | src.parser | Content root: <body>
2026-06-27 09:19:16,655 | INFO     | src.parser | Parsed content: 5810 characters
2026-06-27 09:19:16,664 | DEBUG    | src.parser | Found 80 same-domain link(s)
2026-06-27 09:19:16,664 | INFO     | src.crawler | Crawl finished: 60 page(s) fetched, 981 still queued (limit 60)
2026-06-27 09:19:16,667 | INFO     | __main__ | Saved 60 page(s) to /Users/adamdomachowski/Desktop/coding/page_fetcher/output/rumbomundo_com_crawl_2026-06-27.md
2026-06-27 09:20:49,319 | INFO     | src.crawler | [1/60] depth 0: https://rumbomundo.com
2026-06-27 09:20:49,319 | INFO     | src.fetcher | Requesting https://rumbomundo.com
2026-06-27 09:20:49,958 | DEBUG    | src.fetcher | Response 200 in 0.64s (108445 bytes, final URL: https://rumbomundo.com)
2026-06-27 09:20:49,976 | DEBUG    | src.parser | Removed 109 noise/banner element(s)
2026-06-27 09:20:49,976 | DEBUG    | src.parser | Images: 0 data-URI swapped to real src, 0 dropped
2026-06-27 09:20:49,977 | DEBUG    | src.parser | Content root: <body>
2026-06-27 09:20:49,991 | INFO     | src.parser | Parsed content: 5531 characters
2026-06-27 09:20:49,999 | DEBUG    | src.parser | Found 79 same-domain link(s)
2026-06-27 09:20:50,504 | INFO     | src.crawler | [2/60] depth 1: https://rumbomundo.com/iceland/travel-guides
2026-06-27 09:20:50,505 | INFO     | src.fetcher | Requesting https://rumbomundo.com/iceland/travel-guides
2026-06-27 09:20:50,925 | DEBUG    | src.fetcher | Response 200 in 0.42s (87193 bytes, final URL: https://rumbomundo.com/iceland/travel-guides/)
2026-06-27 09:20:50,935 | DEBUG    | src.parser | Removed 109 noise/banner element(s)
2026-06-27 09:20:50,935 | DEBUG    | src.parser | Images: 1 data-URI swapped to real src, 0 dropped
2026-06-27 09:20:50,935 | DEBUG    | src.parser | Content root: <body>
2026-06-27 09:20:50,951 | INFO     | src.parser | Parsed content: 3936 characters
2026-06-27 09:20:50,957 | DEBUG    | src.parser | Found 70 same-domain link(s)
2026-06-27 09:20:51,461 | INFO     | src.crawler | [3/60] depth 1: https://rumbomundo.com/best-time-to-visit-iceland
2026-06-27 09:20:51,461 | INFO     | src.fetcher | Requesting https://rumbomundo.com/best-time-to-visit-iceland
2026-06-27 09:20:51,971 | DEBUG    | src.fetcher | Response 200 in 0.51s (183368 bytes, final URL: https://rumbomundo.com/best-time-to-visit-iceland/)
2026-06-27 09:20:51,999 | DEBUG    | src.parser | Removed 111 noise/banner element(s)
2026-06-27 09:20:51,999 | DEBUG    | src.parser | Images: 40 data-URI swapped to real src, 0 dropped
2026-06-27 09:20:52,000 | DEBUG    | src.parser | Content root: <article>
2026-06-27 09:20:52,025 | INFO     | src.parser | Parsed content: 38743 characters
2026-06-27 09:20:52,037 | DEBUG    | src.parser | Found 100 same-domain link(s)
2026-06-27 09:20:52,541 | INFO     | src.crawler | [4/60] depth 1: https://rumbomundo.com/iceland-trip-costs
2026-06-27 09:20:52,541 | INFO     | src.fetcher | Requesting https://rumbomundo.com/iceland-trip-costs
2026-06-27 09:20:52,984 | DEBUG    | src.fetcher | Response 200 in 0.44s (116666 bytes, final URL: https://rumbomundo.com/iceland-trip-costs/)
2026-06-27 09:20:53,001 | DEBUG    | src.parser | Removed 110 noise/banner element(s)
2026-06-27 09:20:53,001 | DEBUG    | src.parser | Images: 3 data-URI swapped to real src, 0 dropped
2026-06-27 09:20:53,001 | DEBUG    | src.parser | Content root: <article>
2026-06-27 09:20:53,014 | INFO     | src.parser | Parsed content: 21663 characters
2026-06-27 09:20:53,022 | DEBUG    | src.parser | Found 89 same-domain link(s)
2026-06-27 09:20:53,527 | INFO     | src.crawler | [5/60] depth 1: https://rumbomundo.com/iceland/self-drive-plans
2026-06-27 09:20:53,527 | INFO     | src.fetcher | Requesting https://rumbomundo.com/iceland/self-drive-plans
2026-06-27 09:20:53,949 | DEBUG    | src.fetcher | Response 200 in 0.42s (86966 bytes, final URL: https://rumbomundo.com/iceland/self-drive-plans/)
2026-06-27 09:20:53,963 | DEBUG    | src.parser | Removed 109 noise/banner element(s)
2026-06-27 09:20:53,963 | DEBUG    | src.parser | Images: 1 data-URI swapped to real src, 0 dropped
2026-06-27 09:20:53,963 | DEBUG    | src.parser | Content root: <body>
2026-06-27 09:20:53,973 | INFO     | src.parser | Parsed content: 3759 characters
2026-06-27 09:20:53,981 | DEBUG    | src.parser | Found 69 same-domain link(s)
2026-06-27 09:20:54,485 | INFO     | src.crawler | [6/60] depth 1: https://rumbomundo.com/short-self-drive-in-iceland-3-to-7-days
2026-06-27 09:20:54,485 | INFO     | src.fetcher | Requesting https://rumbomundo.com/short-self-drive-in-iceland-3-to-7-days
2026-06-27 09:20:55,025 | DEBUG    | src.fetcher | Response 200 in 0.54s (239666 bytes, final URL: https://rumbomundo.com/short-self-drive-in-iceland-3-to-7-days/)
2026-06-27 09:20:55,047 | DEBUG    | src.parser | Removed 112 noise/banner element(s)
2026-06-27 09:20:55,047 | DEBUG    | src.parser | Images: 27 data-URI swapped to real src, 0 dropped
2026-06-27 09:20:55,048 | DEBUG    | src.parser | Content root: <article>
2026-06-27 09:20:55,077 | INFO     | src.parser | Parsed content: 74818 characters
2026-06-27 09:20:55,093 | DEBUG    | src.parser | Found 155 same-domain link(s)
2026-06-27 09:20:55,598 | INFO     | src.crawler | [7/60] depth 1: https://rumbomundo.com/around-iceland-a-7-to-13-day-itinerary-for-spring-to-autumn-complete-self-drive-guide
2026-06-27 09:20:55,598 | INFO     | src.fetcher | Requesting https://rumbomundo.com/around-iceland-a-7-to-13-day-itinerary-for-spring-to-autumn-complete-self-drive-guide
2026-06-27 09:20:56,097 | DEBUG    | src.fetcher | Response 200 in 0.50s (187223 bytes, final URL: https://rumbomundo.com/around-iceland-a-7-to-13-day-itinerary-for-spring-to-autumn-complete-self-drive-guide/)
2026-06-27 09:20:56,130 | DEBUG    | src.parser | Removed 110 noise/banner element(s)
2026-06-27 09:20:56,130 | DEBUG    | src.parser | Images: 47 data-URI swapped to real src, 0 dropped
2026-06-27 09:20:56,131 | DEBUG    | src.parser | Content root: <article>
2026-06-27 09:20:56,154 | INFO     | src.parser | Parsed content: 40484 characters
2026-06-27 09:20:56,166 | DEBUG    | src.parser | Found 199 same-domain link(s)
2026-06-27 09:20:56,670 | INFO     | src.crawler | [8/60] depth 1: https://rumbomundo.com/best-self-drive-plan-for-iceland-15-day-summer-trip-in-a-4x4-car
2026-06-27 09:20:56,670 | INFO     | src.fetcher | Requesting https://rumbomundo.com/best-self-drive-plan-for-iceland-15-day-summer-trip-in-a-4x4-car
2026-06-27 09:20:57,077 | DEBUG    | src.fetcher | Response 200 in 0.41s (104925 bytes, final URL: https://rumbomundo.com/best-self-drive-plan-for-iceland-15-day-summer-trip-in-a-4x4-car/)
2026-06-27 09:20:57,091 | DEBUG    | src.parser | Removed 109 noise/banner element(s)
2026-06-27 09:20:57,092 | DEBUG    | src.parser | Images: 2 data-URI swapped to real src, 0 dropped
2026-06-27 09:20:57,092 | DEBUG    | src.parser | Content root: <article>
2026-06-27 09:20:57,101 | INFO     | src.parser | Parsed content: 13844 characters
2026-06-27 09:20:57,108 | DEBUG    | src.parser | Found 92 same-domain link(s)
2026-06-27 09:20:57,612 | INFO     | src.crawler | [9/60] depth 1: https://rumbomundo.com/winter-trip-to-iceland-a-complete-guide
2026-06-27 09:20:57,612 | INFO     | src.fetcher | Requesting https://rumbomundo.com/winter-trip-to-iceland-a-complete-guide
2026-06-27 09:20:58,075 | DEBUG    | src.fetcher | Response 200 in 0.46s (164739 bytes, final URL: https://rumbomundo.com/winter-trip-to-iceland-a-complete-guide/)
2026-06-27 09:20:58,093 | DEBUG    | src.parser | Removed 111 noise/banner element(s)
2026-06-27 09:20:58,093 | DEBUG    | src.parser | Images: 38 data-URI swapped to real src, 0 dropped
2026-06-27 09:20:58,094 | DEBUG    | src.parser | Content root: <article>
2026-06-27 09:20:58,114 | INFO     | src.parser | Parsed content: 38549 characters
2026-06-27 09:20:58,128 | DEBUG    | src.parser | Found 107 same-domain link(s)
2026-06-27 09:20:58,633 | INFO     | src.crawler | [10/60] depth 1: https://rumbomundo.com/sightseeing-in-iceland-without-a-car
2026-06-27 09:20:58,634 | INFO     | src.fetcher | Requesting https://rumbomundo.com/sightseeing-in-iceland-without-a-car
2026-06-27 09:20:59,186 | DEBUG    | src.fetcher | Response 200 in 0.55s (102096 bytes, final URL: https://rumbomundo.com/sightseeing-in-iceland-without-a-car/)
2026-06-27 09:20:59,195 | DEBUG    | src.parser | Removed 109 noise/banner element(s)
2026-06-27 09:20:59,195 | DEBUG    | src.parser | Images: 5 data-URI swapped to real src, 0 dropped
2026-06-27 09:20:59,195 | DEBUG    | src.parser | Content root: <article>
2026-06-27 09:20:59,199 | INFO     | src.parser | Parsed content: 10099 characters
2026-06-27 09:20:59,205 | DEBUG    | src.parser | Found 78 same-domain link(s)
2026-06-27 09:20:59,710 | INFO     | src.crawler | [11/60] depth 1: https://rumbomundo.com/laugavegur-icelands-most-beautiful-trail
2026-06-27 09:20:59,711 | INFO     | src.fetcher | Requesting https://rumbomundo.com/laugavegur-icelands-most-beautiful-trail
2026-06-27 09:21:00,211 | DEBUG    | src.fetcher | Response 200 in 0.50s (154159 bytes, final URL: https://rumbomundo.com/laugavegur-icelands-most-beautiful-trail/)
2026-06-27 09:21:00,230 | DEBUG    | src.parser | Removed 110 noise/banner element(s)
2026-06-27 09:21:00,231 | DEBUG    | src.parser | Images: 25 data-URI swapped to real src, 0 dropped
2026-06-27 09:21:00,231 | DEBUG    | src.parser | Content root: <article>
2026-06-27 09:21:00,248 | INFO     | src.parser | Parsed content: 43046 characters
2026-06-27 09:21:00,258 | DEBUG    | src.parser | Found 108 same-domain link(s)
2026-06-27 09:21:00,763 | INFO     | src.crawler | [12/60] depth 1: https://rumbomundo.com/fimmvorduhals-a-trail-of-20-waterfalls-and-more
2026-06-27 09:21:00,763 | INFO     | src.fetcher | Requesting https://rumbomundo.com/fimmvorduhals-a-trail-of-20-waterfalls-and-more
2026-06-27 09:21:01,258 | DEBUG    | src.fetcher | Response 200 in 0.49s (123189 bytes, final URL: https://rumbomundo.com/fimmvorduhals-a-trail-of-20-waterfalls-and-more/)
2026-06-27 09:21:01,267 | DEBUG    | src.parser | Removed 109 noise/banner element(s)
2026-06-27 09:21:01,267 | DEBUG    | src.parser | Images: 17 data-URI swapped to real src, 0 dropped
2026-06-27 09:21:01,267 | DEBUG    | src.parser | Content root: <article>
2026-06-27 09:21:01,273 | INFO     | src.parser | Parsed content: 21996 characters
2026-06-27 09:21:01,283 | DEBUG    | src.parser | Found 99 same-domain link(s)
2026-06-27 09:21:01,788 | INFO     | src.crawler | [13/60] depth 1: https://rumbomundo.com/hellismannaleid-a-trail-through-truly-wild-iceland
2026-06-27 09:21:01,788 | INFO     | src.fetcher | Requesting https://rumbomundo.com/hellismannaleid-a-trail-through-truly-wild-iceland
2026-06-27 09:21:02,361 | DEBUG    | src.fetcher | Response 200 in 0.57s (121474 bytes, final URL: https://rumbomundo.com/hellismannaleid-a-trail-through-truly-wild-iceland/)
2026-06-27 09:21:02,376 | DEBUG    | src.parser | Removed 109 noise/banner element(s)
2026-06-27 09:21:02,376 | DEBUG    | src.parser | Images: 15 data-URI swapped to real src, 0 dropped
2026-06-27 09:21:02,376 | DEBUG    | src.parser | Content root: <article>
2026-06-27 09:21:02,385 | INFO     | src.parser | Parsed content: 22347 characters
2026-06-27 09:21:02,393 | DEBUG    | src.parser | Found 92 same-domain link(s)
2026-06-27 09:21:02,898 | INFO     | src.crawler | [14/60] depth 1: https://rumbomundo.com/how-to-prepare-for-a-hiking-trip-in-iceland
2026-06-27 09:21:02,899 | INFO     | src.fetcher | Requesting https://rumbomundo.com/how-to-prepare-for-a-hiking-trip-in-iceland
2026-06-27 09:21:03,468 | DEBUG    | src.fetcher | Response 200 in 0.57s (153036 bytes, final URL: https://rumbomundo.com/how-to-prepare-for-a-hiking-trip-in-iceland/)
2026-06-27 09:21:03,478 | DEBUG    | src.parser | Removed 109 noise/banner element(s)
2026-06-27 09:21:03,478 | DEBUG    | src.parser | Images: 23 data-URI swapped to real src, 0 dropped
2026-06-27 09:21:03,478 | DEBUG    | src.parser | Content root: <article>
2026-06-27 09:21:03,487 | INFO     | src.parser | Parsed content: 44707 characters
2026-06-27 09:21:03,496 | DEBUG    | src.parser | Found 116 same-domain link(s)
2026-06-27 09:21:04,001 | INFO     | src.crawler | [15/60] depth 1: https://rumbomundo.com/top-10-things-in-iceland
2026-06-27 09:21:04,001 | INFO     | src.fetcher | Requesting https://rumbomundo.com/top-10-things-in-iceland
2026-06-27 09:21:04,518 | DEBUG    | src.fetcher | Response 200 in 0.52s (134648 bytes, final URL: https://rumbomundo.com/top-10-things-in-iceland/)
2026-06-27 09:21:04,529 | DEBUG    | src.parser | Removed 110 noise/banner element(s)
2026-06-27 09:21:04,529 | DEBUG    | src.parser | Images: 26 data-URI swapped to real src, 0 dropped
2026-06-27 09:21:04,529 | DEBUG    | src.parser | Content root: <article>
2026-06-27 09:21:04,537 | INFO     | src.parser | Parsed content: 21337 characters
2026-06-27 09:21:04,544 | DEBUG    | src.parser | Found 116 same-domain link(s)
2026-06-27 09:21:05,047 | INFO     | src.crawler | [16/60] depth 1: https://rumbomundo.com/top-10-attractions-on-iceland-route-1-10-extras-nearby
2026-06-27 09:21:05,047 | INFO     | src.fetcher | Requesting https://rumbomundo.com/top-10-attractions-on-iceland-route-1-10-extras-nearby
2026-06-27 09:21:05,563 | DEBUG    | src.fetcher | Response 200 in 0.52s (128267 bytes, final URL: https://rumbomundo.com/top-10-attractions-on-iceland-route-1-10-extras-nearby/)
2026-06-27 09:21:05,580 | DEBUG    | src.parser | Removed 110 noise/banner element(s)
2026-06-27 09:21:05,580 | DEBUG    | src.parser | Images: 22 data-URI swapped to real src, 0 dropped
2026-06-27 09:21:05,580 | DEBUG    | src.parser | Content root: <article>
2026-06-27 09:21:05,587 | INFO     | src.parser | Parsed content: 18587 characters
2026-06-27 09:21:05,595 | DEBUG    | src.parser | Found 126 same-domain link(s)
2026-06-27 09:21:06,100 | INFO     | src.crawler | [17/60] depth 1: https://rumbomundo.com/top-10-things-to-see-on-the-iceland-golden-circle-route
2026-06-27 09:21:06,100 | INFO     | src.fetcher | Requesting https://rumbomundo.com/top-10-things-to-see-on-the-iceland-golden-circle-route
2026-06-27 09:21:06,534 | DEBUG    | src.fetcher | Response 200 in 0.43s (125768 bytes, final URL: https://rumbomundo.com/top-10-things-to-see-on-the-iceland-golden-circle-route/)
2026-06-27 09:21:06,547 | DEBUG    | src.parser | Removed 110 noise/banner element(s)
2026-06-27 09:21:06,548 | DEBUG    | src.parser | Images: 16 data-URI swapped to real src, 0 dropped
2026-06-27 09:21:06,548 | DEBUG    | src.parser | Content root: <article>
2026-06-27 09:21:06,556 | INFO     | src.parser | Parsed content: 18472 characters
2026-06-27 09:21:06,564 | DEBUG    | src.parser | Found 107 same-domain link(s)
2026-06-27 09:21:07,064 | INFO     | src.crawler | [18/60] depth 1: https://rumbomundo.com/top-10-places-to-see-in-the-icelandic-interior
2026-06-27 09:21:07,064 | INFO     | src.fetcher | Requesting https://rumbomundo.com/top-10-places-to-see-in-the-icelandic-interior
2026-06-27 09:21:08,083 | DEBUG    | src.fetcher | Response 200 in 1.02s (127407 bytes, final URL: https://rumbomundo.com/top-10-places-to-see-in-the-icelandic-interior/)
2026-06-27 09:21:08,098 | DEBUG    | src.parser | Removed 111 noise/banner element(s)
2026-06-27 09:21:08,098 | DEBUG    | src.parser | Images: 32 data-URI swapped to real src, 0 dropped
2026-06-27 09:21:08,098 | DEBUG    | src.parser | Content root: <article>
2026-06-27 09:21:08,105 | INFO     | src.parser | Parsed content: 18586 characters
2026-06-27 09:21:08,112 | DEBUG    | src.parser | Found 113 same-domain link(s)
2026-06-27 09:21:08,617 | INFO     | src.crawler | [19/60] depth 1: https://rumbomundo.com/all-the-hot-pools-spas-and-swimming-pools-of-iceland-a-complete-guide-with-a-top-10-list
2026-06-27 09:21:08,618 | INFO     | src.fetcher | Requesting https://rumbomundo.com/all-the-hot-pools-spas-and-swimming-pools-of-iceland-a-complete-guide-with-a-top-10-list
2026-06-27 09:21:09,121 | DEBUG    | src.fetcher | Response 200 in 0.50s (124820 bytes, final URL: https://rumbomundo.com/all-the-hot-pools-spas-and-swimming-pools-of-iceland-a-complete-guide-with-a-top-10-list/)
2026-06-27 09:21:09,133 | DEBUG    | src.parser | Removed 110 noise/banner element(s)
2026-06-27 09:21:09,133 | DEBUG    | src.parser | Images: 18 data-URI swapped to real src, 0 dropped
2026-06-27 09:21:09,133 | DEBUG    | src.parser | Content root: <article>
2026-06-27 09:21:09,140 | INFO     | src.parser | Parsed content: 17502 characters
2026-06-27 09:21:09,147 | DEBUG    | src.parser | Found 109 same-domain link(s)
2026-06-27 09:21:09,652 | INFO     | src.crawler | [20/60] depth 1: https://rumbomundo.com/top-10-iceland-beaches
2026-06-27 09:21:09,652 | INFO     | src.fetcher | Requesting https://rumbomundo.com/top-10-iceland-beaches
2026-06-27 09:21:10,246 | DEBUG    | src.fetcher | Response 200 in 0.59s (100581 bytes, final URL: https://rumbomundo.com/top-10-iceland-beaches/)
2026-06-27 09:21:10,257 | DEBUG    | src.parser | Removed 109 noise/banner element(s)
2026-06-27 09:21:10,257 | DEBUG    | src.parser | Images: 11 data-URI swapped to real src, 0 dropped
2026-06-27 09:21:10,257 | DEBUG    | src.parser | Content root: <article>
2026-06-27 09:21:10,261 | INFO     | src.parser | Parsed content: 10434 characters
2026-06-27 09:21:10,266 | DEBUG    | src.parser | Found 89 same-domain link(s)
2026-06-27 09:21:10,771 | INFO     | src.crawler | [21/60] depth 1: https://rumbomundo.com/top-10-icelands-volcanoes
2026-06-27 09:21:10,771 | INFO     | src.fetcher | Requesting https://rumbomundo.com/top-10-icelands-volcanoes
2026-06-27 09:21:11,320 | DEBUG    | src.fetcher | Response 200 in 0.55s (123316 bytes, final URL: https://rumbomundo.com/top-10-icelands-volcanoes/)
2026-06-27 09:21:11,333 | DEBUG    | src.parser | Removed 110 noise/banner element(s)
2026-06-27 09:21:11,333 | DEBUG    | src.parser | Images: 25 data-URI swapped to real src, 0 dropped
2026-06-27 09:21:11,333 | DEBUG    | src.parser | Content root: <article>
2026-06-27 09:21:11,342 | INFO     | src.parser | Parsed content: 19278 characters
2026-06-27 09:21:11,349 | DEBUG    | src.parser | Found 112 same-domain link(s)
2026-06-27 09:21:11,854 | INFO     | src.crawler | [22/60] depth 1: https://rumbomundo.com/top-10-places-in-iceland-off-the-beaten-track
2026-06-27 09:21:11,854 | INFO     | src.fetcher | Requesting https://rumbomundo.com/top-10-places-in-iceland-off-the-beaten-track
2026-06-27 09:21:12,397 | DEBUG    | src.fetcher | Response 200 in 0.54s (108993 bytes, final URL: https://rumbomundo.com/top-10-places-in-iceland-off-the-beaten-track/)
2026-06-27 09:21:12,408 | DEBUG    | src.parser | Removed 109 noise/banner element(s)
2026-06-27 09:21:12,408 | DEBUG    | src.parser | Images: 11 data-URI swapped to real src, 0 dropped
2026-06-27 09:21:12,408 | DEBUG    | src.parser | Content root: <article>
2026-06-27 09:21:12,413 | INFO     | src.parser | Parsed content: 15930 characters
2026-06-27 09:21:12,419 | DEBUG    | src.parser | Found 106 same-domain link(s)
2026-06-27 09:21:12,924 | INFO     | src.crawler | [23/60] depth 1: https://rumbomundo.com/top-10-most-beautiful-canyons-of-iceland
2026-06-27 09:21:12,925 | INFO     | src.fetcher | Requesting https://rumbomundo.com/top-10-most-beautiful-canyons-of-iceland
2026-06-27 09:21:13,471 | DEBUG    | src.fetcher | Response 200 in 0.55s (107532 bytes, final URL: https://rumbomundo.com/top-10-most-beautiful-canyons-of-iceland/)
2026-06-27 09:21:13,495 | DEBUG    | src.parser | Removed 110 noise/banner element(s)
2026-06-27 09:21:13,496 | DEBUG    | src.parser | Images: 13 data-URI swapped to real src, 0 dropped
2026-06-27 09:21:13,496 | DEBUG    | src.parser | Content root: <article>
2026-06-27 09:21:13,502 | INFO     | src.parser | Parsed content: 13167 characters
2026-06-27 09:21:13,508 | DEBUG    | src.parser | Found 96 same-domain link(s)
2026-06-27 09:21:14,014 | INFO     | src.crawler | [24/60] depth 1: https://rumbomundo.com/top-10-most-spectacular-waterfalls-in-iceland-extras
2026-06-27 09:21:14,014 | INFO     | src.fetcher | Requesting https://rumbomundo.com/top-10-most-spectacular-waterfalls-in-iceland-extras
2026-06-27 09:21:14,090 | DEBUG    | src.fetcher | Response 500 in 0.08s (0 bytes, final URL: https://rumbomundo.com/top-10-most-spectacular-waterfalls-in-iceland-extras)
2026-06-27 09:21:14,090 | WARNING  | src.crawler | Skipping https://rumbomundo.com/top-10-most-spectacular-waterfalls-in-iceland-extras — HTTP 500
2026-06-27 09:21:14,091 | INFO     | src.crawler | [24/60] depth 1: https://rumbomundo.com/top-5-places-for-wildlife-spotting-in-iceland
2026-06-27 09:21:14,091 | INFO     | src.fetcher | Requesting https://rumbomundo.com/top-5-places-for-wildlife-spotting-in-iceland
2026-06-27 09:21:14,563 | DEBUG    | src.fetcher | Response 200 in 0.47s (94278 bytes, final URL: https://rumbomundo.com/top-5-places-for-wildlife-spotting-in-iceland/)
2026-06-27 09:21:14,572 | DEBUG    | src.parser | Removed 109 noise/banner element(s)
2026-06-27 09:21:14,572 | DEBUG    | src.parser | Images: 7 data-URI swapped to real src, 0 dropped
2026-06-27 09:21:14,572 | DEBUG    | src.parser | Content root: <article>
2026-06-27 09:21:14,575 | INFO     | src.parser | Parsed content: 7464 characters
2026-06-27 09:21:14,580 | DEBUG    | src.parser | Found 85 same-domain link(s)
2026-06-27 09:21:15,081 | INFO     | src.crawler | [25/60] depth 1: https://rumbomundo.com/iceland-for-foodies-whats-worth-trying-and-where
2026-06-27 09:21:15,081 | INFO     | src.fetcher | Requesting https://rumbomundo.com/iceland-for-foodies-whats-worth-trying-and-where
2026-06-27 09:21:15,612 | DEBUG    | src.fetcher | Response 200 in 0.53s (158591 bytes, final URL: https://rumbomundo.com/iceland-for-foodies-whats-worth-trying-and-where/)
2026-06-27 09:21:15,627 | DEBUG    | src.parser | Removed 111 noise/banner element(s)
2026-06-27 09:21:15,628 | DEBUG    | src.parser | Images: 38 data-URI swapped to real src, 0 dropped
2026-06-27 09:21:15,628 | DEBUG    | src.parser | Content root: <article>
2026-06-27 09:21:15,639 | INFO     | src.parser | Parsed content: 25154 characters
2026-06-27 09:21:15,647 | DEBUG    | src.parser | Found 117 same-domain link(s)
2026-06-27 09:21:16,152 | INFO     | src.crawler | [26/60] depth 1: https://rumbomundo.com/sightseeing-reykjavik
2026-06-27 09:21:16,152 | INFO     | src.fetcher | Requesting https://rumbomundo.com/sightseeing-reykjavik
2026-06-27 09:21:16,648 | DEBUG    | src.fetcher | Response 200 in 0.50s (149260 bytes, final URL: https://rumbomundo.com/sightseeing-reykjavik/)
2026-06-27 09:21:16,663 | DEBUG    | src.parser | Removed 110 noise/banner element(s)
2026-06-27 09:21:16,663 | DEBUG    | src.parser | Images: 37 data-URI swapped to real src, 0 dropped
2026-06-27 09:21:16,663 | DEBUG    | src.parser | Content root: <article>
2026-06-27 09:21:16,678 | INFO     | src.parser | Parsed content: 32357 characters
2026-06-27 09:21:16,686 | DEBUG    | src.parser | Found 114 same-domain link(s)
2026-06-27 09:21:17,191 | INFO     | src.crawler | [27/60] depth 1: https://rumbomundo.com/reykjavik-weather-transport-accommodation
2026-06-27 09:21:17,191 | INFO     | src.fetcher | Requesting https://rumbomundo.com/reykjavik-weather-transport-accommodation
2026-06-27 09:21:17,755 | DEBUG    | src.fetcher | Response 200 in 0.56s (128863 bytes, final URL: https://rumbomundo.com/reykjavik-weather-transport-accommodation/)
2026-06-27 09:21:17,769 | DEBUG    | src.parser | Removed 112 noise/banner element(s)
2026-06-27 09:21:17,769 | DEBUG    | src.parser | Images: 19 data-URI swapped to real src, 0 dropped
2026-06-27 09:21:17,769 | DEBUG    | src.parser | Content root: <article>
2026-06-27 09:21:17,776 | INFO     | src.parser | Parsed content: 23823 characters
2026-06-27 09:21:17,783 | DEBUG    | src.parser | Found 92 same-domain link(s)
2026-06-27 09:21:18,288 | INFO     | src.crawler | [28/60] depth 1: https://rumbomundo.com/top-exhibitions-to-see-in-reykjavik
2026-06-27 09:21:18,288 | INFO     | src.fetcher | Requesting https://rumbomundo.com/top-exhibitions-to-see-in-reykjavik
2026-06-27 09:21:18,946 | DEBUG    | src.fetcher | Response 200 in 0.66s (109745 bytes, final URL: https://rumbomundo.com/top-exhibitions-to-see-in-reykjavik/)
2026-06-27 09:21:18,960 | DEBUG    | src.parser | Removed 110 noise/banner element(s)
2026-06-27 09:21:18,960 | DEBUG    | src.parser | Images: 8 data-URI swapped to real src, 0 dropped
2026-06-27 09:21:18,960 | DEBUG    | src.parser | Content root: <article>
2026-06-27 09:21:18,965 | INFO     | src.parser | Parsed content: 18945 characters
2026-06-27 09:21:18,972 | DEBUG    | src.parser | Found 78 same-domain link(s)
2026-06-27 09:21:19,473 | INFO     | src.crawler | [29/60] depth 1: https://rumbomundo.com/top-museums-to-visit-in-reykjavik
2026-06-27 09:21:19,474 | INFO     | src.fetcher | Requesting https://rumbomundo.com/top-museums-to-visit-in-reykjavik
2026-06-27 09:21:20,173 | DEBUG    | src.fetcher | Response 200 in 0.70s (125552 bytes, final URL: https://rumbomundo.com/top-museums-to-visit-in-reykjavik/)
2026-06-27 09:21:20,187 | DEBUG    | src.parser | Removed 110 noise/banner element(s)
2026-06-27 09:21:20,188 | DEBUG    | src.parser | Images: 11 data-URI swapped to real src, 0 dropped
2026-06-27 09:21:20,188 | DEBUG    | src.parser | Content root: <article>
2026-06-27 09:21:20,200 | INFO     | src.parser | Parsed content: 29042 characters
2026-06-27 09:21:20,211 | DEBUG    | src.parser | Found 91 same-domain link(s)
2026-06-27 09:21:20,715 | INFO     | src.crawler | [30/60] depth 1: https://rumbomundo.com/hot-pools-in-reykjavik
2026-06-27 09:21:20,715 | INFO     | src.fetcher | Requesting https://rumbomundo.com/hot-pools-in-reykjavik
2026-06-27 09:21:21,174 | DEBUG    | src.fetcher | Response 200 in 0.46s (114525 bytes, final URL: https://rumbomundo.com/hot-pools-in-reykjavik/)
2026-06-27 09:21:21,189 | DEBUG    | src.parser | Removed 122 noise/banner element(s)
2026-06-27 09:21:21,189 | DEBUG    | src.parser | Images: 6 data-URI swapped to real src, 0 dropped
2026-06-27 09:21:21,189 | DEBUG    | src.parser | Content root: <article>
2026-06-27 09:21:21,199 | INFO     | src.parser | Parsed content: 15411 characters
2026-06-27 09:21:21,209 | DEBUG    | src.parser | Found 81 same-domain link(s)
2026-06-27 09:21:21,714 | INFO     | src.crawler | [31/60] depth 1: https://rumbomundo.com/whale-watching-in-iceland-all-you-need-to-know-complete-guide
2026-06-27 09:21:21,714 | INFO     | src.fetcher | Requesting https://rumbomundo.com/whale-watching-in-iceland-all-you-need-to-know-complete-guide
2026-06-27 09:21:22,175 | DEBUG    | src.fetcher | Response 200 in 0.46s (134505 bytes, final URL: https://rumbomundo.com/whale-watching-in-iceland-all-you-need-to-know-complete-guide/)
2026-06-27 09:21:22,188 | DEBUG    | src.parser | Removed 111 noise/banner element(s)
2026-06-27 09:21:22,188 | DEBUG    | src.parser | Images: 18 data-URI swapped to real src, 0 dropped
2026-06-27 09:21:22,188 | DEBUG    | src.parser | Content root: <article>
2026-06-27 09:21:22,197 | INFO     | src.parser | Parsed content: 23377 characters
2026-06-27 09:21:22,204 | DEBUG    | src.parser | Found 87 same-domain link(s)
2026-06-27 09:21:22,709 | INFO     | src.crawler | [32/60] depth 1: https://rumbomundo.com/what-whale-species-can-you-see-in-iceland
2026-06-27 09:21:22,710 | INFO     | src.fetcher | Requesting https://rumbomundo.com/what-whale-species-can-you-see-in-iceland
2026-06-27 09:21:23,211 | DEBUG    | src.fetcher | Response 200 in 0.50s (112560 bytes, final URL: https://rumbomundo.com/what-whale-species-can-you-see-in-iceland/)
2026-06-27 09:21:23,226 | DEBUG    | src.parser | Removed 109 noise/banner element(s)
2026-06-27 09:21:23,226 | DEBUG    | src.parser | Images: 12 data-URI swapped to real src, 0 dropped
2026-06-27 09:21:23,227 | DEBUG    | src.parser | Content root: <article>
2026-06-27 09:21:23,234 | INFO     | src.parser | Parsed content: 20363 characters
2026-06-27 09:21:23,242 | DEBUG    | src.parser | Found 79 same-domain link(s)
2026-06-27 09:21:23,747 | INFO     | src.crawler | [33/60] depth 1: https://rumbomundo.com/information-and-trivia-about-icelandic-whales
2026-06-27 09:21:23,748 | INFO     | src.fetcher | Requesting https://rumbomundo.com/information-and-trivia-about-icelandic-whales
2026-06-27 09:21:24,219 | DEBUG    | src.fetcher | Response 200 in 0.47s (107455 bytes, final URL: https://rumbomundo.com/information-and-trivia-about-icelandic-whales/)
2026-06-27 09:21:24,231 | DEBUG    | src.parser | Removed 109 noise/banner element(s)
2026-06-27 09:21:24,231 | DEBUG    | src.parser | Images: 6 data-URI swapped to real src, 0 dropped
2026-06-27 09:21:24,231 | DEBUG    | src.parser | Content root: <article>
2026-06-27 09:21:24,236 | INFO     | src.parser | Parsed content: 16734 characters
2026-06-27 09:21:24,242 | DEBUG    | src.parser | Found 75 same-domain link(s)
2026-06-27 09:21:24,747 | INFO     | src.crawler | [34/60] depth 1: https://rumbomundo.com/hunting-aurora-in-iceland-complete-guide
2026-06-27 09:21:24,747 | INFO     | src.fetcher | Requesting https://rumbomundo.com/hunting-aurora-in-iceland-complete-guide
2026-06-27 09:21:25,176 | DEBUG    | src.fetcher | Response 200 in 0.43s (146435 bytes, final URL: https://rumbomundo.com/hunting-aurora-in-iceland-complete-guide/)
2026-06-27 09:21:25,192 | DEBUG    | src.parser | Removed 110 noise/banner element(s)
2026-06-27 09:21:25,192 | DEBUG    | src.parser | Images: 21 data-URI swapped to real src, 0 dropped
2026-06-27 09:21:25,192 | DEBUG    | src.parser | Content root: <article>
2026-06-27 09:21:25,203 | INFO     | src.parser | Parsed content: 36557 characters
2026-06-27 09:21:25,211 | DEBUG    | src.parser | Found 91 same-domain link(s)
2026-06-27 09:21:25,713 | INFO     | src.crawler | [35/60] depth 1: https://rumbomundo.com/aurora-borealis-a-scientific-perspective
2026-06-27 09:21:25,714 | INFO     | src.fetcher | Requesting https://rumbomundo.com/aurora-borealis-a-scientific-perspective
2026-06-27 09:21:26,148 | DEBUG    | src.fetcher | Response 200 in 0.43s (120696 bytes, final URL: https://rumbomundo.com/aurora-borealis-a-scientific-perspective/)
2026-06-27 09:21:26,165 | DEBUG    | src.parser | Removed 111 noise/banner element(s)
2026-06-27 09:21:26,165 | DEBUG    | src.parser | Images: 10 data-URI swapped to real src, 0 dropped
2026-06-27 09:21:26,166 | DEBUG    | src.parser | Content root: <article>
2026-06-27 09:21:26,175 | INFO     | src.parser | Parsed content: 24675 characters
2026-06-27 09:21:26,183 | DEBUG    | src.parser | Found 75 same-domain link(s)
2026-06-27 09:21:26,688 | INFO     | src.crawler | [36/60] depth 1: https://rumbomundo.com/ice-caves-icelandic-natural-marvels
2026-06-27 09:21:26,688 | INFO     | src.fetcher | Requesting https://rumbomundo.com/ice-caves-icelandic-natural-marvels
2026-06-27 09:21:27,106 | DEBUG    | src.fetcher | Response 200 in 0.42s (137835 bytes, final URL: https://rumbomundo.com/ice-caves-icelandic-natural-marvels/)
2026-06-27 09:21:27,128 | DEBUG    | src.parser | Removed 111 noise/banner element(s)
2026-06-27 09:21:27,128 | DEBUG    | src.parser | Images: 24 data-URI swapped to real src, 0 dropped
2026-06-27 09:21:27,128 | DEBUG    | src.parser | Content root: <article>
2026-06-27 09:21:27,142 | INFO     | src.parser | Parsed content: 21934 characters
2026-06-27 09:21:27,151 | DEBUG    | src.parser | Found 99 same-domain link(s)
2026-06-27 09:21:27,654 | INFO     | src.crawler | [37/60] depth 1: https://rumbomundo.com/iceland-faq
2026-06-27 09:21:27,655 | INFO     | src.fetcher | Requesting https://rumbomundo.com/iceland-faq
2026-06-27 09:21:28,128 | DEBUG    | src.fetcher | Response 200 in 0.47s (164640 bytes, final URL: https://rumbomundo.com/iceland-faq/)
2026-06-27 09:21:28,140 | DEBUG    | src.parser | Removed 110 noise/banner element(s)
2026-06-27 09:21:28,140 | DEBUG    | src.parser | Images: 6 data-URI swapped to real src, 0 dropped
2026-06-27 09:21:28,140 | DEBUG    | src.parser | Content root: <article>
2026-06-27 09:21:28,150 | INFO     | src.parser | Parsed content: 35776 characters
2026-06-27 09:21:28,157 | DEBUG    | src.parser | Found 78 same-domain link(s)
2026-06-27 09:21:28,663 | INFO     | src.crawler | [38/60] depth 1: https://rumbomundo.com/weather-in-iceland-temperature-wind-precipitation
2026-06-27 09:21:28,663 | INFO     | src.fetcher | Requesting https://rumbomundo.com/weather-in-iceland-temperature-wind-precipitation
2026-06-27 09:21:29,177 | DEBUG    | src.fetcher | Response 200 in 0.51s (263789 bytes, final URL: https://rumbomundo.com/weather-in-iceland-temperature-wind-precipitation/)
2026-06-27 09:21:29,196 | DEBUG    | src.parser | Removed 113 noise/banner element(s)
2026-06-27 09:21:29,196 | DEBUG    | src.parser | Images: 46 data-URI swapped to real src, 0 dropped
2026-06-27 09:21:29,197 | DEBUG    | src.parser | Content root: <article>
2026-06-27 09:21:29,215 | INFO     | src.parser | Parsed content: 69924 characters
2026-06-27 09:21:29,229 | DEBUG    | src.parser | Found 122 same-domain link(s)
2026-06-27 09:21:29,733 | INFO     | src.crawler | [39/60] depth 1: https://rumbomundo.com/specifics-of-weather-in-icelands-regions
2026-06-27 09:21:29,733 | INFO     | src.fetcher | Requesting https://rumbomundo.com/specifics-of-weather-in-icelands-regions
2026-06-27 09:21:30,212 | DEBUG    | src.fetcher | Response 200 in 0.48s (149543 bytes, final URL: https://rumbomundo.com/specifics-of-weather-in-icelands-regions/)
2026-06-27 09:21:30,224 | DEBUG    | src.parser | Removed 113 noise/banner element(s)
2026-06-27 09:21:30,224 | DEBUG    | src.parser | Images: 13 data-URI swapped to real src, 0 dropped
2026-06-27 09:21:30,224 | DEBUG    | src.parser | Content root: <article>
2026-06-27 09:21:30,230 | INFO     | src.parser | Parsed content: 23128 characters
2026-06-27 09:21:30,236 | DEBUG    | src.parser | Found 94 same-domain link(s)
2026-06-27 09:21:30,741 | INFO     | src.crawler | [40/60] depth 1: https://rumbomundo.com/climate-change-in-iceland
2026-06-27 09:21:30,742 | INFO     | src.fetcher | Requesting https://rumbomundo.com/climate-change-in-iceland
2026-06-27 09:21:31,200 | DEBUG    | src.fetcher | Response 200 in 0.46s (97300 bytes, final URL: https://rumbomundo.com/climate-change-in-iceland/)
2026-06-27 09:21:31,214 | DEBUG    | src.parser | Removed 113 noise/banner element(s)
2026-06-27 09:21:31,214 | DEBUG    | src.parser | Images: 4 data-URI swapped to real src, 0 dropped
2026-06-27 09:21:31,214 | DEBUG    | src.parser | Content root: <article>
2026-06-27 09:21:31,216 | INFO     | src.parser | Parsed content: 3778 characters
2026-06-27 09:21:31,221 | DEBUG    | src.parser | Found 72 same-domain link(s)
2026-06-27 09:21:31,725 | INFO     | src.crawler | [41/60] depth 1: https://rumbomundo.com/prices-in-iceland-how-much-is-food-fuel-tours
2026-06-27 09:21:31,725 | INFO     | src.fetcher | Requesting https://rumbomundo.com/prices-in-iceland-how-much-is-food-fuel-tours
2026-06-27 09:21:32,199 | DEBUG    | src.fetcher | Response 200 in 0.47s (173040 bytes, final URL: https://rumbomundo.com/prices-in-iceland-how-much-is-food-fuel-tours/)
2026-06-27 09:21:32,220 | DEBUG    | src.parser | Removed 112 noise/banner element(s)
2026-06-27 09:21:32,220 | DEBUG    | src.parser | Images: 34 data-URI swapped to real src, 0 dropped
2026-06-27 09:21:32,221 | DEBUG    | src.parser | Content root: <article>
2026-06-27 09:21:32,242 | INFO     | src.parser | Parsed content: 35987 characters
2026-06-27 09:21:32,258 | DEBUG    | src.parser | Found 117 same-domain link(s)
2026-06-27 09:21:32,764 | INFO     | src.crawler | [42/60] depth 1: https://rumbomundo.com/grocery-shopping-in-iceland-prices-and-store-opening-hours
2026-06-27 09:21:32,764 | INFO     | src.fetcher | Requesting https://rumbomundo.com/grocery-shopping-in-iceland-prices-and-store-opening-hours
2026-06-27 09:21:33,266 | DEBUG    | src.fetcher | Response 200 in 0.50s (144536 bytes, final URL: https://rumbomundo.com/grocery-shopping-in-iceland-prices-and-store-opening-hours/)
2026-06-27 09:21:33,278 | DEBUG    | src.parser | Removed 111 noise/banner element(s)
2026-06-27 09:21:33,278 | DEBUG    | src.parser | Images: 13 data-URI swapped to real src, 0 dropped
2026-06-27 09:21:33,278 | DEBUG    | src.parser | Content root: <article>
2026-06-27 09:21:33,293 | INFO     | src.parser | Parsed content: 26583 characters
2026-06-27 09:21:33,302 | DEBUG    | src.parser | Found 72 same-domain link(s)
2026-06-27 09:21:33,806 | INFO     | src.crawler | [43/60] depth 1: https://rumbomundo.com/self-catering-in-iceland-all-you-need-to-know
2026-06-27 09:21:33,806 | INFO     | src.fetcher | Requesting https://rumbomundo.com/self-catering-in-iceland-all-you-need-to-know
2026-06-27 09:21:34,261 | DEBUG    | src.fetcher | Response 200 in 0.45s (105187 bytes, final URL: https://rumbomundo.com/self-catering-in-iceland-all-you-need-to-know/)
2026-06-27 09:21:34,270 | DEBUG    | src.parser | Removed 109 noise/banner element(s)
2026-06-27 09:21:34,270 | DEBUG    | src.parser | Images: 1 data-URI swapped to real src, 0 dropped
2026-06-27 09:21:34,271 | DEBUG    | src.parser | Content root: <article>
2026-06-27 09:21:34,276 | INFO     | src.parser | Parsed content: 17306 characters
2026-06-27 09:21:34,282 | DEBUG    | src.parser | Found 70 same-domain link(s)
2026-06-27 09:21:34,788 | INFO     | src.crawler | [44/60] depth 1: https://rumbomundo.com/renting-a-car-in-iceland-a-complete-guide
2026-06-27 09:21:34,788 | INFO     | src.fetcher | Requesting https://rumbomundo.com/renting-a-car-in-iceland-a-complete-guide
2026-06-27 09:21:35,270 | DEBUG    | src.fetcher | Response 200 in 0.48s (157608 bytes, final URL: https://rumbomundo.com/renting-a-car-in-iceland-a-complete-guide/)
2026-06-27 09:21:35,287 | DEBUG    | src.parser | Removed 112 noise/banner element(s)
2026-06-27 09:21:35,287 | DEBUG    | src.parser | Images: 26 data-URI swapped to real src, 0 dropped
2026-06-27 09:21:35,287 | DEBUG    | src.parser | Content root: <article>
2026-06-27 09:21:35,307 | INFO     | src.parser | Parsed content: 36089 characters
2026-06-27 09:21:35,316 | DEBUG    | src.parser | Found 92 same-domain link(s)
2026-06-27 09:21:35,821 | INFO     | src.crawler | [45/60] depth 1: https://rumbomundo.com/renting-an-rv-in-iceland
2026-06-27 09:21:35,821 | INFO     | src.fetcher | Requesting https://rumbomundo.com/renting-an-rv-in-iceland
2026-06-27 09:21:36,263 | DEBUG    | src.fetcher | Response 200 in 0.44s (118833 bytes, final URL: https://rumbomundo.com/renting-an-rv-in-iceland/)
2026-06-27 09:21:36,274 | DEBUG    | src.parser | Removed 113 noise/banner element(s)
2026-06-27 09:21:36,274 | DEBUG    | src.parser | Images: 5 data-URI swapped to real src, 0 dropped
2026-06-27 09:21:36,275 | DEBUG    | src.parser | Content root: <article>
2026-06-27 09:21:36,281 | INFO     | src.parser | Parsed content: 23602 characters
2026-06-27 09:21:36,288 | DEBUG    | src.parser | Found 75 same-domain link(s)
2026-06-27 09:21:36,789 | INFO     | src.crawler | [46/60] depth 1: https://rumbomundo.com/car-insurance-in-iceland
2026-06-27 09:21:36,789 | INFO     | src.fetcher | Requesting https://rumbomundo.com/car-insurance-in-iceland
2026-06-27 09:21:37,257 | DEBUG    | src.fetcher | Response 200 in 0.47s (114054 bytes, final URL: https://rumbomundo.com/car-insurance-in-iceland/)
2026-06-27 09:21:37,267 | DEBUG    | src.parser | Removed 109 noise/banner element(s)
2026-06-27 09:21:37,267 | DEBUG    | src.parser | Images: 3 data-URI swapped to real src, 0 dropped
2026-06-27 09:21:37,267 | DEBUG    | src.parser | Content root: <article>
2026-06-27 09:21:37,275 | INFO     | src.parser | Parsed content: 24774 characters
2026-06-27 09:21:37,285 | DEBUG    | src.parser | Found 78 same-domain link(s)
2026-06-27 09:21:37,790 | INFO     | src.crawler | [47/60] depth 1: https://rumbomundo.com/road-conditions-regulations-and-fines-in-iceland
2026-06-27 09:21:37,790 | INFO     | src.fetcher | Requesting https://rumbomundo.com/road-conditions-regulations-and-fines-in-iceland
2026-06-27 09:21:38,237 | DEBUG    | src.fetcher | Response 200 in 0.45s (109488 bytes, final URL: https://rumbomundo.com/road-conditions-regulations-and-fines-in-iceland/)
2026-06-27 09:21:38,246 | DEBUG    | src.parser | Removed 110 noise/banner element(s)
2026-06-27 09:21:38,246 | DEBUG    | src.parser | Images: 6 data-URI swapped to real src, 0 dropped
2026-06-27 09:21:38,246 | DEBUG    | src.parser | Content root: <article>
2026-06-27 09:21:38,252 | INFO     | src.parser | Parsed content: 17985 characters
2026-06-27 09:21:38,257 | DEBUG    | src.parser | Found 82 same-domain link(s)
2026-06-27 09:21:38,762 | INFO     | src.crawler | [48/60] depth 1: https://rumbomundo.com/the-most-important-roads-in-iceland
2026-06-27 09:21:38,762 | INFO     | src.fetcher | Requesting https://rumbomundo.com/the-most-important-roads-in-iceland
2026-06-27 09:21:39,210 | DEBUG    | src.fetcher | Response 200 in 0.45s (136159 bytes, final URL: https://rumbomundo.com/the-most-important-roads-in-iceland/)
2026-06-27 09:21:39,220 | DEBUG    | src.parser | Removed 109 noise/banner element(s)
2026-06-27 09:21:39,220 | DEBUG    | src.parser | Images: 26 data-URI swapped to real src, 0 dropped
2026-06-27 09:21:39,221 | DEBUG    | src.parser | Content root: <article>
2026-06-27 09:21:39,230 | INFO     | src.parser | Parsed content: 29074 characters
2026-06-27 09:21:39,238 | DEBUG    | src.parser | Found 134 same-domain link(s)
2026-06-27 09:21:39,741 | INFO     | src.crawler | [49/60] depth 1: https://rumbomundo.com/how-iceland-formed-its-geology-in-a-nutshell
2026-06-27 09:21:39,741 | INFO     | src.fetcher | Requesting https://rumbomundo.com/how-iceland-formed-its-geology-in-a-nutshell
2026-06-27 09:21:40,178 | DEBUG    | src.fetcher | Response 200 in 0.44s (108487 bytes, final URL: https://rumbomundo.com/how-iceland-formed-its-geology-in-a-nutshell/)
2026-06-27 09:21:40,194 | DEBUG    | src.parser | Removed 109 noise/banner element(s)
2026-06-27 09:21:40,195 | DEBUG    | src.parser | Images: 12 data-URI swapped to real src, 0 dropped
2026-06-27 09:21:40,195 | DEBUG    | src.parser | Content root: <article>
2026-06-27 09:21:40,202 | INFO     | src.parser | Parsed content: 14590 characters
2026-06-27 09:21:40,210 | DEBUG    | src.parser | Found 83 same-domain link(s)
2026-06-27 09:21:40,716 | INFO     | src.crawler | [50/60] depth 1: https://rumbomundo.com/how-icelands-volcanoes-work
2026-06-27 09:21:40,716 | INFO     | src.fetcher | Requesting https://rumbomundo.com/how-icelands-volcanoes-work
2026-06-27 09:21:41,162 | DEBUG    | src.fetcher | Response 200 in 0.45s (124462 bytes, final URL: https://rumbomundo.com/how-icelands-volcanoes-work/)
2026-06-27 09:21:41,176 | DEBUG    | src.parser | Removed 109 noise/banner element(s)
2026-06-27 09:21:41,177 | DEBUG    | src.parser | Images: 16 data-URI swapped to real src, 0 dropped
2026-06-27 09:21:41,177 | DEBUG    | src.parser | Content root: <article>
2026-06-27 09:21:41,187 | INFO     | src.parser | Parsed content: 25835 characters
2026-06-27 09:21:41,194 | DEBUG    | src.parser | Found 102 same-domain link(s)
2026-06-27 09:21:41,698 | INFO     | src.crawler | [51/60] depth 1: https://rumbomundo.com/icelands-largest-volcanic-eruptions
2026-06-27 09:21:41,698 | INFO     | src.fetcher | Requesting https://rumbomundo.com/icelands-largest-volcanic-eruptions
2026-06-27 09:21:42,357 | DEBUG    | src.fetcher | Response 200 in 0.66s (122487 bytes, final URL: https://rumbomundo.com/icelands-largest-volcanic-eruptions/)
2026-06-27 09:21:42,368 | DEBUG    | src.parser | Removed 109 noise/banner element(s)
2026-06-27 09:21:42,369 | DEBUG    | src.parser | Images: 12 data-URI swapped to real src, 0 dropped
2026-06-27 09:21:42,369 | DEBUG    | src.parser | Content root: <article>
2026-06-27 09:21:42,378 | INFO     | src.parser | Parsed content: 27624 characters
2026-06-27 09:21:42,386 | DEBUG    | src.parser | Found 88 same-domain link(s)
2026-06-27 09:21:42,887 | INFO     | src.crawler | [52/60] depth 1: https://rumbomundo.com/stunning-effects-of-icelands-volcanism
2026-06-27 09:21:42,887 | INFO     | src.fetcher | Requesting https://rumbomundo.com/stunning-effects-of-icelands-volcanism
2026-06-27 09:21:43,630 | DEBUG    | src.fetcher | Response 200 in 0.74s (121631 bytes, final URL: https://rumbomundo.com/stunning-effects-of-icelands-volcanism/)
2026-06-27 09:21:43,640 | DEBUG    | src.parser | Removed 110 noise/banner element(s)
2026-06-27 09:21:43,640 | DEBUG    | src.parser | Images: 11 data-URI swapped to real src, 0 dropped
2026-06-27 09:21:43,640 | DEBUG    | src.parser | Content root: <article>
2026-06-27 09:21:43,648 | INFO     | src.parser | Parsed content: 21792 characters
2026-06-27 09:21:43,655 | DEBUG    | src.parser | Found 101 same-domain link(s)
2026-06-27 09:21:44,159 | INFO     | src.crawler | [53/60] depth 1: https://rumbomundo.com/geological-history-of-the-myvatn-region
2026-06-27 09:21:44,159 | INFO     | src.fetcher | Requesting https://rumbomundo.com/geological-history-of-the-myvatn-region
2026-06-27 09:21:44,701 | DEBUG    | src.fetcher | Response 200 in 0.54s (101749 bytes, final URL: https://rumbomundo.com/geological-history-of-the-myvatn-region/)
2026-06-27 09:21:44,711 | DEBUG    | src.parser | Removed 110 noise/banner element(s)
2026-06-27 09:21:44,711 | DEBUG    | src.parser | Images: 11 data-URI swapped to real src, 0 dropped
2026-06-27 09:21:44,712 | DEBUG    | src.parser | Content root: <article>
2026-06-27 09:21:44,716 | INFO     | src.parser | Parsed content: 9419 characters
2026-06-27 09:21:44,725 | DEBUG    | src.parser | Found 95 same-domain link(s)
2026-06-27 09:21:45,230 | INFO     | src.crawler | [54/60] depth 1: https://rumbomundo.com/icelands-latest-eruption-meradalir-2022
2026-06-27 09:21:45,230 | INFO     | src.fetcher | Requesting https://rumbomundo.com/icelands-latest-eruption-meradalir-2022
2026-06-27 09:21:45,718 | DEBUG    | src.fetcher | Response 200 in 0.49s (115259 bytes, final URL: https://rumbomundo.com/icelands-latest-eruption-meradalir-2022/)
2026-06-27 09:21:45,732 | DEBUG    | src.parser | Removed 111 noise/banner element(s)
2026-06-27 09:21:45,732 | DEBUG    | src.parser | Images: 11 data-URI swapped to real src, 0 dropped
2026-06-27 09:21:45,732 | DEBUG    | src.parser | Content root: <article>
2026-06-27 09:21:45,738 | INFO     | src.parser | Parsed content: 20177 characters
2026-06-27 09:21:45,744 | DEBUG    | src.parser | Found 86 same-domain link(s)
2026-06-27 09:21:46,248 | INFO     | src.crawler | [55/60] depth 1: https://rumbomundo.com/iceland
2026-06-27 09:21:46,248 | INFO     | src.fetcher | Requesting https://rumbomundo.com/iceland
2026-06-27 09:21:46,720 | DEBUG    | src.fetcher | Response 200 in 0.47s (86736 bytes, final URL: https://rumbomundo.com/iceland/)
2026-06-27 09:21:46,732 | DEBUG    | src.parser | Removed 109 noise/banner element(s)
2026-06-27 09:21:46,733 | DEBUG    | src.parser | Images: 1 data-URI swapped to real src, 0 dropped
2026-06-27 09:21:46,733 | DEBUG    | src.parser | Content root: <body>
2026-06-27 09:21:46,740 | INFO     | src.parser | Parsed content: 4028 characters
2026-06-27 09:21:46,747 | DEBUG    | src.parser | Found 77 same-domain link(s)
2026-06-27 09:21:47,251 | INFO     | src.crawler | [56/60] depth 1: https://rumbomundo.com/iceland/west-iceland
2026-06-27 09:21:47,251 | INFO     | src.fetcher | Requesting https://rumbomundo.com/iceland/west-iceland
2026-06-27 09:21:47,694 | DEBUG    | src.fetcher | Response 200 in 0.44s (87922 bytes, final URL: https://rumbomundo.com/iceland/west-iceland/)
2026-06-27 09:21:47,706 | DEBUG    | src.parser | Removed 109 noise/banner element(s)
2026-06-27 09:21:47,706 | DEBUG    | src.parser | Images: 1 data-URI swapped to real src, 0 dropped
2026-06-27 09:21:47,706 | DEBUG    | src.parser | Content root: <body>
2026-06-27 09:21:47,712 | INFO     | src.parser | Parsed content: 4669 characters
2026-06-27 09:21:47,718 | DEBUG    | src.parser | Found 79 same-domain link(s)
2026-06-27 09:21:48,222 | INFO     | src.crawler | [57/60] depth 1: https://rumbomundo.com/iceland/south-iceland
2026-06-27 09:21:48,223 | INFO     | src.fetcher | Requesting https://rumbomundo.com/iceland/south-iceland
2026-06-27 09:21:48,673 | DEBUG    | src.fetcher | Response 200 in 0.45s (87604 bytes, final URL: https://rumbomundo.com/iceland/south-iceland/)
2026-06-27 09:21:48,684 | DEBUG    | src.parser | Removed 109 noise/banner element(s)
2026-06-27 09:21:48,684 | DEBUG    | src.parser | Images: 1 data-URI swapped to real src, 0 dropped
2026-06-27 09:21:48,685 | DEBUG    | src.parser | Content root: <body>
2026-06-27 09:21:48,690 | INFO     | src.parser | Parsed content: 4248 characters
2026-06-27 09:21:48,698 | DEBUG    | src.parser | Found 82 same-domain link(s)
2026-06-27 09:21:49,203 | INFO     | src.crawler | [58/60] depth 1: https://rumbomundo.com/iceland/east-iceland
2026-06-27 09:21:49,203 | INFO     | src.fetcher | Requesting https://rumbomundo.com/iceland/east-iceland
2026-06-27 09:21:49,652 | DEBUG    | src.fetcher | Response 200 in 0.45s (80486 bytes, final URL: https://rumbomundo.com/iceland/east-iceland/)
2026-06-27 09:21:49,674 | DEBUG    | src.parser | Removed 109 noise/banner element(s)
2026-06-27 09:21:49,674 | DEBUG    | src.parser | Images: 1 data-URI swapped to real src, 0 dropped
2026-06-27 09:21:49,675 | DEBUG    | src.parser | Content root: <body>
2026-06-27 09:21:49,678 | INFO     | src.parser | Parsed content: 2451 characters
2026-06-27 09:21:49,683 | DEBUG    | src.parser | Found 73 same-domain link(s)
2026-06-27 09:21:50,188 | INFO     | src.crawler | [59/60] depth 1: https://rumbomundo.com/iceland/north-iceland
2026-06-27 09:21:50,188 | INFO     | src.fetcher | Requesting https://rumbomundo.com/iceland/north-iceland
2026-06-27 09:21:50,632 | DEBUG    | src.fetcher | Response 200 in 0.44s (87188 bytes, final URL: https://rumbomundo.com/iceland/north-iceland/)
2026-06-27 09:21:50,647 | DEBUG    | src.parser | Removed 109 noise/banner element(s)
2026-06-27 09:21:50,648 | DEBUG    | src.parser | Images: 1 data-URI swapped to real src, 0 dropped
2026-06-27 09:21:50,648 | DEBUG    | src.parser | Content root: <body>
2026-06-27 09:21:50,655 | INFO     | src.parser | Parsed content: 4036 characters
2026-06-27 09:21:50,661 | DEBUG    | src.parser | Found 80 same-domain link(s)
2026-06-27 09:21:51,167 | INFO     | src.crawler | [60/60] depth 1: https://rumbomundo.com/iceland/westfjords
2026-06-27 09:21:51,167 | INFO     | src.fetcher | Requesting https://rumbomundo.com/iceland/westfjords
2026-06-27 09:21:51,651 | DEBUG    | src.fetcher | Response 200 in 0.48s (73001 bytes, final URL: https://rumbomundo.com/iceland/westfjords/)
2026-06-27 09:21:51,659 | DEBUG    | src.parser | Removed 109 noise/banner element(s)
2026-06-27 09:21:51,659 | DEBUG    | src.parser | Images: 1 data-URI swapped to real src, 0 dropped
2026-06-27 09:21:51,659 | DEBUG    | src.parser | Content root: <body>
2026-06-27 09:21:51,660 | INFO     | src.parser | Parsed content: 1096 characters
2026-06-27 09:21:51,664 | DEBUG    | src.parser | Found 67 same-domain link(s)
2026-06-27 09:21:51,664 | INFO     | src.crawler | Crawl finished: 60 page(s) fetched, 969 still queued (limit 60)
2026-06-27 09:21:51,667 | INFO     | __main__ | Saved 60 page(s) to /Users/adamdomachowski/Desktop/coding/page_fetcher/output/rumbomundo_com_crawl_2026-06-27.md
2026-06-27 09:26:20,872 | INFO     | src.crawler | [1/100] depth 0: https://epiciceland.net
2026-06-27 09:26:20,873 | INFO     | src.fetcher | Requesting https://epiciceland.net
2026-06-27 09:26:20,993 | DEBUG    | src.fetcher | Response 200 in 0.12s (138659 bytes, final URL: https://epiciceland.net)
2026-06-27 09:26:21,009 | DEBUG    | src.parser | Removed 70 noise/banner element(s)
2026-06-27 09:26:21,009 | DEBUG    | src.parser | Images: 0 data-URI swapped to real src, 0 dropped
2026-06-27 09:26:21,009 | DEBUG    | src.parser | Content root: <main>
2026-06-27 09:26:21,025 | INFO     | src.parser | Parsed content: 1303 characters
2026-06-27 09:26:21,037 | DEBUG    | src.parser | Found 85 same-domain link(s)
2026-06-27 09:26:21,541 | INFO     | src.crawler | [2/100] depth 1: https://epiciceland.net/discount-codes-iceland-car-rental
2026-06-27 09:26:21,542 | INFO     | src.fetcher | Requesting https://epiciceland.net/discount-codes-iceland-car-rental
2026-06-27 09:26:22,439 | DEBUG    | src.fetcher | Response 200 in 0.90s (253486 bytes, final URL: https://epiciceland.net/discount-codes-iceland-car-rental/)
2026-06-27 09:26:22,474 | DEBUG    | src.parser | Removed 58 noise/banner element(s)
2026-06-27 09:26:22,475 | DEBUG    | src.parser | Images: 0 data-URI swapped to real src, 0 dropped
2026-06-27 09:26:22,475 | DEBUG    | src.parser | Content root: <main>
2026-06-27 09:26:22,519 | INFO     | src.parser | Parsed content: 49908 characters
2026-06-27 09:26:22,543 | DEBUG    | src.parser | Found 93 same-domain link(s)
2026-06-27 09:26:23,046 | INFO     | src.crawler | [3/100] depth 1: https://epiciceland.net/ultimate-icelandic-guides
2026-06-27 09:26:23,047 | INFO     | src.fetcher | Requesting https://epiciceland.net/ultimate-icelandic-guides
2026-06-27 09:26:23,936 | DEBUG    | src.fetcher | Response 200 in 0.89s (119105 bytes, final URL: https://epiciceland.net/ultimate-icelandic-guides/)
2026-06-27 09:26:23,951 | DEBUG    | src.parser | Removed 60 noise/banner element(s)
2026-06-27 09:26:23,951 | DEBUG    | src.parser | Images: 0 data-URI swapped to real src, 0 dropped
2026-06-27 09:26:23,951 | DEBUG    | src.parser | Content root: <main>
2026-06-27 09:26:23,955 | INFO     | src.parser | Parsed content: 60 characters
2026-06-27 09:26:23,967 | DEBUG    | src.parser | Found 83 same-domain link(s)
2026-06-27 09:26:24,472 | INFO     | src.crawler | [4/100] depth 1: https://epiciceland.net/how-to-choose-the-best-car-for-iceland
2026-06-27 09:26:24,473 | INFO     | src.fetcher | Requesting https://epiciceland.net/how-to-choose-the-best-car-for-iceland
2026-06-27 09:26:25,375 | DEBUG    | src.fetcher | Response 200 in 0.90s (365617 bytes, final URL: https://epiciceland.net/how-to-choose-the-best-car-for-iceland/)
2026-06-27 09:26:25,409 | DEBUG    | src.parser | Removed 56 noise/banner element(s)
2026-06-27 09:26:25,410 | DEBUG    | src.parser | Images: 0 data-URI swapped to real src, 0 dropped
2026-06-27 09:26:25,410 | DEBUG    | src.parser | Content root: <main>
2026-06-27 09:26:25,464 | INFO     | src.parser | Parsed content: 88674 characters
2026-06-27 09:26:25,493 | DEBUG    | src.parser | Found 97 same-domain link(s)
2026-06-27 09:26:25,996 | INFO     | src.crawler | [5/100] depth 1: https://epiciceland.net/car-rental-insurance-guide-iceland
2026-06-27 09:26:25,996 | INFO     | src.fetcher | Requesting https://epiciceland.net/car-rental-insurance-guide-iceland
2026-06-27 09:26:26,836 | DEBUG    | src.fetcher | Response 200 in 0.84s (294740 bytes, final URL: https://epiciceland.net/car-rental-insurance-guide-iceland/)
2026-06-27 09:26:26,868 | DEBUG    | src.parser | Removed 53 noise/banner element(s)
2026-06-27 09:26:26,869 | DEBUG    | src.parser | Images: 0 data-URI swapped to real src, 0 dropped
2026-06-27 09:26:26,869 | DEBUG    | src.parser | Content root: <main>
2026-06-27 09:26:26,909 | INFO     | src.parser | Parsed content: 69084 characters
2026-06-27 09:26:26,932 | DEBUG    | src.parser | Found 89 same-domain link(s)
2026-06-27 09:26:27,436 | INFO     | src.crawler | [6/100] depth 1: https://epiciceland.net/how-to-rent-super-jeep-iceland
2026-06-27 09:26:27,437 | INFO     | src.fetcher | Requesting https://epiciceland.net/how-to-rent-super-jeep-iceland
2026-06-27 09:26:28,344 | DEBUG    | src.fetcher | Response 200 in 0.91s (184930 bytes, final URL: https://epiciceland.net/how-to-rent-super-jeep-iceland/)
2026-06-27 09:26:28,366 | DEBUG    | src.parser | Removed 56 noise/banner element(s)
2026-06-27 09:26:28,366 | DEBUG    | src.parser | Images: 0 data-URI swapped to real src, 0 dropped
2026-06-27 09:26:28,366 | DEBUG    | src.parser | Content root: <main>
2026-06-27 09:26:28,382 | INFO     | src.parser | Parsed content: 25366 characters
2026-06-27 09:26:28,396 | DEBUG    | src.parser | Found 87 same-domain link(s)
2026-06-27 09:26:28,902 | INFO     | src.crawler | [7/100] depth 1: https://epiciceland.net/icelandic-rivers-how-to-cross
2026-06-27 09:26:28,902 | INFO     | src.fetcher | Requesting https://epiciceland.net/icelandic-rivers-how-to-cross
2026-06-27 09:26:29,717 | DEBUG    | src.fetcher | Response 200 in 0.81s (261888 bytes, final URL: https://epiciceland.net/icelandic-rivers-how-to-cross/)
2026-06-27 09:26:29,744 | DEBUG    | src.parser | Removed 59 noise/banner element(s)
2026-06-27 09:26:29,745 | DEBUG    | src.parser | Images: 0 data-URI swapped to real src, 0 dropped
2026-06-27 09:26:29,745 | DEBUG    | src.parser | Content root: <main>
2026-06-27 09:26:29,781 | INFO     | src.parser | Parsed content: 52346 characters
2026-06-27 09:26:29,802 | DEBUG    | src.parser | Found 88 same-domain link(s)
2026-06-27 09:26:30,307 | INFO     | src.crawler | [8/100] depth 1: https://epiciceland.net/iceland-real-hidden-gems
2026-06-27 09:26:30,307 | INFO     | src.fetcher | Requesting https://epiciceland.net/iceland-real-hidden-gems
2026-06-27 09:26:31,206 | DEBUG    | src.fetcher | Response 200 in 0.90s (139300 bytes, final URL: https://epiciceland.net/iceland-real-hidden-gems/)
2026-06-27 09:26:31,218 | DEBUG    | src.parser | Removed 55 noise/banner element(s)
2026-06-27 09:26:31,219 | DEBUG    | src.parser | Images: 0 data-URI swapped to real src, 0 dropped
2026-06-27 09:26:31,219 | DEBUG    | src.parser | Content root: <main>
2026-06-27 09:26:31,226 | INFO     | src.parser | Parsed content: 9581 characters
2026-06-27 09:26:31,239 | DEBUG    | src.parser | Found 92 same-domain link(s)
2026-06-27 09:26:31,742 | INFO     | src.crawler | [9/100] depth 1: https://epiciceland.net/guide-how-to-visit-askja
2026-06-27 09:26:31,742 | INFO     | src.fetcher | Requesting https://epiciceland.net/guide-how-to-visit-askja
2026-06-27 09:26:32,564 | DEBUG    | src.fetcher | Response 200 in 0.82s (187415 bytes, final URL: https://epiciceland.net/guide-how-to-visit-askja/)
2026-06-27 09:26:32,582 | DEBUG    | src.parser | Removed 58 noise/banner element(s)
2026-06-27 09:26:32,582 | DEBUG    | src.parser | Images: 0 data-URI swapped to real src, 0 dropped
2026-06-27 09:26:32,582 | DEBUG    | src.parser | Content root: <main>
2026-06-27 09:26:32,598 | INFO     | src.parser | Parsed content: 25922 characters
2026-06-27 09:26:32,611 | DEBUG    | src.parser | Found 95 same-domain link(s)
2026-06-27 09:26:33,116 | INFO     | src.crawler | [10/100] depth 1: https://epiciceland.net/landmannalaugar-1-day-hike-guide
2026-06-27 09:26:33,116 | INFO     | src.fetcher | Requesting https://epiciceland.net/landmannalaugar-1-day-hike-guide
2026-06-27 09:26:33,990 | DEBUG    | src.fetcher | Response 200 in 0.87s (298637 bytes, final URL: https://epiciceland.net/landmannalaugar-1-day-hike-guide/)
2026-06-27 09:26:34,049 | DEBUG    | src.parser | Removed 63 noise/banner element(s)
2026-06-27 09:26:34,049 | DEBUG    | src.parser | Images: 0 data-URI swapped to real src, 0 dropped
2026-06-27 09:26:34,049 | DEBUG    | src.parser | Content root: <main>
2026-06-27 09:26:34,087 | INFO     | src.parser | Parsed content: 73894 characters
2026-06-27 09:26:34,106 | DEBUG    | src.parser | Found 103 same-domain link(s)
2026-06-27 09:26:34,608 | INFO     | src.crawler | [11/100] depth 1: https://epiciceland.net/fimmvorduhals-hike-guide-detailed
2026-06-27 09:26:34,608 | INFO     | src.fetcher | Requesting https://epiciceland.net/fimmvorduhals-hike-guide-detailed
2026-06-27 09:26:35,456 | DEBUG    | src.fetcher | Response 200 in 0.85s (207820 bytes, final URL: https://epiciceland.net/fimmvorduhals-hike-guide-detailed/)
2026-06-27 09:26:35,479 | DEBUG    | src.parser | Removed 56 noise/banner element(s)
2026-06-27 09:26:35,479 | DEBUG    | src.parser | Images: 0 data-URI swapped to real src, 0 dropped
2026-06-27 09:26:35,479 | DEBUG    | src.parser | Content root: <main>
2026-06-27 09:26:35,496 | INFO     | src.parser | Parsed content: 43344 characters
2026-06-27 09:26:35,510 | DEBUG    | src.parser | Found 100 same-domain link(s)
2026-06-27 09:26:36,015 | INFO     | src.crawler | [12/100] depth 1: https://epiciceland.net/guide-to-kerlingarfjoll
2026-06-27 09:26:36,016 | INFO     | src.fetcher | Requesting https://epiciceland.net/guide-to-kerlingarfjoll
2026-06-27 09:26:36,946 | DEBUG    | src.fetcher | Response 200 in 0.93s (207265 bytes, final URL: https://epiciceland.net/guide-to-kerlingarfjoll/)
2026-06-27 09:26:36,975 | DEBUG    | src.parser | Removed 56 noise/banner element(s)
2026-06-27 09:26:36,975 | DEBUG    | src.parser | Images: 0 data-URI swapped to real src, 0 dropped
2026-06-27 09:26:36,975 | DEBUG    | src.parser | Content root: <main>
2026-06-27 09:26:37,001 | INFO     | src.parser | Parsed content: 32190 characters
2026-06-27 09:26:37,016 | DEBUG    | src.parser | Found 93 same-domain link(s)
2026-06-27 09:26:37,521 | INFO     | src.crawler | [13/100] depth 1: https://epiciceland.net/detailed-guide-thorsmork-iceland
2026-06-27 09:26:37,521 | INFO     | src.fetcher | Requesting https://epiciceland.net/detailed-guide-thorsmork-iceland
2026-06-27 09:26:38,339 | DEBUG    | src.fetcher | Response 200 in 0.82s (196776 bytes, final URL: https://epiciceland.net/detailed-guide-thorsmork-iceland/)
2026-06-27 09:26:38,369 | DEBUG    | src.parser | Removed 60 noise/banner element(s)
2026-06-27 09:26:38,369 | DEBUG    | src.parser | Images: 0 data-URI swapped to real src, 0 dropped
2026-06-27 09:26:38,369 | DEBUG    | src.parser | Content root: <main>
2026-06-27 09:26:38,389 | INFO     | src.parser | Parsed content: 34775 characters
2026-06-27 09:26:38,406 | DEBUG    | src.parser | Found 99 same-domain link(s)
2026-06-27 09:26:38,908 | INFO     | src.crawler | [14/100] depth 1: https://epiciceland.net/hornstrandir-guide
2026-06-27 09:26:38,908 | INFO     | src.fetcher | Requesting https://epiciceland.net/hornstrandir-guide
2026-06-27 09:26:39,808 | DEBUG    | src.fetcher | Response 200 in 0.90s (305361 bytes, final URL: https://epiciceland.net/hornstrandir-guide/)
2026-06-27 09:26:39,847 | DEBUG    | src.parser | Removed 58 noise/banner element(s)
2026-06-27 09:26:39,848 | DEBUG    | src.parser | Images: 0 data-URI swapped to real src, 0 dropped
2026-06-27 09:26:39,848 | DEBUG    | src.parser | Content root: <main>
2026-06-27 09:26:39,893 | INFO     | src.parser | Parsed content: 79597 characters
2026-06-27 09:26:39,919 | DEBUG    | src.parser | Found 89 same-domain link(s)
2026-06-27 09:26:40,424 | INFO     | src.crawler | [15/100] depth 1: https://epiciceland.net/list-f-roads-iceland
2026-06-27 09:26:40,425 | INFO     | src.fetcher | Requesting https://epiciceland.net/list-f-roads-iceland
2026-06-27 09:26:41,347 | DEBUG    | src.fetcher | Response 200 in 0.92s (937674 bytes, final URL: https://epiciceland.net/list-f-roads-iceland/)
2026-06-27 09:26:41,425 | DEBUG    | src.parser | Removed 133 noise/banner element(s)
2026-06-27 09:26:41,426 | DEBUG    | src.parser | Images: 0 data-URI swapped to real src, 0 dropped
2026-06-27 09:26:41,426 | DEBUG    | src.parser | Content root: <main>
2026-06-27 09:26:41,560 | INFO     | src.parser | Parsed content: 222477 characters
2026-06-27 09:26:41,623 | DEBUG    | src.parser | Found 124 same-domain link(s)
2026-06-27 09:26:42,128 | INFO     | src.crawler | [16/100] depth 1: https://epiciceland.net/top-places-to-see-in-iceland
2026-06-27 09:26:42,128 | INFO     | src.fetcher | Requesting https://epiciceland.net/top-places-to-see-in-iceland
2026-06-27 09:26:42,941 | DEBUG    | src.fetcher | Response 200 in 0.81s (113635 bytes, final URL: https://epiciceland.net/top-places-to-see-in-iceland/)
2026-06-27 09:26:42,950 | DEBUG    | src.parser | Removed 56 noise/banner element(s)
2026-06-27 09:26:42,950 | DEBUG    | src.parser | Images: 0 data-URI swapped to real src, 0 dropped
2026-06-27 09:26:42,950 | DEBUG    | src.parser | Content root: <main>
2026-06-27 09:26:42,952 | INFO     | src.parser | Parsed content: 50 characters
2026-06-27 09:26:42,960 | DEBUG    | src.parser | Found 86 same-domain link(s)
2026-06-27 09:26:43,465 | INFO     | src.crawler | [17/100] depth 1: https://epiciceland.net/all-hot-springs-iceland
2026-06-27 09:26:43,465 | INFO     | src.fetcher | Requesting https://epiciceland.net/all-hot-springs-iceland
2026-06-27 09:26:44,356 | DEBUG    | src.fetcher | Response 200 in 0.89s (343596 bytes, final URL: https://epiciceland.net/all-hot-springs-iceland/)
2026-06-27 09:26:44,397 | DEBUG    | src.parser | Removed 74 noise/banner element(s)
2026-06-27 09:26:44,398 | DEBUG    | src.parser | Images: 0 data-URI swapped to real src, 0 dropped
2026-06-27 09:26:44,398 | DEBUG    | src.parser | Content root: <main>
2026-06-27 09:26:44,445 | INFO     | src.parser | Parsed content: 82902 characters
2026-06-27 09:26:44,466 | DEBUG    | src.parser | Found 91 same-domain link(s)
2026-06-27 09:26:44,968 | INFO     | src.crawler | [18/100] depth 1: https://epiciceland.net/all-waterfalls-iceland
2026-06-27 09:26:44,968 | INFO     | src.fetcher | Requesting https://epiciceland.net/all-waterfalls-iceland
2026-06-27 09:26:45,807 | DEBUG    | src.fetcher | Response 200 in 0.84s (441138 bytes, final URL: https://epiciceland.net/all-waterfalls-iceland/)
2026-06-27 09:26:45,862 | DEBUG    | src.parser | Removed 52 noise/banner element(s)
2026-06-27 09:26:45,863 | DEBUG    | src.parser | Images: 0 data-URI swapped to real src, 0 dropped
2026-06-27 09:26:45,863 | DEBUG    | src.parser | Content root: <main>
2026-06-27 09:26:45,988 | INFO     | src.parser | Parsed content: 84240 characters
2026-06-27 09:26:46,033 | DEBUG    | src.parser | Found 225 same-domain link(s)
2026-06-27 09:26:46,538 | INFO     | src.crawler | [19/100] depth 1: https://epiciceland.net/best-places-in-highlands-iceland
2026-06-27 09:26:46,538 | INFO     | src.fetcher | Requesting https://epiciceland.net/best-places-in-highlands-iceland
2026-06-27 09:26:47,394 | DEBUG    | src.fetcher | Response 200 in 0.85s (246804 bytes, final URL: https://epiciceland.net/best-places-in-highlands-iceland/)
2026-06-27 09:26:47,424 | DEBUG    | src.parser | Removed 74 noise/banner element(s)
2026-06-27 09:26:47,424 | DEBUG    | src.parser | Images: 0 data-URI swapped to real src, 0 dropped
2026-06-27 09:26:47,424 | DEBUG    | src.parser | Content root: <main>
2026-06-27 09:26:47,455 | INFO     | src.parser | Parsed content: 45828 characters
2026-06-27 09:26:47,474 | DEBUG    | src.parser | Found 88 same-domain link(s)
2026-06-27 09:26:47,979 | INFO     | src.crawler | [20/100] depth 1: https://epiciceland.net/hidden-gems-iceland
2026-06-27 09:26:47,979 | INFO     | src.fetcher | Requesting https://epiciceland.net/hidden-gems-iceland
2026-06-27 09:26:49,025 | DEBUG    | src.fetcher | Response 200 in 1.05s (243569 bytes, final URL: https://epiciceland.net/hidden-gems-iceland/)
2026-06-27 09:26:49,066 | DEBUG    | src.parser | Removed 70 noise/banner element(s)
2026-06-27 09:26:49,066 | DEBUG    | src.parser | Images: 0 data-URI swapped to real src, 0 dropped
2026-06-27 09:26:49,067 | DEBUG    | src.parser | Content root: <main>
2026-06-27 09:26:49,099 | INFO     | src.parser | Parsed content: 46928 characters
2026-06-27 09:26:49,117 | DEBUG    | src.parser | Found 90 same-domain link(s)
2026-06-27 09:26:49,620 | INFO     | src.crawler | [21/100] depth 1: https://epiciceland.net/best-things-to-do-in-snaefellsnes
2026-06-27 09:26:49,620 | INFO     | src.fetcher | Requesting https://epiciceland.net/best-things-to-do-in-snaefellsnes
2026-06-27 09:26:50,460 | DEBUG    | src.fetcher | Response 200 in 0.84s (230609 bytes, final URL: https://epiciceland.net/best-things-to-do-in-snaefellsnes/)
2026-06-27 09:26:50,482 | DEBUG    | src.parser | Removed 52 noise/banner element(s)
2026-06-27 09:26:50,483 | DEBUG    | src.parser | Images: 0 data-URI swapped to real src, 0 dropped
2026-06-27 09:26:50,483 | DEBUG    | src.parser | Content root: <main>
2026-06-27 09:26:50,510 | INFO     | src.parser | Parsed content: 50398 characters
2026-06-27 09:26:50,528 | DEBUG    | src.parser | Found 88 same-domain link(s)
2026-06-27 09:26:51,033 | INFO     | src.crawler | [22/100] depth 1: https://epiciceland.net/best-summer-tours
2026-06-27 09:26:51,033 | INFO     | src.fetcher | Requesting https://epiciceland.net/best-summer-tours
2026-06-27 09:26:51,897 | DEBUG    | src.fetcher | Response 200 in 0.86s (241773 bytes, final URL: https://epiciceland.net/best-summer-tours/)
2026-06-27 09:26:51,927 | DEBUG    | src.parser | Removed 53 noise/banner element(s)
2026-06-27 09:26:51,927 | DEBUG    | src.parser | Images: 0 data-URI swapped to real src, 0 dropped
2026-06-27 09:26:51,927 | DEBUG    | src.parser | Content root: <main>
2026-06-27 09:26:51,959 | INFO     | src.parser | Parsed content: 48913 characters
2026-06-27 09:26:51,978 | DEBUG    | src.parser | Found 108 same-domain link(s)
2026-06-27 09:26:52,484 | INFO     | src.crawler | [23/100] depth 1: https://epiciceland.net/best-winter-tours-iceland
2026-06-27 09:26:52,484 | INFO     | src.fetcher | Requesting https://epiciceland.net/best-winter-tours-iceland
2026-06-27 09:26:53,433 | DEBUG    | src.fetcher | Response 200 in 0.95s (223815 bytes, final URL: https://epiciceland.net/best-winter-tours-iceland/)
2026-06-27 09:26:53,459 | DEBUG    | src.parser | Removed 53 noise/banner element(s)
2026-06-27 09:26:53,460 | DEBUG    | src.parser | Images: 0 data-URI swapped to real src, 0 dropped
2026-06-27 09:26:53,460 | DEBUG    | src.parser | Content root: <main>
2026-06-27 09:26:53,484 | INFO     | src.parser | Parsed content: 35105 characters
2026-06-27 09:26:53,500 | DEBUG    | src.parser | Found 99 same-domain link(s)
2026-06-27 09:26:54,005 | INFO     | src.crawler | [24/100] depth 1: https://epiciceland.net/best-icelandic-landscapes
2026-06-27 09:26:54,005 | INFO     | src.fetcher | Requesting https://epiciceland.net/best-icelandic-landscapes
2026-06-27 09:26:54,850 | DEBUG    | src.fetcher | Response 200 in 0.84s (193439 bytes, final URL: https://epiciceland.net/best-icelandic-landscapes/)
2026-06-27 09:26:54,879 | DEBUG    | src.parser | Removed 60 noise/banner element(s)
2026-06-27 09:26:54,879 | DEBUG    | src.parser | Images: 0 data-URI swapped to real src, 0 dropped
2026-06-27 09:26:54,879 | DEBUG    | src.parser | Content root: <main>
2026-06-27 09:26:54,899 | INFO     | src.parser | Parsed content: 34512 characters
2026-06-27 09:26:54,916 | DEBUG    | src.parser | Found 95 same-domain link(s)
2026-06-27 09:26:55,421 | INFO     | src.crawler | [25/100] depth 1: https://epiciceland.net/best-icelandic-hot-springs
2026-06-27 09:26:55,421 | INFO     | src.fetcher | Requesting https://epiciceland.net/best-icelandic-hot-springs
2026-06-27 09:26:56,241 | DEBUG    | src.fetcher | Response 200 in 0.82s (167489 bytes, final URL: https://epiciceland.net/best-icelandic-hot-springs/)
2026-06-27 09:26:56,261 | DEBUG    | src.parser | Removed 58 noise/banner element(s)
2026-06-27 09:26:56,261 | DEBUG    | src.parser | Images: 0 data-URI swapped to real src, 0 dropped
2026-06-27 09:26:56,261 | DEBUG    | src.parser | Content root: <main>
2026-06-27 09:26:56,273 | INFO     | src.parser | Parsed content: 25140 characters
2026-06-27 09:26:56,284 | DEBUG    | src.parser | Found 97 same-domain link(s)
2026-06-27 09:26:56,789 | INFO     | src.crawler | [26/100] depth 1: https://epiciceland.net/best-icelandic-roads
2026-06-27 09:26:56,789 | INFO     | src.fetcher | Requesting https://epiciceland.net/best-icelandic-roads
2026-06-27 09:26:57,617 | DEBUG    | src.fetcher | Response 200 in 0.83s (184828 bytes, final URL: https://epiciceland.net/best-icelandic-roads/)
2026-06-27 09:26:57,638 | DEBUG    | src.parser | Removed 57 noise/banner element(s)
2026-06-27 09:26:57,638 | DEBUG    | src.parser | Images: 0 data-URI swapped to real src, 0 dropped
2026-06-27 09:26:57,639 | DEBUG    | src.parser | Content root: <main>
2026-06-27 09:26:57,653 | INFO     | src.parser | Parsed content: 28686 characters
2026-06-27 09:26:57,668 | DEBUG    | src.parser | Found 102 same-domain link(s)
2026-06-27 09:26:58,173 | INFO     | src.crawler | [27/100] depth 1: https://epiciceland.net/best-waterfalls-iceland-easy-access
2026-06-27 09:26:58,173 | INFO     | src.fetcher | Requesting https://epiciceland.net/best-waterfalls-iceland-easy-access
2026-06-27 09:26:59,020 | DEBUG    | src.fetcher | Response 200 in 0.85s (157040 bytes, final URL: https://epiciceland.net/best-waterfalls-iceland-easy-access/)
2026-06-27 09:26:59,048 | DEBUG    | src.parser | Removed 63 noise/banner element(s)
2026-06-27 09:26:59,048 | DEBUG    | src.parser | Images: 0 data-URI swapped to real src, 0 dropped
2026-06-27 09:26:59,048 | DEBUG    | src.parser | Content root: <main>
2026-06-27 09:26:59,062 | INFO     | src.parser | Parsed content: 18844 characters
2026-06-27 09:26:59,078 | DEBUG    | src.parser | Found 96 same-domain link(s)
2026-06-27 09:26:59,583 | INFO     | src.crawler | [28/100] depth 1: https://epiciceland.net/highlands
2026-06-27 09:26:59,583 | INFO     | src.fetcher | Requesting https://epiciceland.net/highlands
2026-06-27 09:27:00,532 | DEBUG    | src.fetcher | Response 200 in 0.95s (184625 bytes, final URL: https://epiciceland.net/highlands/)
2026-06-27 09:27:00,552 | DEBUG    | src.parser | Removed 62 noise/banner element(s)
2026-06-27 09:27:00,552 | DEBUG    | src.parser | Images: 0 data-URI swapped to real src, 0 dropped
2026-06-27 09:27:00,552 | DEBUG    | src.parser | Content root: <main>
2026-06-27 09:27:00,568 | INFO     | src.parser | Parsed content: 26229 characters
2026-06-27 09:27:00,584 | DEBUG    | src.parser | Found 93 same-domain link(s)
2026-06-27 09:27:01,087 | INFO     | src.crawler | [29/100] depth 1: https://epiciceland.net/thorsmork-valley-road-trip
2026-06-27 09:27:01,088 | INFO     | src.fetcher | Requesting https://epiciceland.net/thorsmork-valley-road-trip
2026-06-27 09:27:01,931 | DEBUG    | src.fetcher | Response 200 in 0.84s (183097 bytes, final URL: https://epiciceland.net/thorsmork-valley-road-trip/)
2026-06-27 09:27:01,949 | DEBUG    | src.parser | Removed 60 noise/banner element(s)
2026-06-27 09:27:01,949 | DEBUG    | src.parser | Images: 0 data-URI swapped to real src, 0 dropped
2026-06-27 09:27:01,949 | DEBUG    | src.parser | Content root: <main>
2026-06-27 09:27:01,963 | INFO     | src.parser | Parsed content: 31368 characters
2026-06-27 09:27:01,975 | DEBUG    | src.parser | Found 100 same-domain link(s)
2026-06-27 09:27:02,480 | INFO     | src.crawler | [30/100] depth 1: https://epiciceland.net/fjallabak-highlands-south-iceland
2026-06-27 09:27:02,480 | INFO     | src.fetcher | Requesting https://epiciceland.net/fjallabak-highlands-south-iceland
2026-06-27 09:27:03,366 | DEBUG    | src.fetcher | Response 200 in 0.89s (229990 bytes, final URL: https://epiciceland.net/fjallabak-highlands-south-iceland/)
2026-06-27 09:27:03,401 | DEBUG    | src.parser | Removed 67 noise/banner element(s)
2026-06-27 09:27:03,401 | DEBUG    | src.parser | Images: 0 data-URI swapped to real src, 0 dropped
2026-06-27 09:27:03,401 | DEBUG    | src.parser | Content root: <main>
2026-06-27 09:27:03,427 | INFO     | src.parser | Parsed content: 46161 characters
2026-06-27 09:27:03,469 | DEBUG    | src.parser | Found 95 same-domain link(s)
2026-06-27 09:27:03,974 | INFO     | src.crawler | [31/100] depth 1: https://epiciceland.net/fimmvorduhals-hike-skogar-thorsmork-iceland
2026-06-27 09:27:03,974 | INFO     | src.fetcher | Requesting https://epiciceland.net/fimmvorduhals-hike-skogar-thorsmork-iceland
2026-06-27 09:27:04,860 | DEBUG    | src.fetcher | Response 200 in 0.89s (157036 bytes, final URL: https://epiciceland.net/fimmvorduhals-hike-skogar-thorsmork-iceland/)
2026-06-27 09:27:04,876 | DEBUG    | src.parser | Removed 55 noise/banner element(s)
2026-06-27 09:27:04,876 | DEBUG    | src.parser | Images: 0 data-URI swapped to real src, 0 dropped
2026-06-27 09:27:04,877 | DEBUG    | src.parser | Content root: <main>
2026-06-27 09:27:04,883 | INFO     | src.parser | Parsed content: 18237 characters
2026-06-27 09:27:04,893 | DEBUG    | src.parser | Found 95 same-domain link(s)
2026-06-27 09:27:05,395 | INFO     | src.crawler | [32/100] depth 1: https://epiciceland.net/laki-craters-complete-guide
2026-06-27 09:27:05,395 | INFO     | src.fetcher | Requesting https://epiciceland.net/laki-craters-complete-guide
2026-06-27 09:27:06,336 | DEBUG    | src.fetcher | Response 200 in 0.94s (164859 bytes, final URL: https://epiciceland.net/laki-craters-complete-guide/)
2026-06-27 09:27:06,354 | DEBUG    | src.parser | Removed 57 noise/banner element(s)
2026-06-27 09:27:06,355 | DEBUG    | src.parser | Images: 0 data-URI swapped to real src, 0 dropped
2026-06-27 09:27:06,355 | DEBUG    | src.parser | Content root: <main>
2026-06-27 09:27:06,365 | INFO     | src.parser | Parsed content: 21377 characters
2026-06-27 09:27:06,376 | DEBUG    | src.parser | Found 91 same-domain link(s)
2026-06-27 09:27:06,881 | INFO     | src.crawler | [33/100] depth 1: https://epiciceland.net/hekla-landmannalaugar-highlands-iceland
2026-06-27 09:27:06,881 | INFO     | src.fetcher | Requesting https://epiciceland.net/hekla-landmannalaugar-highlands-iceland
2026-06-27 09:27:07,732 | DEBUG    | src.fetcher | Response 200 in 0.85s (196519 bytes, final URL: https://epiciceland.net/hekla-landmannalaugar-highlands-iceland/)
2026-06-27 09:27:07,750 | DEBUG    | src.parser | Removed 60 noise/banner element(s)
2026-06-27 09:27:07,751 | DEBUG    | src.parser | Images: 0 data-URI swapped to real src, 0 dropped
2026-06-27 09:27:07,751 | DEBUG    | src.parser | Content root: <main>
2026-06-27 09:27:07,771 | INFO     | src.parser | Parsed content: 29474 characters
2026-06-27 09:27:07,785 | DEBUG    | src.parser | Found 95 same-domain link(s)
2026-06-27 09:27:08,291 | INFO     | src.crawler | [34/100] depth 1: https://epiciceland.net/secret-hot-spring-canyon-highlands
2026-06-27 09:27:08,291 | INFO     | src.fetcher | Requesting https://epiciceland.net/secret-hot-spring-canyon-highlands
2026-06-27 09:27:09,101 | DEBUG    | src.fetcher | Response 200 in 0.81s (182082 bytes, final URL: https://epiciceland.net/secret-hot-spring-canyon-highlands/)
2026-06-27 09:27:09,119 | DEBUG    | src.parser | Removed 63 noise/banner element(s)
2026-06-27 09:27:09,119 | DEBUG    | src.parser | Images: 0 data-URI swapped to real src, 0 dropped
2026-06-27 09:27:09,119 | DEBUG    | src.parser | Content root: <main>
2026-06-27 09:27:09,134 | INFO     | src.parser | Parsed content: 25742 characters
2026-06-27 09:27:09,147 | DEBUG    | src.parser | Found 97 same-domain link(s)
2026-06-27 09:27:09,649 | INFO     | src.crawler | [35/100] depth 1: https://epiciceland.net/langisjor-guide
2026-06-27 09:27:09,649 | INFO     | src.fetcher | Requesting https://epiciceland.net/langisjor-guide
2026-06-27 09:27:10,472 | DEBUG    | src.fetcher | Response 200 in 0.82s (214521 bytes, final URL: https://epiciceland.net/langisjor-guide/)
2026-06-27 09:27:10,496 | DEBUG    | src.parser | Removed 63 noise/banner element(s)
2026-06-27 09:27:10,496 | DEBUG    | src.parser | Images: 0 data-URI swapped to real src, 0 dropped
2026-06-27 09:27:10,496 | DEBUG    | src.parser | Content root: <main>
2026-06-27 09:27:10,524 | INFO     | src.parser | Parsed content: 43837 characters
2026-06-27 09:27:10,541 | DEBUG    | src.parser | Found 87 same-domain link(s)
2026-06-27 09:27:11,046 | INFO     | src.crawler | [36/100] depth 1: https://epiciceland.net/north-highlands-iceland
2026-06-27 09:27:11,046 | INFO     | src.fetcher | Requesting https://epiciceland.net/north-highlands-iceland
2026-06-27 09:27:12,069 | DEBUG    | src.fetcher | Response 200 in 1.02s (147314 bytes, final URL: https://epiciceland.net/north-highlands-iceland/)
2026-06-27 09:27:12,082 | DEBUG    | src.parser | Removed 56 noise/banner element(s)
2026-06-27 09:27:12,082 | DEBUG    | src.parser | Images: 0 data-URI swapped to real src, 0 dropped
2026-06-27 09:27:12,082 | DEBUG    | src.parser | Content root: <main>
2026-06-27 09:27:12,090 | INFO     | src.parser | Parsed content: 13279 characters
2026-06-27 09:27:12,101 | DEBUG    | src.parser | Found 92 same-domain link(s)
2026-06-27 09:27:12,606 | INFO     | src.crawler | [37/100] depth 1: https://epiciceland.net/borgarfjordur-eystri
2026-06-27 09:27:12,606 | INFO     | src.fetcher | Requesting https://epiciceland.net/borgarfjordur-eystri
2026-06-27 09:27:13,436 | DEBUG    | src.fetcher | Response 200 in 0.83s (156404 bytes, final URL: https://epiciceland.net/borgarfjordur-eystri/)
2026-06-27 09:27:13,456 | DEBUG    | src.parser | Removed 56 noise/banner element(s)
2026-06-27 09:27:13,456 | DEBUG    | src.parser | Images: 0 data-URI swapped to real src, 0 dropped
2026-06-27 09:27:13,456 | DEBUG    | src.parser | Content root: <main>
2026-06-27 09:27:13,466 | INFO     | src.parser | Parsed content: 15428 characters
2026-06-27 09:27:13,478 | DEBUG    | src.parser | Found 93 same-domain link(s)
2026-06-27 09:27:13,983 | INFO     | src.crawler | [38/100] depth 1: https://epiciceland.net/south-east-highlands
2026-06-27 09:27:13,983 | INFO     | src.fetcher | Requesting https://epiciceland.net/south-east-highlands
2026-06-27 09:27:14,832 | DEBUG    | src.fetcher | Response 200 in 0.85s (177336 bytes, final URL: https://epiciceland.net/south-east-highlands/)
2026-06-27 09:27:14,848 | DEBUG    | src.parser | Removed 55 noise/banner element(s)
2026-06-27 09:27:14,849 | DEBUG    | src.parser | Images: 0 data-URI swapped to real src, 0 dropped
2026-06-27 09:27:14,849 | DEBUG    | src.parser | Content root: <main>
2026-06-27 09:27:14,859 | INFO     | src.parser | Parsed content: 24469 characters
2026-06-27 09:27:14,871 | DEBUG    | src.parser | Found 95 same-domain link(s)
2026-06-27 09:27:15,376 | INFO     | src.crawler | [39/100] depth 1: https://epiciceland.net/thakgil-guide-best-hiking-trails
2026-06-27 09:27:15,376 | INFO     | src.fetcher | Requesting https://epiciceland.net/thakgil-guide-best-hiking-trails
2026-06-27 09:27:16,225 | DEBUG    | src.fetcher | Response 200 in 0.85s (257375 bytes, final URL: https://epiciceland.net/thakgil-guide-best-hiking-trails/)
2026-06-27 09:27:16,250 | DEBUG    | src.parser | Removed 56 noise/banner element(s)
2026-06-27 09:27:16,251 | DEBUG    | src.parser | Images: 0 data-URI swapped to real src, 0 dropped
2026-06-27 09:27:16,251 | DEBUG    | src.parser | Content root: <main>
2026-06-27 09:27:16,280 | INFO     | src.parser | Parsed content: 55561 characters
2026-06-27 09:27:16,304 | DEBUG    | src.parser | Found 98 same-domain link(s)
2026-06-27 09:27:16,809 | INFO     | src.crawler | [40/100] depth 1: https://epiciceland.net/iceland-12-day-road-trip-journey
2026-06-27 09:27:16,809 | INFO     | src.fetcher | Requesting https://epiciceland.net/iceland-12-day-road-trip-journey
2026-06-27 09:27:17,643 | DEBUG    | src.fetcher | Response 200 in 0.83s (114142 bytes, final URL: https://epiciceland.net/iceland-12-day-road-trip-journey/)
2026-06-27 09:27:17,665 | DEBUG    | src.parser | Removed 55 noise/banner element(s)
2026-06-27 09:27:17,665 | DEBUG    | src.parser | Images: 0 data-URI swapped to real src, 0 dropped
2026-06-27 09:27:17,666 | DEBUG    | src.parser | Content root: <main>
2026-06-27 09:27:17,669 | INFO     | src.parser | Parsed content: 59 characters
2026-06-27 09:27:17,681 | DEBUG    | src.parser | Found 82 same-domain link(s)
2026-06-27 09:27:18,182 | INFO     | src.crawler | [41/100] depth 1: https://epiciceland.net/day-1-arrival-and-reykjavik
2026-06-27 09:27:18,182 | INFO     | src.fetcher | Requesting https://epiciceland.net/day-1-arrival-and-reykjavik
2026-06-27 09:27:19,017 | DEBUG    | src.fetcher | Response 200 in 0.83s (131732 bytes, final URL: https://epiciceland.net/day-1-arrival-and-reykjavik/)
2026-06-27 09:27:19,028 | DEBUG    | src.parser | Removed 52 noise/banner element(s)
2026-06-27 09:27:19,028 | DEBUG    | src.parser | Images: 0 data-URI swapped to real src, 0 dropped
2026-06-27 09:27:19,028 | DEBUG    | src.parser | Content root: <main>
2026-06-27 09:27:19,033 | INFO     | src.parser | Parsed content: 8840 characters
2026-06-27 09:27:19,045 | DEBUG    | src.parser | Found 90 same-domain link(s)
2026-06-27 09:27:19,550 | INFO     | src.crawler | [42/100] depth 1: https://epiciceland.net/day-2-journey-south-west-iceland
2026-06-27 09:27:19,550 | INFO     | src.fetcher | Requesting https://epiciceland.net/day-2-journey-south-west-iceland
2026-06-27 09:27:20,361 | DEBUG    | src.fetcher | Response 200 in 0.81s (141178 bytes, final URL: https://epiciceland.net/day-2-journey-south-west-iceland/)
2026-06-27 09:27:20,374 | DEBUG    | src.parser | Removed 57 noise/banner element(s)
2026-06-27 09:27:20,374 | DEBUG    | src.parser | Images: 0 data-URI swapped to real src, 0 dropped
2026-06-27 09:27:20,374 | DEBUG    | src.parser | Content root: <main>
2026-06-27 09:27:20,380 | INFO     | src.parser | Parsed content: 12322 characters
2026-06-27 09:27:20,390 | DEBUG    | src.parser | Found 92 same-domain link(s)
2026-06-27 09:27:20,895 | INFO     | src.crawler | [43/100] depth 1: https://epiciceland.net/day-3-journey-to-langisjor-and-landmannalaugar
2026-06-27 09:27:20,895 | INFO     | src.fetcher | Requesting https://epiciceland.net/day-3-journey-to-langisjor-and-landmannalaugar
2026-06-27 09:27:21,703 | DEBUG    | src.fetcher | Response 200 in 0.81s (204945 bytes, final URL: https://epiciceland.net/day-3-journey-to-langisjor-and-landmannalaugar/)
2026-06-27 09:27:21,724 | DEBUG    | src.parser | Removed 59 noise/banner element(s)
2026-06-27 09:27:21,724 | DEBUG    | src.parser | Images: 0 data-URI swapped to real src, 0 dropped
2026-06-27 09:27:21,724 | DEBUG    | src.parser | Content root: <main>
2026-06-27 09:27:21,747 | INFO     | src.parser | Parsed content: 35581 characters
2026-06-27 09:27:21,764 | DEBUG    | src.parser | Found 94 same-domain link(s)
2026-06-27 09:27:22,269 | INFO     | src.crawler | [44/100] depth 1: https://epiciceland.net/day-4-journey-landmannalaugar-and-back-north
2026-06-27 09:27:22,269 | INFO     | src.fetcher | Requesting https://epiciceland.net/day-4-journey-landmannalaugar-and-back-north
2026-06-27 09:27:23,099 | DEBUG    | src.fetcher | Response 200 in 0.83s (180299 bytes, final URL: https://epiciceland.net/day-4-journey-landmannalaugar-and-back-north/)
2026-06-27 09:27:23,118 | DEBUG    | src.parser | Removed 61 noise/banner element(s)
2026-06-27 09:27:23,118 | DEBUG    | src.parser | Images: 0 data-URI swapped to real src, 0 dropped
2026-06-27 09:27:23,118 | DEBUG    | src.parser | Content root: <main>
2026-06-27 09:27:23,131 | INFO     | src.parser | Parsed content: 28459 characters
2026-06-27 09:27:23,143 | DEBUG    | src.parser | Found 96 same-domain link(s)
2026-06-27 09:27:23,648 | INFO     | src.crawler | [45/100] depth 1: https://epiciceland.net/day-5-journey-south-east-iceland
2026-06-27 09:27:23,648 | INFO     | src.fetcher | Requesting https://epiciceland.net/day-5-journey-south-east-iceland
2026-06-27 09:27:24,562 | DEBUG    | src.fetcher | Response 200 in 0.91s (153134 bytes, final URL: https://epiciceland.net/day-5-journey-south-east-iceland/)
2026-06-27 09:27:24,576 | DEBUG    | src.parser | Removed 58 noise/banner element(s)
2026-06-27 09:27:24,577 | DEBUG    | src.parser | Images: 0 data-URI swapped to real src, 0 dropped
2026-06-27 09:27:24,577 | DEBUG    | src.parser | Content root: <main>
2026-06-27 09:27:24,584 | INFO     | src.parser | Parsed content: 16840 characters
2026-06-27 09:27:24,596 | DEBUG    | src.parser | Found 92 same-domain link(s)
2026-06-27 09:27:25,101 | INFO     | src.crawler | [46/100] depth 1: https://epiciceland.net/day-6-askja-studlagil-canyon
2026-06-27 09:27:25,102 | INFO     | src.fetcher | Requesting https://epiciceland.net/day-6-askja-studlagil-canyon
2026-06-27 09:27:25,915 | DEBUG    | src.fetcher | Response 200 in 0.81s (173061 bytes, final URL: https://epiciceland.net/day-6-askja-studlagil-canyon/)
2026-06-27 09:27:25,944 | DEBUG    | src.parser | Removed 65 noise/banner element(s)
2026-06-27 09:27:25,944 | DEBUG    | src.parser | Images: 0 data-URI swapped to real src, 0 dropped
2026-06-27 09:27:25,945 | DEBUG    | src.parser | Content root: <main>
2026-06-27 09:27:25,961 | INFO     | src.parser | Parsed content: 22645 characters
2026-06-27 09:27:25,975 | DEBUG    | src.parser | Found 98 same-domain link(s)
2026-06-27 09:27:26,479 | INFO     | src.crawler | [47/100] depth 1: https://epiciceland.net/day-7-north-iceland
2026-06-27 09:27:26,479 | INFO     | src.fetcher | Requesting https://epiciceland.net/day-7-north-iceland
2026-06-27 09:27:27,285 | DEBUG    | src.fetcher | Response 200 in 0.81s (165599 bytes, final URL: https://epiciceland.net/day-7-north-iceland/)
2026-06-27 09:27:27,307 | DEBUG    | src.parser | Removed 63 noise/banner element(s)
2026-06-27 09:27:27,307 | DEBUG    | src.parser | Images: 0 data-URI swapped to real src, 0 dropped
2026-06-27 09:27:27,307 | DEBUG    | src.parser | Content root: <main>
2026-06-27 09:27:27,320 | INFO     | src.parser | Parsed content: 19370 characters
2026-06-27 09:27:27,331 | DEBUG    | src.parser | Found 99 same-domain link(s)
2026-06-27 09:27:27,836 | INFO     | src.crawler | [48/100] depth 1: https://epiciceland.net/day-8-hveravellir-kerlingarfjoll
2026-06-27 09:27:27,837 | INFO     | src.fetcher | Requesting https://epiciceland.net/day-8-hveravellir-kerlingarfjoll
2026-06-27 09:27:28,764 | DEBUG    | src.fetcher | Response 200 in 0.93s (167923 bytes, final URL: https://epiciceland.net/day-8-hveravellir-kerlingarfjoll/)
2026-06-27 09:27:28,781 | DEBUG    | src.parser | Removed 64 noise/banner element(s)
2026-06-27 09:27:28,781 | DEBUG    | src.parser | Images: 0 data-URI swapped to real src, 0 dropped
2026-06-27 09:27:28,781 | DEBUG    | src.parser | Content root: <main>
2026-06-27 09:27:28,806 | INFO     | src.parser | Parsed content: 23270 characters
2026-06-27 09:27:28,825 | DEBUG    | src.parser | Found 95 same-domain link(s)
2026-06-27 09:27:29,328 | INFO     | src.crawler | [49/100] depth 1: https://epiciceland.net/day-9-hot-springs-and-snaefellsness
2026-06-27 09:27:29,329 | INFO     | src.fetcher | Requesting https://epiciceland.net/day-9-hot-springs-and-snaefellsness
2026-06-27 09:27:29,898 | DEBUG    | src.fetcher | Response 200 in 0.57s (137999 bytes, final URL: https://epiciceland.net/day-9-hot-springs-and-snaefellsness/)
2026-06-27 09:27:29,912 | DEBUG    | src.parser | Removed 52 noise/banner element(s)
2026-06-27 09:27:29,912 | DEBUG    | src.parser | Images: 0 data-URI swapped to real src, 0 dropped
2026-06-27 09:27:29,912 | DEBUG    | src.parser | Content root: <main>
2026-06-27 09:27:29,918 | INFO     | src.parser | Parsed content: 15706 characters
2026-06-27 09:27:29,928 | DEBUG    | src.parser | Found 94 same-domain link(s)
2026-06-27 09:27:30,430 | INFO     | src.crawler | [50/100] depth 1: https://epiciceland.net/day-10-south-snaefellsnes-to-drangsnes
2026-06-27 09:27:30,430 | INFO     | src.fetcher | Requesting https://epiciceland.net/day-10-south-snaefellsnes-to-drangsnes
2026-06-27 09:27:31,256 | DEBUG    | src.fetcher | Response 200 in 0.83s (142634 bytes, final URL: https://epiciceland.net/day-10-south-snaefellsnes-to-drangsnes/)
2026-06-27 09:27:31,267 | DEBUG    | src.parser | Removed 52 noise/banner element(s)
2026-06-27 09:27:31,267 | DEBUG    | src.parser | Images: 0 data-URI swapped to real src, 0 dropped
2026-06-27 09:27:31,267 | DEBUG    | src.parser | Content root: <main>
2026-06-27 09:27:31,274 | INFO     | src.parser | Parsed content: 14406 characters
2026-06-27 09:27:31,283 | DEBUG    | src.parser | Found 93 same-domain link(s)
2026-06-27 09:27:31,787 | INFO     | src.crawler | [51/100] depth 1: https://epiciceland.net/day-11-northern-westfjords
2026-06-27 09:27:31,787 | INFO     | src.fetcher | Requesting https://epiciceland.net/day-11-northern-westfjords
2026-06-27 09:27:32,591 | DEBUG    | src.fetcher | Response 200 in 0.80s (162877 bytes, final URL: https://epiciceland.net/day-11-northern-westfjords/)
2026-06-27 09:27:32,619 | DEBUG    | src.parser | Removed 59 noise/banner element(s)
2026-06-27 09:27:32,619 | DEBUG    | src.parser | Images: 0 data-URI swapped to real src, 0 dropped
2026-06-27 09:27:32,619 | DEBUG    | src.parser | Content root: <main>
2026-06-27 09:27:32,647 | INFO     | src.parser | Parsed content: 19393 characters
2026-06-27 09:27:32,659 | DEBUG    | src.parser | Found 99 same-domain link(s)
2026-06-27 09:27:33,164 | INFO     | src.crawler | [52/100] depth 1: https://epiciceland.net/day-12-south-westfjords
2026-06-27 09:27:33,164 | INFO     | src.fetcher | Requesting https://epiciceland.net/day-12-south-westfjords
2026-06-27 09:27:33,987 | DEBUG    | src.fetcher | Response 200 in 0.82s (177129 bytes, final URL: https://epiciceland.net/day-12-south-westfjords/)
2026-06-27 09:27:34,006 | DEBUG    | src.parser | Removed 60 noise/banner element(s)
2026-06-27 09:27:34,006 | DEBUG    | src.parser | Images: 0 data-URI swapped to real src, 0 dropped
2026-06-27 09:27:34,006 | DEBUG    | src.parser | Content root: <main>
2026-06-27 09:27:34,022 | INFO     | src.parser | Parsed content: 22556 characters
2026-06-27 09:27:34,034 | DEBUG    | src.parser | Found 101 same-domain link(s)
2026-06-27 09:27:34,539 | INFO     | src.crawler | [53/100] depth 1: https://epiciceland.net/westman-islands-guide-things-to-do
2026-06-27 09:27:34,540 | INFO     | src.fetcher | Requesting https://epiciceland.net/westman-islands-guide-things-to-do
2026-06-27 09:27:35,361 | DEBUG    | src.fetcher | Response 200 in 0.82s (212416 bytes, final URL: https://epiciceland.net/westman-islands-guide-things-to-do/)
2026-06-27 09:27:35,384 | DEBUG    | src.parser | Removed 55 noise/banner element(s)
2026-06-27 09:27:35,384 | DEBUG    | src.parser | Images: 0 data-URI swapped to real src, 0 dropped
2026-06-27 09:27:35,384 | DEBUG    | src.parser | Content root: <main>
2026-06-27 09:27:35,402 | INFO     | src.parser | Parsed content: 39897 characters
2026-06-27 09:27:35,416 | DEBUG    | src.parser | Found 105 same-domain link(s)
2026-06-27 09:27:35,921 | INFO     | src.crawler | [54/100] depth 1: https://epiciceland.net/important-tips-for-holiday-iceland
2026-06-27 09:27:35,921 | INFO     | src.fetcher | Requesting https://epiciceland.net/important-tips-for-holiday-iceland
2026-06-27 09:27:36,936 | DEBUG    | src.fetcher | Response 200 in 1.01s (112631 bytes, final URL: https://epiciceland.net/important-tips-for-holiday-iceland/)
2026-06-27 09:27:36,947 | DEBUG    | src.parser | Removed 56 noise/banner element(s)
2026-06-27 09:27:36,947 | DEBUG    | src.parser | Images: 0 data-URI swapped to real src, 0 dropped
2026-06-27 09:27:36,947 | DEBUG    | src.parser | Content root: <main>
2026-06-27 09:27:36,949 | INFO     | src.parser | Parsed content: 0 characters
2026-06-27 09:27:36,949 | WARNING  | src.parser | Parsed content is empty — page may be JS-rendered or blocked
2026-06-27 09:27:36,957 | DEBUG    | src.parser | Found 82 same-domain link(s)
2026-06-27 09:27:37,462 | INFO     | src.crawler | [55/100] depth 1: https://epiciceland.net/guided-tours-or-rent-a-car-in-iceland
2026-06-27 09:27:37,462 | INFO     | src.fetcher | Requesting https://epiciceland.net/guided-tours-or-rent-a-car-in-iceland
2026-06-27 09:27:38,352 | DEBUG    | src.fetcher | Response 200 in 0.89s (189122 bytes, final URL: https://epiciceland.net/guided-tours-or-rent-a-car-in-iceland/)
2026-06-27 09:27:38,387 | DEBUG    | src.parser | Removed 53 noise/banner element(s)
2026-06-27 09:27:38,387 | DEBUG    | src.parser | Images: 0 data-URI swapped to real src, 0 dropped
2026-06-27 09:27:38,387 | DEBUG    | src.parser | Content root: <main>
2026-06-27 09:27:38,407 | INFO     | src.parser | Parsed content: 25380 characters
2026-06-27 09:27:38,421 | DEBUG    | src.parser | Found 84 same-domain link(s)
2026-06-27 09:27:38,924 | INFO     | src.crawler | [56/100] depth 1: https://epiciceland.net/campervan-or-car-iceland-comparison
2026-06-27 09:27:38,924 | INFO     | src.fetcher | Requesting https://epiciceland.net/campervan-or-car-iceland-comparison
2026-06-27 09:27:39,788 | DEBUG    | src.fetcher | Response 200 in 0.86s (173408 bytes, final URL: https://epiciceland.net/campervan-or-car-iceland-comparison/)
2026-06-27 09:27:39,808 | DEBUG    | src.parser | Removed 53 noise/banner element(s)
2026-06-27 09:27:39,808 | DEBUG    | src.parser | Images: 0 data-URI swapped to real src, 0 dropped
2026-06-27 09:27:39,808 | DEBUG    | src.parser | Content root: <main>
2026-06-27 09:27:39,825 | INFO     | src.parser | Parsed content: 20820 characters
2026-06-27 09:27:39,841 | DEBUG    | src.parser | Found 85 same-domain link(s)
2026-06-27 09:27:40,346 | INFO     | src.crawler | [57/100] depth 1: https://epiciceland.net/icelandic-road-system
2026-06-27 09:27:40,346 | INFO     | src.fetcher | Requesting https://epiciceland.net/icelandic-road-system
2026-06-27 09:27:41,254 | DEBUG    | src.fetcher | Response 200 in 0.91s (188698 bytes, final URL: https://epiciceland.net/icelandic-road-system/)
2026-06-27 09:27:41,282 | DEBUG    | src.parser | Removed 58 noise/banner element(s)
2026-06-27 09:27:41,282 | DEBUG    | src.parser | Images: 0 data-URI swapped to real src, 0 dropped
2026-06-27 09:27:41,283 | DEBUG    | src.parser | Content root: <main>
2026-06-27 09:27:41,303 | INFO     | src.parser | Parsed content: 26594 characters
2026-06-27 09:27:41,319 | DEBUG    | src.parser | Found 96 same-domain link(s)
2026-06-27 09:27:41,824 | INFO     | src.crawler | [58/100] depth 1: https://epiciceland.net/nice-weather-in-iceland
2026-06-27 09:27:41,824 | INFO     | src.fetcher | Requesting https://epiciceland.net/nice-weather-in-iceland
2026-06-27 09:27:42,682 | DEBUG    | src.fetcher | Response 200 in 0.86s (152727 bytes, final URL: https://epiciceland.net/nice-weather-in-iceland/)
2026-06-27 09:27:42,709 | DEBUG    | src.parser | Removed 52 noise/banner element(s)
2026-06-27 09:27:42,709 | DEBUG    | src.parser | Images: 0 data-URI swapped to real src, 0 dropped
2026-06-27 09:27:42,709 | DEBUG    | src.parser | Content root: <main>
2026-06-27 09:27:42,720 | INFO     | src.parser | Parsed content: 16514 characters
2026-06-27 09:27:42,732 | DEBUG    | src.parser | Found 96 same-domain link(s)
2026-06-27 09:27:43,238 | INFO     | src.crawler | [59/100] depth 1: https://epiciceland.net/when-to-visit-iceland
2026-06-27 09:27:43,238 | INFO     | src.fetcher | Requesting https://epiciceland.net/when-to-visit-iceland
2026-06-27 09:27:43,822 | DEBUG    | src.fetcher | Response 200 in 0.58s (148689 bytes, final URL: https://epiciceland.net/when-to-visit-iceland/)
2026-06-27 09:27:43,836 | DEBUG    | src.parser | Removed 56 noise/banner element(s)
2026-06-27 09:27:43,836 | DEBUG    | src.parser | Images: 0 data-URI swapped to real src, 0 dropped
2026-06-27 09:27:43,836 | DEBUG    | src.parser | Content root: <main>
2026-06-27 09:27:43,845 | INFO     | src.parser | Parsed content: 12863 characters
2026-06-27 09:27:43,856 | DEBUG    | src.parser | Found 91 same-domain link(s)
2026-06-27 09:27:44,361 | INFO     | src.crawler | [60/100] depth 1: https://epiciceland.net/rooftop-tent-car-iceland
2026-06-27 09:27:44,361 | INFO     | src.fetcher | Requesting https://epiciceland.net/rooftop-tent-car-iceland
2026-06-27 09:27:44,941 | DEBUG    | src.fetcher | Response 200 in 0.58s (151719 bytes, final URL: https://epiciceland.net/rooftop-tent-car-iceland/)
2026-06-27 09:27:44,970 | DEBUG    | src.parser | Removed 53 noise/banner element(s)
2026-06-27 09:27:44,970 | DEBUG    | src.parser | Images: 0 data-URI swapped to real src, 0 dropped
2026-06-27 09:27:44,970 | DEBUG    | src.parser | Content root: <main>
2026-06-27 09:27:44,983 | INFO     | src.parser | Parsed content: 17122 characters
2026-06-27 09:27:44,996 | DEBUG    | src.parser | Found 87 same-domain link(s)
2026-06-27 09:27:45,501 | INFO     | src.crawler | [61/100] depth 1: https://epiciceland.net/f-roads-google-maps-iceland
2026-06-27 09:27:45,502 | INFO     | src.fetcher | Requesting https://epiciceland.net/f-roads-google-maps-iceland
2026-06-27 09:27:46,368 | DEBUG    | src.fetcher | Response 200 in 0.87s (126618 bytes, final URL: https://epiciceland.net/f-roads-google-maps-iceland/)
2026-06-27 09:27:46,383 | DEBUG    | src.parser | Removed 52 noise/banner element(s)
2026-06-27 09:27:46,383 | DEBUG    | src.parser | Images: 0 data-URI swapped to real src, 0 dropped
2026-06-27 09:27:46,383 | DEBUG    | src.parser | Content root: <main>
2026-06-27 09:27:46,387 | INFO     | src.parser | Parsed content: 8960 characters
2026-06-27 09:27:46,396 | DEBUG    | src.parser | Found 87 same-domain link(s)
2026-06-27 09:27:46,899 | INFO     | src.crawler | [62/100] depth 1: https://epiciceland.net/list-of-places-to-see
2026-06-27 09:27:46,899 | INFO     | src.fetcher | Requesting https://epiciceland.net/list-of-places-to-see
2026-06-27 09:27:47,488 | DEBUG    | src.fetcher | Response 200 in 0.59s (291566 bytes, final URL: https://epiciceland.net/list-of-places-to-see/)
2026-06-27 09:27:47,535 | DEBUG    | src.parser | Removed 57 noise/banner element(s)
2026-06-27 09:27:47,535 | DEBUG    | src.parser | Images: 0 data-URI swapped to real src, 0 dropped
2026-06-27 09:27:47,535 | DEBUG    | src.parser | Content root: <main>
2026-06-27 09:27:47,600 | INFO     | src.parser | Parsed content: 15215 characters
2026-06-27 09:27:47,632 | DEBUG    | src.parser | Found 88 same-domain link(s)
2026-06-27 09:27:48,137 | INFO     | src.crawler | [63/100] depth 1: https://epiciceland.net/iceland-top-10-day-itinerary
2026-06-27 09:27:48,137 | INFO     | src.fetcher | Requesting https://epiciceland.net/iceland-top-10-day-itinerary
2026-06-27 09:27:48,957 | DEBUG    | src.fetcher | Response 200 in 0.82s (223140 bytes, final URL: https://epiciceland.net/iceland-top-10-day-itinerary/)
2026-06-27 09:27:48,988 | DEBUG    | src.parser | Removed 45 noise/banner element(s)
2026-06-27 09:27:48,988 | DEBUG    | src.parser | Images: 0 data-URI swapped to real src, 0 dropped
2026-06-27 09:27:48,988 | DEBUG    | src.parser | Content root: <main>
2026-06-27 09:27:49,010 | INFO     | src.parser | Parsed content: 20283 characters
2026-06-27 09:27:49,027 | DEBUG    | src.parser | Found 84 same-domain link(s)
2026-06-27 09:27:49,532 | INFO     | src.crawler | [64/100] depth 1: https://epiciceland.net/private-tours
2026-06-27 09:27:49,532 | INFO     | src.fetcher | Requesting https://epiciceland.net/private-tours
2026-06-27 09:27:50,369 | DEBUG    | src.fetcher | Response 200 in 0.84s (112938 bytes, final URL: https://epiciceland.net/private-tours/)
2026-06-27 09:27:50,379 | DEBUG    | src.parser | Removed 49 noise/banner element(s)
2026-06-27 09:27:50,379 | DEBUG    | src.parser | Images: 0 data-URI swapped to real src, 0 dropped
2026-06-27 09:27:50,379 | DEBUG    | src.parser | Content root: <main>
2026-06-27 09:27:50,381 | INFO     | src.parser | Parsed content: 2733 characters
2026-06-27 09:27:50,389 | DEBUG    | src.parser | Found 83 same-domain link(s)
2026-06-27 09:27:50,894 | INFO     | src.crawler | [65/100] depth 1: https://epiciceland.net/winter
2026-06-27 09:27:50,895 | INFO     | src.fetcher | Requesting https://epiciceland.net/winter
2026-06-27 09:27:51,899 | DEBUG    | src.fetcher | Response 200 in 1.00s (111126 bytes, final URL: https://epiciceland.net/winter/)
2026-06-27 09:27:51,912 | DEBUG    | src.parser | Removed 54 noise/banner element(s)
2026-06-27 09:27:51,912 | DEBUG    | src.parser | Images: 0 data-URI swapped to real src, 0 dropped
2026-06-27 09:27:51,912 | DEBUG    | src.parser | Content root: <main>
2026-06-27 09:27:51,914 | INFO     | src.parser | Parsed content: 175 characters
2026-06-27 09:27:51,922 | DEBUG    | src.parser | Found 82 same-domain link(s)
2026-06-27 09:27:52,427 | INFO     | src.crawler | [66/100] depth 1: https://epiciceland.net/winter-itinerary-south-iceland
2026-06-27 09:27:52,428 | INFO     | src.fetcher | Requesting https://epiciceland.net/winter-itinerary-south-iceland
2026-06-27 09:27:53,443 | DEBUG    | src.fetcher | Response 200 in 1.01s (175238 bytes, final URL: https://epiciceland.net/winter-itinerary-south-iceland/)
2026-06-27 09:27:53,463 | DEBUG    | src.parser | Removed 55 noise/banner element(s)
2026-06-27 09:27:53,463 | DEBUG    | src.parser | Images: 0 data-URI swapped to real src, 0 dropped
2026-06-27 09:27:53,463 | DEBUG    | src.parser | Content root: <main>
2026-06-27 09:27:53,473 | INFO     | src.parser | Parsed content: 20087 characters
2026-06-27 09:27:53,483 | DEBUG    | src.parser | Found 95 same-domain link(s)
2026-06-27 09:27:53,988 | INFO     | src.crawler | [67/100] depth 1: https://epiciceland.net/winter-itinerary-east-iceland
2026-06-27 09:27:53,989 | INFO     | src.fetcher | Requesting https://epiciceland.net/winter-itinerary-east-iceland
2026-06-27 09:27:54,869 | DEBUG    | src.fetcher | Response 200 in 0.88s (154931 bytes, final URL: https://epiciceland.net/winter-itinerary-east-iceland/)
2026-06-27 09:27:54,881 | DEBUG    | src.parser | Removed 55 noise/banner element(s)
2026-06-27 09:27:54,881 | DEBUG    | src.parser | Images: 0 data-URI swapped to real src, 0 dropped
2026-06-27 09:27:54,881 | DEBUG    | src.parser | Content root: <main>
2026-06-27 09:27:54,888 | INFO     | src.parser | Parsed content: 15860 characters
2026-06-27 09:27:54,899 | DEBUG    | src.parser | Found 96 same-domain link(s)
2026-06-27 09:27:55,403 | INFO     | src.crawler | [68/100] depth 1: https://epiciceland.net/north-iceland-winter-itinerary
2026-06-27 09:27:55,404 | INFO     | src.fetcher | Requesting https://epiciceland.net/north-iceland-winter-itinerary
2026-06-27 09:27:56,419 | DEBUG    | src.fetcher | Response 200 in 1.02s (163112 bytes, final URL: https://epiciceland.net/north-iceland-winter-itinerary/)
2026-06-27 09:27:56,438 | DEBUG    | src.parser | Removed 55 noise/banner element(s)
2026-06-27 09:27:56,438 | DEBUG    | src.parser | Images: 0 data-URI swapped to real src, 0 dropped
2026-06-27 09:27:56,438 | DEBUG    | src.parser | Content root: <main>
2026-06-27 09:27:56,447 | INFO     | src.parser | Parsed content: 15786 characters
2026-06-27 09:27:56,458 | DEBUG    | src.parser | Found 93 same-domain link(s)
2026-06-27 09:27:56,963 | INFO     | src.crawler | [69/100] depth 1: https://epiciceland.net/snaefellsnes-winter-itinerary
2026-06-27 09:27:56,963 | INFO     | src.fetcher | Requesting https://epiciceland.net/snaefellsnes-winter-itinerary
2026-06-27 09:27:57,793 | DEBUG    | src.fetcher | Response 200 in 0.83s (144107 bytes, final URL: https://epiciceland.net/snaefellsnes-winter-itinerary/)
2026-06-27 09:27:57,805 | DEBUG    | src.parser | Removed 55 noise/banner element(s)
2026-06-27 09:27:57,805 | DEBUG    | src.parser | Images: 0 data-URI swapped to real src, 0 dropped
2026-06-27 09:27:57,805 | DEBUG    | src.parser | Content root: <main>
2026-06-27 09:27:57,811 | INFO     | src.parser | Parsed content: 9347 characters
2026-06-27 09:27:57,821 | DEBUG    | src.parser | Found 91 same-domain link(s)
2026-06-27 09:27:58,326 | INFO     | src.crawler | [70/100] depth 1: https://epiciceland.net/best-winter-places-iceland
2026-06-27 09:27:58,326 | INFO     | src.fetcher | Requesting https://epiciceland.net/best-winter-places-iceland
2026-06-27 09:27:59,562 | DEBUG    | src.fetcher | Response 200 in 1.24s (174395 bytes, final URL: https://epiciceland.net/best-winter-places-iceland/)
2026-06-27 09:27:59,592 | DEBUG    | src.parser | Removed 56 noise/banner element(s)
2026-06-27 09:27:59,593 | DEBUG    | src.parser | Images: 0 data-URI swapped to real src, 0 dropped
2026-06-27 09:27:59,593 | DEBUG    | src.parser | Content root: <main>
2026-06-27 09:27:59,624 | INFO     | src.parser | Parsed content: 16698 characters
2026-06-27 09:27:59,636 | DEBUG    | src.parser | Found 86 same-domain link(s)
2026-06-27 09:28:00,141 | INFO     | src.crawler | [71/100] depth 1: https://epiciceland.net/how-is-iceland-in-winter
2026-06-27 09:28:00,141 | INFO     | src.fetcher | Requesting https://epiciceland.net/how-is-iceland-in-winter
2026-06-27 09:28:01,211 | DEBUG    | src.fetcher | Response 200 in 1.07s (188475 bytes, final URL: https://epiciceland.net/how-is-iceland-in-winter/)
2026-06-27 09:28:01,234 | DEBUG    | src.parser | Removed 52 noise/banner element(s)
2026-06-27 09:28:01,234 | DEBUG    | src.parser | Images: 0 data-URI swapped to real src, 0 dropped
2026-06-27 09:28:01,234 | DEBUG    | src.parser | Content root: <main>
2026-06-27 09:28:01,256 | INFO     | src.parser | Parsed content: 33246 characters
2026-06-27 09:28:01,271 | DEBUG    | src.parser | Found 95 same-domain link(s)
2026-06-27 09:28:01,774 | INFO     | src.crawler | [72/100] depth 1: https://epiciceland.net/guide-to-aurora-iceland
2026-06-27 09:28:01,775 | INFO     | src.fetcher | Requesting https://epiciceland.net/guide-to-aurora-iceland
2026-06-27 09:28:02,637 | DEBUG    | src.fetcher | Response 200 in 0.86s (169448 bytes, final URL: https://epiciceland.net/guide-to-aurora-iceland/)
2026-06-27 09:28:02,659 | DEBUG    | src.parser | Removed 52 noise/banner element(s)
2026-06-27 09:28:02,659 | DEBUG    | src.parser | Images: 0 data-URI swapped to real src, 0 dropped
2026-06-27 09:28:02,659 | DEBUG    | src.parser | Content root: <main>
2026-06-27 09:28:02,672 | INFO     | src.parser | Parsed content: 25627 characters
2026-06-27 09:28:02,684 | DEBUG    | src.parser | Found 91 same-domain link(s)
2026-06-27 09:28:03,189 | INFO     | src.crawler | [73/100] depth 1: https://epiciceland.net/ultimate-icelandic-guides-2021
2026-06-27 09:28:03,189 | INFO     | src.fetcher | Requesting https://epiciceland.net/ultimate-icelandic-guides-2021
2026-06-27 09:28:04,166 | DEBUG    | src.fetcher | Response 404 in 0.98s (82588 bytes, final URL: https://epiciceland.net/ultimate-icelandic-guides-2021)
2026-06-27 09:28:04,166 | WARNING  | src.crawler | Skipping https://epiciceland.net/ultimate-icelandic-guides-2021 — HTTP 404
2026-06-27 09:28:04,166 | INFO     | src.crawler | [73/100] depth 1: https://epiciceland.net/map
2026-06-27 09:28:04,166 | INFO     | src.fetcher | Requesting https://epiciceland.net/map
2026-06-27 09:28:04,989 | DEBUG    | src.fetcher | Response 200 in 0.82s (244850 bytes, final URL: https://epiciceland.net/map/)
2026-06-27 09:28:05,013 | DEBUG    | src.parser | Removed 80 noise/banner element(s)
2026-06-27 09:28:05,013 | DEBUG    | src.parser | Images: 0 data-URI swapped to real src, 0 dropped
2026-06-27 09:28:05,013 | DEBUG    | src.parser | Content root: <main>
2026-06-27 09:28:05,034 | INFO     | src.parser | Parsed content: 21464 characters
2026-06-27 09:28:05,052 | DEBUG    | src.parser | Found 94 same-domain link(s)
2026-06-27 09:28:05,558 | INFO     | src.crawler | [74/100] depth 1: https://epiciceland.net/best-active-volcano-tours-in-iceland-2025-eruption
2026-06-27 09:28:05,558 | INFO     | src.fetcher | Requesting https://epiciceland.net/best-active-volcano-tours-in-iceland-2025-eruption
2026-06-27 09:28:06,444 | DEBUG    | src.fetcher | Response 200 in 0.89s (167410 bytes, final URL: https://epiciceland.net/best-active-volcano-tours-in-iceland-2025-eruption/)
2026-06-27 09:28:06,462 | DEBUG    | src.parser | Removed 55 noise/banner element(s)
2026-06-27 09:28:06,462 | DEBUG    | src.parser | Images: 0 data-URI swapped to real src, 0 dropped
2026-06-27 09:28:06,462 | DEBUG    | src.parser | Content root: <main>
2026-06-27 09:28:06,474 | INFO     | src.parser | Parsed content: 16835 characters
2026-06-27 09:28:06,485 | DEBUG    | src.parser | Found 86 same-domain link(s)
2026-06-27 09:28:06,990 | INFO     | src.crawler | [75/100] depth 1: https://epiciceland.net/best-day-trips-from-reykjavik
2026-06-27 09:28:06,991 | INFO     | src.fetcher | Requesting https://epiciceland.net/best-day-trips-from-reykjavik
2026-06-27 09:28:07,817 | DEBUG    | src.fetcher | Response 200 in 0.83s (206229 bytes, final URL: https://epiciceland.net/best-day-trips-from-reykjavik/)
2026-06-27 09:28:07,844 | DEBUG    | src.parser | Removed 52 noise/banner element(s)
2026-06-27 09:28:07,844 | DEBUG    | src.parser | Images: 0 data-URI swapped to real src, 0 dropped
2026-06-27 09:28:07,844 | DEBUG    | src.parser | Content root: <main>
2026-06-27 09:28:07,870 | INFO     | src.parser | Parsed content: 44934 characters
2026-06-27 09:28:07,885 | DEBUG    | src.parser | Found 87 same-domain link(s)
2026-06-27 09:28:08,390 | INFO     | src.crawler | [76/100] depth 1: https://epiciceland.net/how-to-visit-maelifell
2026-06-27 09:28:08,391 | INFO     | src.fetcher | Requesting https://epiciceland.net/how-to-visit-maelifell
2026-06-27 09:28:09,219 | DEBUG    | src.fetcher | Response 200 in 0.83s (197176 bytes, final URL: https://epiciceland.net/how-to-visit-maelifell/)
2026-06-27 09:28:09,243 | DEBUG    | src.parser | Removed 61 noise/banner element(s)
2026-06-27 09:28:09,243 | DEBUG    | src.parser | Images: 0 data-URI swapped to real src, 0 dropped
2026-06-27 09:28:09,243 | DEBUG    | src.parser | Content root: <main>
2026-06-27 09:28:09,263 | INFO     | src.parser | Parsed content: 29860 characters
2026-06-27 09:28:09,277 | DEBUG    | src.parser | Found 87 same-domain link(s)
2026-06-27 09:28:09,782 | INFO     | src.crawler | [77/100] depth 1: https://epiciceland.net/eldgja-guide
2026-06-27 09:28:09,782 | INFO     | src.fetcher | Requesting https://epiciceland.net/eldgja-guide
2026-06-27 09:28:10,832 | DEBUG    | src.fetcher | Response 200 in 1.05s (152653 bytes, final URL: https://epiciceland.net/eldgja-guide/)
2026-06-27 09:28:10,844 | DEBUG    | src.parser | Removed 56 noise/banner element(s)
2026-06-27 09:28:10,845 | DEBUG    | src.parser | Images: 0 data-URI swapped to real src, 0 dropped
2026-06-27 09:28:10,845 | DEBUG    | src.parser | Content root: <main>
2026-06-27 09:28:10,854 | INFO     | src.parser | Parsed content: 16470 characters
2026-06-27 09:28:10,865 | DEBUG    | src.parser | Found 88 same-domain link(s)
2026-06-27 09:28:11,370 | INFO     | src.crawler | [78/100] depth 1: https://epiciceland.net/snaekollur-hike-kerlingarfjoll
2026-06-27 09:28:11,370 | INFO     | src.fetcher | Requesting https://epiciceland.net/snaekollur-hike-kerlingarfjoll
2026-06-27 09:28:12,200 | DEBUG    | src.fetcher | Response 200 in 0.83s (158097 bytes, final URL: https://epiciceland.net/snaekollur-hike-kerlingarfjoll/)
2026-06-27 09:28:12,225 | DEBUG    | src.parser | Removed 56 noise/banner element(s)
2026-06-27 09:28:12,225 | DEBUG    | src.parser | Images: 0 data-URI swapped to real src, 0 dropped
2026-06-27 09:28:12,225 | DEBUG    | src.parser | Content root: <main>
2026-06-27 09:28:12,234 | INFO     | src.parser | Parsed content: 20204 characters
2026-06-27 09:28:12,244 | DEBUG    | src.parser | Found 88 same-domain link(s)
2026-06-27 09:28:12,749 | INFO     | src.crawler | [79/100] depth 1: https://epiciceland.net/feed
2026-06-27 09:28:12,749 | INFO     | src.fetcher | Requesting https://epiciceland.net/feed
2026-06-27 09:28:15,672 | DEBUG    | src.fetcher | Response 200 in 2.92s (717371 bytes, final URL: https://epiciceland.net/feed/)
2026-06-27 09:28:15,738 | DEBUG    | src.parser | Removed 2 noise/banner element(s)
2026-06-27 09:28:15,739 | DEBUG    | src.parser | Images: 0 data-URI swapped to real src, 0 dropped
2026-06-27 09:28:15,743 | DEBUG    | src.parser | Content root: <body>
2026-06-27 09:28:15,875 | INFO     | src.parser | Parsed content: 318422 characters
2026-06-27 09:28:15,923 | DEBUG    | src.parser | Found 86 same-domain link(s)
2026-06-27 09:28:16,424 | INFO     | src.crawler | [80/100] depth 1: https://epiciceland.net/our-references
2026-06-27 09:28:16,425 | INFO     | src.fetcher | Requesting https://epiciceland.net/our-references
2026-06-27 09:28:17,432 | DEBUG    | src.fetcher | Response 200 in 1.01s (161174 bytes, final URL: https://epiciceland.net/our-references/)
2026-06-27 09:28:17,452 | DEBUG    | src.parser | Removed 45 noise/banner element(s)
2026-06-27 09:28:17,452 | DEBUG    | src.parser | Images: 0 data-URI swapped to real src, 0 dropped
2026-06-27 09:28:17,452 | DEBUG    | src.parser | Content root: <main>
2026-06-27 09:28:17,466 | INFO     | src.parser | Parsed content: 19290 characters
2026-06-27 09:28:17,480 | DEBUG    | src.parser | Found 83 same-domain link(s)
2026-06-27 09:28:17,985 | INFO     | src.crawler | [81/100] depth 1: https://epiciceland.net/copyright
2026-06-27 09:28:17,986 | INFO     | src.fetcher | Requesting https://epiciceland.net/copyright
2026-06-27 09:28:18,999 | DEBUG    | src.fetcher | Response 200 in 1.01s (100952 bytes, final URL: https://epiciceland.net/copyright/)
2026-06-27 09:28:19,013 | DEBUG    | src.parser | Removed 45 noise/banner element(s)
2026-06-27 09:28:19,013 | DEBUG    | src.parser | Images: 0 data-URI swapped to real src, 0 dropped
2026-06-27 09:28:19,013 | DEBUG    | src.parser | Content root: <main>
2026-06-27 09:28:19,013 | INFO     | src.parser | Parsed content: 819 characters
2026-06-27 09:28:19,023 | DEBUG    | src.parser | Found 82 same-domain link(s)
2026-06-27 09:28:19,528 | INFO     | src.crawler | [82/100] depth 1: https://epiciceland.net/privacy-policy-2
2026-06-27 09:28:19,528 | INFO     | src.fetcher | Requesting https://epiciceland.net/privacy-policy-2
2026-06-27 09:28:20,319 | DEBUG    | src.fetcher | Response 200 in 0.79s (116159 bytes, final URL: https://epiciceland.net/privacy-policy-2/)
2026-06-27 09:28:20,337 | DEBUG    | src.parser | Removed 46 noise/banner element(s)
2026-06-27 09:28:20,338 | DEBUG    | src.parser | Images: 0 data-URI swapped to real src, 0 dropped
2026-06-27 09:28:20,338 | DEBUG    | src.parser | Content root: <main>
2026-06-27 09:28:20,343 | INFO     | src.parser | Parsed content: 14445 characters
2026-06-27 09:28:20,354 | DEBUG    | src.parser | Found 83 same-domain link(s)
2026-06-27 09:28:20,859 | INFO     | src.crawler | [83/100] depth 1: https://epiciceland.net/image-policy
2026-06-27 09:28:20,859 | INFO     | src.fetcher | Requesting https://epiciceland.net/image-policy
2026-06-27 09:28:21,885 | DEBUG    | src.fetcher | Response 200 in 1.03s (100538 bytes, final URL: https://epiciceland.net/image-policy/)
2026-06-27 09:28:21,897 | DEBUG    | src.parser | Removed 45 noise/banner element(s)
2026-06-27 09:28:21,898 | DEBUG    | src.parser | Images: 0 data-URI swapped to real src, 0 dropped
2026-06-27 09:28:21,898 | DEBUG    | src.parser | Content root: <main>
2026-06-27 09:28:21,898 | INFO     | src.parser | Parsed content: 460 characters
2026-06-27 09:28:21,905 | DEBUG    | src.parser | Found 82 same-domain link(s)
2026-06-27 09:28:22,410 | INFO     | src.crawler | [84/100] depth 1: https://epiciceland.net/contact
2026-06-27 09:28:22,410 | INFO     | src.fetcher | Requesting https://epiciceland.net/contact
2026-06-27 09:28:23,401 | DEBUG    | src.fetcher | Response 200 in 0.99s (103976 bytes, final URL: https://epiciceland.net/contact/)
2026-06-27 09:28:23,414 | DEBUG    | src.parser | Removed 46 noise/banner element(s)
2026-06-27 09:28:23,414 | DEBUG    | src.parser | Images: 0 data-URI swapped to real src, 0 dropped
2026-06-27 09:28:23,414 | DEBUG    | src.parser | Content root: <main>
2026-06-27 09:28:23,416 | INFO     | src.parser | Parsed content: 1134 characters
2026-06-27 09:28:23,426 | DEBUG    | src.parser | Found 83 same-domain link(s)
2026-06-27 09:28:23,929 | INFO     | src.crawler | [85/100] depth 2: https://epiciceland.net/nicetravel
2026-06-27 09:28:23,929 | INFO     | src.fetcher | Requesting https://epiciceland.net/nicetravel
2026-06-27 09:28:24,936 | DEBUG    | src.fetcher | Response 200 in 1.01s (107555 bytes, final URL: https://epiciceland.net/nicetravel/)
2026-06-27 09:28:24,954 | DEBUG    | src.parser | Removed 48 noise/banner element(s)
2026-06-27 09:28:24,954 | DEBUG    | src.parser | Images: 0 data-URI swapped to real src, 0 dropped
2026-06-27 09:28:24,954 | DEBUG    | src.parser | Content root: <main>
2026-06-27 09:28:24,957 | INFO     | src.parser | Parsed content: 2285 characters
2026-06-27 09:28:25,000 | DEBUG    | src.parser | Found 82 same-domain link(s)
2026-06-27 09:28:25,505 | INFO     | src.crawler | [86/100] depth 2: https://epiciceland.net/newsletter
2026-06-27 09:28:25,505 | INFO     | src.fetcher | Requesting https://epiciceland.net/newsletter
2026-06-27 09:28:26,418 | DEBUG    | src.fetcher | Response 200 in 0.91s (102837 bytes, final URL: https://epiciceland.net/newsletter/)
2026-06-27 09:28:26,438 | DEBUG    | src.parser | Removed 48 noise/banner element(s)
2026-06-27 09:28:26,438 | DEBUG    | src.parser | Images: 0 data-URI swapped to real src, 0 dropped
2026-06-27 09:28:26,438 | DEBUG    | src.parser | Content root: <main>
2026-06-27 09:28:26,440 | INFO     | src.parser | Parsed content: 327 characters
2026-06-27 09:28:26,451 | DEBUG    | src.parser | Found 82 same-domain link(s)
2026-06-27 09:28:26,955 | INFO     | src.crawler | [87/100] depth 2: https://epiciceland.net/cdn-cgi/l/email-protection
2026-06-27 09:28:26,955 | INFO     | src.fetcher | Requesting https://epiciceland.net/cdn-cgi/l/email-protection
2026-06-27 09:28:27,010 | DEBUG    | src.fetcher | Response 404 in 0.05s (4721 bytes, final URL: https://epiciceland.net/cdn-cgi/l/email-protection)
2026-06-27 09:28:27,010 | WARNING  | src.crawler | Skipping https://epiciceland.net/cdn-cgi/l/email-protection — HTTP 404
2026-06-27 09:28:27,011 | INFO     | src.crawler | [87/100] depth 2: https://epiciceland.net/go-car-rental-iceland-discount-code
2026-06-27 09:28:27,011 | INFO     | src.fetcher | Requesting https://epiciceland.net/go-car-rental-iceland-discount-code
2026-06-27 09:28:27,988 | DEBUG    | src.fetcher | Response 200 in 0.98s (112067 bytes, final URL: https://epiciceland.net/go-car-rental-iceland-discount-code/)
2026-06-27 09:28:28,006 | DEBUG    | src.parser | Removed 45 noise/banner element(s)
2026-06-27 09:28:28,006 | DEBUG    | src.parser | Images: 0 data-URI swapped to real src, 0 dropped
2026-06-27 09:28:28,006 | DEBUG    | src.parser | Content root: <main>
2026-06-27 09:28:28,009 | INFO     | src.parser | Parsed content: 5592 characters
2026-06-27 09:28:28,017 | DEBUG    | src.parser | Found 85 same-domain link(s)
2026-06-27 09:28:28,521 | INFO     | src.crawler | [88/100] depth 2: https://epiciceland.net/blue-car-rental-iceland-discount-code
2026-06-27 09:28:28,521 | INFO     | src.fetcher | Requesting https://epiciceland.net/blue-car-rental-iceland-discount-code
2026-06-27 09:28:29,165 | DEBUG    | src.fetcher | Response 200 in 0.64s (120526 bytes, final URL: https://epiciceland.net/blue-car-rental-iceland-discount-code/)
2026-06-27 09:28:29,179 | DEBUG    | src.parser | Removed 47 noise/banner element(s)
2026-06-27 09:28:29,179 | DEBUG    | src.parser | Images: 0 data-URI swapped to real src, 0 dropped
2026-06-27 09:28:29,179 | DEBUG    | src.parser | Content root: <main>
2026-06-27 09:28:29,183 | INFO     | src.parser | Parsed content: 8144 characters
2026-06-27 09:28:29,194 | DEBUG    | src.parser | Found 85 same-domain link(s)
2026-06-27 09:28:29,699 | INFO     | src.crawler | [89/100] depth 2: https://epiciceland.net/go-campers-iceland-discount-code
2026-06-27 09:28:29,700 | INFO     | src.fetcher | Requesting https://epiciceland.net/go-campers-iceland-discount-code
2026-06-27 09:28:30,508 | DEBUG    | src.fetcher | Response 200 in 0.81s (119757 bytes, final URL: https://epiciceland.net/go-campers-iceland-discount-code/)
2026-06-27 09:28:30,528 | DEBUG    | src.parser | Removed 47 noise/banner element(s)
2026-06-27 09:28:30,528 | DEBUG    | src.parser | Images: 0 data-URI swapped to real src, 0 dropped
2026-06-27 09:28:30,528 | DEBUG    | src.parser | Content root: <main>
2026-06-27 09:28:30,535 | INFO     | src.parser | Parsed content: 7928 characters
2026-06-27 09:28:30,546 | DEBUG    | src.parser | Found 85 same-domain link(s)
2026-06-27 09:28:31,051 | INFO     | src.crawler | [90/100] depth 2: https://epiciceland.net/happy-campers-iceland-discount-code
2026-06-27 09:28:31,051 | INFO     | src.fetcher | Requesting https://epiciceland.net/happy-campers-iceland-discount-code
2026-06-27 09:28:31,852 | DEBUG    | src.fetcher | Response 200 in 0.80s (125257 bytes, final URL: https://epiciceland.net/happy-campers-iceland-discount-code/)
2026-06-27 09:28:31,863 | DEBUG    | src.parser | Removed 47 noise/banner element(s)
2026-06-27 09:28:31,863 | DEBUG    | src.parser | Images: 0 data-URI swapped to real src, 0 dropped
2026-06-27 09:28:31,863 | DEBUG    | src.parser | Content root: <main>
2026-06-27 09:28:31,869 | INFO     | src.parser | Parsed content: 8665 characters
2026-06-27 09:28:31,878 | DEBUG    | src.parser | Found 84 same-domain link(s)
2026-06-27 09:28:32,383 | INFO     | src.crawler | [91/100] depth 2: https://epiciceland.net/elding-iceland-discount-code
2026-06-27 09:28:32,383 | INFO     | src.fetcher | Requesting https://epiciceland.net/elding-iceland-discount-code
2026-06-27 09:28:33,249 | DEBUG    | src.fetcher | Response 200 in 0.87s (145331 bytes, final URL: https://epiciceland.net/elding-iceland-discount-code/)
2026-06-27 09:28:33,267 | DEBUG    | src.parser | Removed 47 noise/banner element(s)
2026-06-27 09:28:33,267 | DEBUG    | src.parser | Images: 0 data-URI swapped to real src, 0 dropped
2026-06-27 09:28:33,267 | DEBUG    | src.parser | Content root: <main>
2026-06-27 09:28:33,275 | INFO     | src.parser | Parsed content: 16614 characters
2026-06-27 09:28:33,286 | DEBUG    | src.parser | Found 84 same-domain link(s)
2026-06-27 09:28:33,791 | INFO     | src.crawler | [92/100] depth 2: https://epiciceland.net/local-guide-of-vatnajokull-discount-code
2026-06-27 09:28:33,791 | INFO     | src.fetcher | Requesting https://epiciceland.net/local-guide-of-vatnajokull-discount-code
2026-06-27 09:28:34,706 | DEBUG    | src.fetcher | Response 200 in 0.91s (153733 bytes, final URL: https://epiciceland.net/local-guide-of-vatnajokull-discount-code/)
2026-06-27 09:28:34,733 | DEBUG    | src.parser | Removed 47 noise/banner element(s)
2026-06-27 09:28:34,734 | DEBUG    | src.parser | Images: 0 data-URI swapped to real src, 0 dropped
2026-06-27 09:28:34,734 | DEBUG    | src.parser | Content root: <main>
2026-06-27 09:28:34,746 | INFO     | src.parser | Parsed content: 19879 characters
2026-06-27 09:28:34,759 | DEBUG    | src.parser | Found 84 same-domain link(s)
2026-06-27 09:28:35,263 | INFO     | src.crawler | [93/100] depth 2: https://epiciceland.net/borea-adventures-iceland-review
2026-06-27 09:28:35,264 | INFO     | src.fetcher | Requesting https://epiciceland.net/borea-adventures-iceland-review
2026-06-27 09:28:36,078 | DEBUG    | src.fetcher | Response 200 in 0.81s (160108 bytes, final URL: https://epiciceland.net/borea-adventures-iceland-review/)
2026-06-27 09:28:36,094 | DEBUG    | src.parser | Removed 47 noise/banner element(s)
2026-06-27 09:28:36,094 | DEBUG    | src.parser | Images: 0 data-URI swapped to real src, 0 dropped
2026-06-27 09:28:36,094 | DEBUG    | src.parser | Content root: <main>
2026-06-27 09:28:36,107 | INFO     | src.parser | Parsed content: 22495 characters
2026-06-27 09:28:36,119 | DEBUG    | src.parser | Found 84 same-domain link(s)
2026-06-27 09:28:36,624 | INFO     | src.crawler | [94/100] depth 2: https://epiciceland.net/secret-lagoon-iceland-discount-code
2026-06-27 09:28:36,624 | INFO     | src.fetcher | Requesting https://epiciceland.net/secret-lagoon-iceland-discount-code
2026-06-27 09:28:37,469 | DEBUG    | src.fetcher | Response 200 in 0.84s (131543 bytes, final URL: https://epiciceland.net/secret-lagoon-iceland-discount-code/)
2026-06-27 09:28:37,481 | DEBUG    | src.parser | Removed 47 noise/banner element(s)
2026-06-27 09:28:37,481 | DEBUG    | src.parser | Images: 0 data-URI swapped to real src, 0 dropped
2026-06-27 09:28:37,481 | DEBUG    | src.parser | Content root: <main>
2026-06-27 09:28:37,489 | INFO     | src.parser | Parsed content: 11659 characters
2026-06-27 09:28:37,500 | DEBUG    | src.parser | Found 84 same-domain link(s)
2026-06-27 09:28:38,006 | INFO     | src.crawler | [95/100] depth 2: https://epiciceland.net/graenihryggur-hike
2026-06-27 09:28:38,006 | INFO     | src.fetcher | Requesting https://epiciceland.net/graenihryggur-hike
2026-06-27 09:28:38,904 | DEBUG    | src.fetcher | Response 200 in 0.90s (176173 bytes, final URL: https://epiciceland.net/graenihryggur-hike/)
2026-06-27 09:28:38,931 | DEBUG    | src.parser | Removed 55 noise/banner element(s)
2026-06-27 09:28:38,932 | DEBUG    | src.parser | Images: 0 data-URI swapped to real src, 0 dropped
2026-06-27 09:28:38,932 | DEBUG    | src.parser | Content root: <main>
2026-06-27 09:28:38,948 | INFO     | src.parser | Parsed content: 25631 characters
2026-06-27 09:28:38,960 | DEBUG    | src.parser | Found 85 same-domain link(s)
2026-06-27 09:28:39,463 | INFO     | src.crawler | [96/100] depth 2: https://epiciceland.net/campeasy-iceland-review
2026-06-27 09:28:39,463 | INFO     | src.fetcher | Requesting https://epiciceland.net/campeasy-iceland-review
2026-06-27 09:28:40,279 | DEBUG    | src.fetcher | Response 200 in 0.82s (137145 bytes, final URL: https://epiciceland.net/campeasy-iceland-review/)
2026-06-27 09:28:40,295 | DEBUG    | src.parser | Removed 47 noise/banner element(s)
2026-06-27 09:28:40,295 | DEBUG    | src.parser | Images: 0 data-URI swapped to real src, 0 dropped
2026-06-27 09:28:40,295 | DEBUG    | src.parser | Content root: <main>
2026-06-27 09:28:40,302 | INFO     | src.parser | Parsed content: 16818 characters
2026-06-27 09:28:40,311 | DEBUG    | src.parser | Found 83 same-domain link(s)
2026-06-27 09:28:40,816 | INFO     | src.crawler | [97/100] depth 2: https://epiciceland.net/top-10-easy-f-roads
2026-06-27 09:28:40,817 | INFO     | src.fetcher | Requesting https://epiciceland.net/top-10-easy-f-roads
2026-06-27 09:28:41,774 | DEBUG    | src.fetcher | Response 200 in 0.96s (214978 bytes, final URL: https://epiciceland.net/top-10-easy-f-roads/)
2026-06-27 09:28:41,808 | DEBUG    | src.parser | Removed 64 noise/banner element(s)
2026-06-27 09:28:41,808 | DEBUG    | src.parser | Images: 0 data-URI swapped to real src, 0 dropped
2026-06-27 09:28:41,808 | DEBUG    | src.parser | Content root: <main>
2026-06-27 09:28:41,836 | INFO     | src.parser | Parsed content: 39101 characters
2026-06-27 09:28:41,853 | DEBUG    | src.parser | Found 88 same-domain link(s)
2026-06-27 09:28:42,358 | INFO     | src.crawler | [98/100] depth 2: https://epiciceland.net/day-2-journey-south-iceland
2026-06-27 09:28:42,359 | INFO     | src.fetcher | Requesting https://epiciceland.net/day-2-journey-south-iceland
2026-06-27 09:28:43,239 | DEBUG    | src.fetcher | Response 200 in 0.88s (141178 bytes, final URL: https://epiciceland.net/day-2-journey-south-west-iceland/)
2026-06-27 09:28:43,262 | DEBUG    | src.parser | Removed 57 noise/banner element(s)
2026-06-27 09:28:43,263 | DEBUG    | src.parser | Images: 0 data-URI swapped to real src, 0 dropped
2026-06-27 09:28:43,263 | DEBUG    | src.parser | Content root: <main>
2026-06-27 09:28:43,271 | INFO     | src.parser | Parsed content: 12322 characters
2026-06-27 09:28:43,287 | DEBUG    | src.parser | Found 93 same-domain link(s)
2026-06-27 09:28:43,792 | INFO     | src.crawler | [99/100] depth 2: https://epiciceland.net/tag/car
2026-06-27 09:28:43,792 | INFO     | src.fetcher | Requesting https://epiciceland.net/tag/car
2026-06-27 09:28:44,831 | DEBUG    | src.fetcher | Response 200 in 1.04s (149814 bytes, final URL: https://epiciceland.net/tag/car/)
2026-06-27 09:28:44,848 | DEBUG    | src.parser | Removed 52 noise/banner element(s)
2026-06-27 09:28:44,848 | DEBUG    | src.parser | Images: 0 data-URI swapped to real src, 0 dropped
2026-06-27 09:28:44,848 | DEBUG    | src.parser | Content root: <main>
2026-06-27 09:28:44,859 | INFO     | src.parser | Parsed content: 19732 characters
2026-06-27 09:28:44,870 | DEBUG    | src.parser | Found 88 same-domain link(s)
2026-06-27 09:28:45,373 | INFO     | src.crawler | [100/100] depth 2: https://epiciceland.net/tag/car-insurance
2026-06-27 09:28:45,373 | INFO     | src.fetcher | Requesting https://epiciceland.net/tag/car-insurance
2026-06-27 09:28:46,199 | DEBUG    | src.fetcher | Response 200 in 0.83s (207495 bytes, final URL: https://epiciceland.net/tag/car-insurance/)
2026-06-27 09:28:46,221 | DEBUG    | src.parser | Removed 61 noise/banner element(s)
2026-06-27 09:28:46,221 | DEBUG    | src.parser | Images: 0 data-URI swapped to real src, 0 dropped
2026-06-27 09:28:46,221 | DEBUG    | src.parser | Content root: <main>
2026-06-27 09:28:46,248 | INFO     | src.parser | Parsed content: 47092 characters
2026-06-27 09:28:46,264 | DEBUG    | src.parser | Found 89 same-domain link(s)
2026-06-27 09:28:46,264 | INFO     | src.crawler | Crawl finished: 100 page(s) fetched, 616 still queued (limit 100)
2026-06-27 09:28:46,271 | INFO     | __main__ | Saved 100 page(s) to /Users/adamdomachowski/Desktop/coding/page_fetcher/output/epiciceland_net_crawl_2026-06-27.md
2026-06-27 10:37:54,836 | INFO     | src.crawler | [1/100] depth 0: https://www.vatnajokulsthjodgardur.is/en
2026-06-27 10:37:54,836 | INFO     | src.fetcher | Requesting https://www.vatnajokulsthjodgardur.is/en
2026-06-27 10:37:55,088 | DEBUG    | src.fetcher | Response 200 in 0.25s (217497 bytes, final URL: https://www.vatnajokulsthjodgardur.is/en)
2026-06-27 10:37:55,104 | DEBUG    | src.parser | Removed 20 noise/banner element(s)
2026-06-27 10:37:55,104 | DEBUG    | src.parser | Images: 0 data-URI swapped to real src, 0 dropped
2026-06-27 10:37:55,104 | DEBUG    | src.parser | Content root: <main>
2026-06-27 10:37:55,131 | INFO     | src.parser | Parsed content: 10823 characters
2026-06-27 10:37:55,137 | DEBUG    | src.parser | Found 34 same-domain link(s)
2026-06-27 10:37:55,642 | INFO     | src.crawler | [2/100] depth 1: https://www.vatnajokulsthjodgardur.is/en/news/natturuverndarstofnun-tekin-til-starfa
2026-06-27 10:37:55,642 | INFO     | src.fetcher | Requesting https://www.vatnajokulsthjodgardur.is/en/news/natturuverndarstofnun-tekin-til-starfa
2026-06-27 10:37:55,965 | DEBUG    | src.fetcher | Response 200 in 0.32s (79897 bytes, final URL: https://www.vatnajokulsthjodgardur.is/en/news/natturuverndarstofnun-tekin-til-starfa)
2026-06-27 10:37:55,970 | DEBUG    | src.parser | Removed 17 noise/banner element(s)
2026-06-27 10:37:55,970 | DEBUG    | src.parser | Images: 0 data-URI swapped to real src, 0 dropped
2026-06-27 10:37:55,970 | DEBUG    | src.parser | Content root: <main>
2026-06-27 10:37:55,972 | INFO     | src.parser | Parsed content: 1281 characters
2026-06-27 10:37:55,974 | DEBUG    | src.parser | Found 14 same-domain link(s)
2026-06-27 10:37:56,479 | INFO     | src.crawler | [3/100] depth 1: https://www.vatnajokulsthjodgardur.is
2026-06-27 10:37:56,479 | INFO     | src.fetcher | Requesting https://www.vatnajokulsthjodgardur.is
2026-06-27 10:37:56,641 | DEBUG    | src.fetcher | Response 200 in 0.16s (251504 bytes, final URL: https://www.vatnajokulsthjodgardur.is)
2026-06-27 10:37:56,655 | DEBUG    | src.parser | Removed 20 noise/banner element(s)
2026-06-27 10:37:56,656 | DEBUG    | src.parser | Images: 0 data-URI swapped to real src, 0 dropped
2026-06-27 10:37:56,656 | DEBUG    | src.parser | Content root: <main>
2026-06-27 10:37:56,672 | INFO     | src.parser | Parsed content: 12305 characters
2026-06-27 10:37:56,679 | DEBUG    | src.parser | Found 38 same-domain link(s)
2026-06-27 10:37:57,184 | INFO     | src.crawler | [4/100] depth 1: https://www.vatnajokulsthjodgardur.is/en/news
2026-06-27 10:37:57,184 | INFO     | src.fetcher | Requesting https://www.vatnajokulsthjodgardur.is/en/news
2026-06-27 10:37:57,741 | DEBUG    | src.fetcher | Response 200 in 0.56s (141624 bytes, final URL: https://www.vatnajokulsthjodgardur.is/en/news)
2026-06-27 10:37:57,750 | DEBUG    | src.parser | Removed 17 noise/banner element(s)
2026-06-27 10:37:57,750 | DEBUG    | src.parser | Images: 0 data-URI swapped to real src, 0 dropped
2026-06-27 10:37:57,751 | DEBUG    | src.parser | Content root: <main>
2026-06-27 10:37:57,758 | INFO     | src.parser | Parsed content: 7756 characters
2026-06-27 10:37:57,762 | DEBUG    | src.parser | Found 34 same-domain link(s)
2026-06-27 10:37:58,268 | INFO     | src.crawler | [5/100] depth 1: https://www.vatnajokulsthjodgardur.is/en/news/reduced-opening-hours-of-visitor-centres-november-13th-15th
2026-06-27 10:37:58,268 | INFO     | src.fetcher | Requesting https://www.vatnajokulsthjodgardur.is/en/news/reduced-opening-hours-of-visitor-centres-november-13th-15th
2026-06-27 10:37:58,758 | DEBUG    | src.fetcher | Response 200 in 0.49s (78998 bytes, final URL: https://www.vatnajokulsthjodgardur.is/en/news/reduced-opening-hours-of-visitor-centres-november-13th-15th)
2026-06-27 10:37:58,763 | DEBUG    | src.parser | Removed 17 noise/banner element(s)
2026-06-27 10:37:58,763 | DEBUG    | src.parser | Images: 0 data-URI swapped to real src, 0 dropped
2026-06-27 10:37:58,763 | DEBUG    | src.parser | Content root: <main>
2026-06-27 10:37:58,765 | INFO     | src.parser | Parsed content: 930 characters
2026-06-27 10:37:58,768 | DEBUG    | src.parser | Found 15 same-domain link(s)
2026-06-27 10:37:59,274 | INFO     | src.crawler | [6/100] depth 1: https://www.vatnajokulsthjodgardur.is/en/news/landslide-by-dettifoss
2026-06-27 10:37:59,274 | INFO     | src.fetcher | Requesting https://www.vatnajokulsthjodgardur.is/en/news/landslide-by-dettifoss
2026-06-27 10:37:59,782 | DEBUG    | src.fetcher | Response 200 in 0.51s (79315 bytes, final URL: https://www.vatnajokulsthjodgardur.is/en/news/landslide-by-dettifoss)
2026-06-27 10:37:59,787 | DEBUG    | src.parser | Removed 17 noise/banner element(s)
2026-06-27 10:37:59,787 | DEBUG    | src.parser | Images: 0 data-URI swapped to real src, 0 dropped
2026-06-27 10:37:59,787 | DEBUG    | src.parser | Content root: <main>
2026-06-27 10:37:59,788 | INFO     | src.parser | Parsed content: 1108 characters
2026-06-27 10:37:59,790 | DEBUG    | src.parser | Found 15 same-domain link(s)
2026-06-27 10:38:00,295 | INFO     | src.crawler | [7/100] depth 1: https://www.vatnajokulsthjodgardur.is/en/news/reduced-opening-hours-of-visitor-centres-april-7th-10th
2026-06-27 10:38:00,295 | INFO     | src.fetcher | Requesting https://www.vatnajokulsthjodgardur.is/en/news/reduced-opening-hours-of-visitor-centres-april-7th-10th
2026-06-27 10:38:00,698 | DEBUG    | src.fetcher | Response 200 in 0.40s (79382 bytes, final URL: https://www.vatnajokulsthjodgardur.is/en/news/reduced-opening-hours-of-visitor-centres-april-7th-10th)
2026-06-27 10:38:00,704 | DEBUG    | src.parser | Removed 17 noise/banner element(s)
2026-06-27 10:38:00,704 | DEBUG    | src.parser | Images: 0 data-URI swapped to real src, 0 dropped
2026-06-27 10:38:00,704 | DEBUG    | src.parser | Content root: <main>
2026-06-27 10:38:00,705 | INFO     | src.parser | Parsed content: 959 characters
2026-06-27 10:38:00,707 | DEBUG    | src.parser | Found 15 same-domain link(s)
2026-06-27 10:38:01,212 | INFO     | src.crawler | [8/100] depth 1: https://www.vatnajokulsthjodgardur.is/en/news/christmas-in-vatnajokull-national-park
2026-06-27 10:38:01,212 | INFO     | src.fetcher | Requesting https://www.vatnajokulsthjodgardur.is/en/news/christmas-in-vatnajokull-national-park
2026-06-27 10:38:01,636 | DEBUG    | src.fetcher | Response 200 in 0.42s (81152 bytes, final URL: https://www.vatnajokulsthjodgardur.is/en/news/christmas-in-vatnajokull-national-park)
2026-06-27 10:38:01,643 | DEBUG    | src.parser | Removed 17 noise/banner element(s)
2026-06-27 10:38:01,643 | DEBUG    | src.parser | Images: 0 data-URI swapped to real src, 0 dropped
2026-06-27 10:38:01,643 | DEBUG    | src.parser | Content root: <main>
2026-06-27 10:38:01,646 | INFO     | src.parser | Parsed content: 1460 characters
2026-06-27 10:38:01,650 | DEBUG    | src.parser | Found 15 same-domain link(s)
2026-06-27 10:38:02,155 | INFO     | src.crawler | [9/100] depth 1: https://www.vatnajokulsthjodgardur.is/en/news/winter-program-in-skaftafell
2026-06-27 10:38:02,156 | INFO     | src.fetcher | Requesting https://www.vatnajokulsthjodgardur.is/en/news/winter-program-in-skaftafell
2026-06-27 10:38:02,604 | DEBUG    | src.fetcher | Response 200 in 0.45s (80169 bytes, final URL: https://www.vatnajokulsthjodgardur.is/en/news/winter-program-in-skaftafell)
2026-06-27 10:38:02,609 | DEBUG    | src.parser | Removed 17 noise/banner element(s)
2026-06-27 10:38:02,609 | DEBUG    | src.parser | Images: 0 data-URI swapped to real src, 0 dropped
2026-06-27 10:38:02,609 | DEBUG    | src.parser | Content root: <main>
2026-06-27 10:38:02,610 | INFO     | src.parser | Parsed content: 1136 characters
2026-06-27 10:38:02,613 | DEBUG    | src.parser | Found 15 same-domain link(s)
2026-06-27 10:38:03,115 | INFO     | src.crawler | [10/100] depth 1: https://www.vatnajokulsthjodgardur.is/en/thenationalpark/drone-rules
2026-06-27 10:38:03,115 | INFO     | src.fetcher | Requesting https://www.vatnajokulsthjodgardur.is/en/thenationalpark/drone-rules
2026-06-27 10:38:03,710 | DEBUG    | src.fetcher | Response 200 in 0.59s (121820 bytes, final URL: https://www.vatnajokulsthjodgardur.is/en/thenationalpark/drone-rules)
2026-06-27 10:38:03,714 | DEBUG    | src.parser | Removed 24 noise/banner element(s)
2026-06-27 10:38:03,714 | DEBUG    | src.parser | Images: 0 data-URI swapped to real src, 0 dropped
2026-06-27 10:38:03,714 | DEBUG    | src.parser | Content root: <main>
2026-06-27 10:38:03,721 | INFO     | src.parser | Parsed content: 9558 characters
2026-06-27 10:38:03,726 | DEBUG    | src.parser | Found 16 same-domain link(s)
2026-06-27 10:38:04,228 | INFO     | src.crawler | [11/100] depth 1: https://www.vatnajokulsthjodgardur.is/en/communities--businesses/payment-of-camping-and-regional-fees
2026-06-27 10:38:04,228 | INFO     | src.fetcher | Requesting https://www.vatnajokulsthjodgardur.is/en/communities--businesses/payment-of-camping-and-regional-fees
2026-06-27 10:38:04,745 | DEBUG    | src.fetcher | Response 200 in 0.52s (111804 bytes, final URL: https://www.vatnajokulsthjodgardur.is/en/communities--businesses/payment-of-camping-and-regional-fees)
2026-06-27 10:38:04,749 | DEBUG    | src.parser | Removed 24 noise/banner element(s)
2026-06-27 10:38:04,749 | DEBUG    | src.parser | Images: 0 data-URI swapped to real src, 0 dropped
2026-06-27 10:38:04,749 | DEBUG    | src.parser | Content root: <main>
2026-06-27 10:38:04,755 | INFO     | src.parser | Parsed content: 4757 characters
2026-06-27 10:38:04,758 | DEBUG    | src.parser | Found 16 same-domain link(s)
2026-06-27 10:38:05,263 | INFO     | src.crawler | [12/100] depth 1: https://www.vatnajokulsthjodgardur.is/en/visit/plan-your-visit
2026-06-27 10:38:05,263 | INFO     | src.fetcher | Requesting https://www.vatnajokulsthjodgardur.is/en/visit/plan-your-visit
2026-06-27 10:38:05,947 | DEBUG    | src.fetcher | Response 200 in 0.68s (80373 bytes, final URL: https://www.vatnajokulsthjodgardur.is/en/visit/plan-your-visit)
2026-06-27 10:38:05,954 | DEBUG    | src.parser | Removed 34 noise/banner element(s)
2026-06-27 10:38:05,954 | DEBUG    | src.parser | Images: 0 data-URI swapped to real src, 0 dropped
2026-06-27 10:38:05,954 | DEBUG    | src.parser | Content root: <main>
2026-06-27 10:38:05,956 | INFO     | src.parser | Parsed content: 224 characters
2026-06-27 10:38:05,960 | DEBUG    | src.parser | Found 15 same-domain link(s)
2026-06-27 10:38:06,463 | INFO     | src.crawler | [13/100] depth 1: https://www.vatnajokulsthjodgardur.is/en/advice--safety/ferdarad
2026-06-27 10:38:06,463 | INFO     | src.fetcher | Requesting https://www.vatnajokulsthjodgardur.is/en/advice--safety/ferdarad
2026-06-27 10:38:06,886 | DEBUG    | src.fetcher | Response 200 in 0.42s (90606 bytes, final URL: https://www.vatnajokulsthjodgardur.is/en/advice--safety/ferdarad)
2026-06-27 10:38:06,894 | DEBUG    | src.parser | Removed 24 noise/banner element(s)
2026-06-27 10:38:06,894 | DEBUG    | src.parser | Images: 0 data-URI swapped to real src, 0 dropped
2026-06-27 10:38:06,894 | DEBUG    | src.parser | Content root: <main>
2026-06-27 10:38:06,896 | INFO     | src.parser | Parsed content: 5175 characters
2026-06-27 10:38:06,898 | DEBUG    | src.parser | Found 17 same-domain link(s)
2026-06-27 10:38:07,403 | INFO     | src.crawler | [14/100] depth 1: https://www.vatnajokulsthjodgardur.is/en/areas/lakagigar/skaftarstofa1
2026-06-27 10:38:07,404 | INFO     | src.fetcher | Requesting https://www.vatnajokulsthjodgardur.is/en/areas/lakagigar/skaftarstofa1
2026-06-27 10:38:07,933 | DEBUG    | src.fetcher | Response 200 in 0.53s (78936 bytes, final URL: https://www.vatnajokulsthjodgardur.is/en/areas/lakagigar/skaftarstofa1)
2026-06-27 10:38:07,942 | DEBUG    | src.parser | Removed 24 noise/banner element(s)
2026-06-27 10:38:07,942 | DEBUG    | src.parser | Images: 0 data-URI swapped to real src, 0 dropped
2026-06-27 10:38:07,942 | DEBUG    | src.parser | Content root: <main>
2026-06-27 10:38:07,943 | INFO     | src.parser | Parsed content: 674 characters
2026-06-27 10:38:07,945 | DEBUG    | src.parser | Found 15 same-domain link(s)
2026-06-27 10:38:08,450 | INFO     | src.crawler | [15/100] depth 1: https://www.vatnajokulsthjodgardur.is/en/areas/jokulsarlon/afangastadur-fjallsarlon
2026-06-27 10:38:08,451 | INFO     | src.fetcher | Requesting https://www.vatnajokulsthjodgardur.is/en/areas/jokulsarlon/afangastadur-fjallsarlon
2026-06-27 10:38:08,952 | DEBUG    | src.fetcher | Response 200 in 0.50s (82634 bytes, final URL: https://www.vatnajokulsthjodgardur.is/en/areas/jokulsarlon/afangastadur-fjallsarlon)
2026-06-27 10:38:08,959 | DEBUG    | src.parser | Removed 24 noise/banner element(s)
2026-06-27 10:38:08,959 | DEBUG    | src.parser | Images: 0 data-URI swapped to real src, 0 dropped
2026-06-27 10:38:08,959 | DEBUG    | src.parser | Content root: <main>
2026-06-27 10:38:08,961 | INFO     | src.parser | Parsed content: 1059 characters
2026-06-27 10:38:08,963 | DEBUG    | src.parser | Found 17 same-domain link(s)
2026-06-27 10:38:09,468 | INFO     | src.crawler | [16/100] depth 1: https://www.vatnajokulsthjodgardur.is/en/areas/skaftafell/skaftafellsjokull-s1
2026-06-27 10:38:09,468 | INFO     | src.fetcher | Requesting https://www.vatnajokulsthjodgardur.is/en/areas/skaftafell/skaftafellsjokull-s1
2026-06-27 10:38:09,976 | DEBUG    | src.fetcher | Response 200 in 0.51s (93602 bytes, final URL: https://www.vatnajokulsthjodgardur.is/en/areas/skaftafell/skaftafellsjokull-s1)
2026-06-27 10:38:09,981 | DEBUG    | src.parser | Removed 24 noise/banner element(s)
2026-06-27 10:38:09,982 | DEBUG    | src.parser | Images: 0 data-URI swapped to real src, 0 dropped
2026-06-27 10:38:09,982 | DEBUG    | src.parser | Content root: <main>
2026-06-27 10:38:09,985 | INFO     | src.parser | Parsed content: 1926 characters
2026-06-27 10:38:09,988 | DEBUG    | src.parser | Found 17 same-domain link(s)
2026-06-27 10:38:10,492 | INFO     | src.crawler | [17/100] depth 1: https://www.vatnajokulsthjodgardur.is/en/areas/jokulsargljufur/gljufrastofa
2026-06-27 10:38:10,493 | INFO     | src.fetcher | Requesting https://www.vatnajokulsthjodgardur.is/en/areas/jokulsargljufur/gljufrastofa
2026-06-27 10:38:11,106 | DEBUG    | src.fetcher | Response 200 in 0.61s (88539 bytes, final URL: https://www.vatnajokulsthjodgardur.is/en/areas/jokulsargljufur/gljufrastofa)
2026-06-27 10:38:11,111 | DEBUG    | src.parser | Removed 24 noise/banner element(s)
2026-06-27 10:38:11,111 | DEBUG    | src.parser | Images: 0 data-URI swapped to real src, 0 dropped
2026-06-27 10:38:11,111 | DEBUG    | src.parser | Content root: <main>
2026-06-27 10:38:11,113 | INFO     | src.parser | Parsed content: 2299 characters
2026-06-27 10:38:11,116 | DEBUG    | src.parser | Found 17 same-domain link(s)
2026-06-27 10:38:11,621 | INFO     | src.crawler | [18/100] depth 1: https://www.vatnajokulsthjodgardur.is/en/areas/jokulsargljufur/a3-skogarstigur
2026-06-27 10:38:11,621 | INFO     | src.fetcher | Requesting https://www.vatnajokulsthjodgardur.is/en/areas/jokulsargljufur/a3-skogarstigur
2026-06-27 10:38:12,107 | DEBUG    | src.fetcher | Response 200 in 0.49s (90754 bytes, final URL: https://www.vatnajokulsthjodgardur.is/en/areas/jokulsargljufur/a3-skogarstigur)
2026-06-27 10:38:12,112 | DEBUG    | src.parser | Removed 24 noise/banner element(s)
2026-06-27 10:38:12,112 | DEBUG    | src.parser | Images: 0 data-URI swapped to real src, 0 dropped
2026-06-27 10:38:12,112 | DEBUG    | src.parser | Content root: <main>
2026-06-27 10:38:12,115 | INFO     | src.parser | Parsed content: 1665 characters
2026-06-27 10:38:12,117 | DEBUG    | src.parser | Found 19 same-domain link(s)
2026-06-27 10:38:12,622 | INFO     | src.crawler | [19/100] depth 1: https://www.vatnajokulsthjodgardur.is/en/destination-breidamerkursandur
2026-06-27 10:38:12,622 | INFO     | src.fetcher | Requesting https://www.vatnajokulsthjodgardur.is/en/destination-breidamerkursandur
2026-06-27 10:38:13,217 | DEBUG    | src.fetcher | Response 200 in 0.59s (110467 bytes, final URL: https://www.vatnajokulsthjodgardur.is/en/destination-breidamerkursandur)
2026-06-27 10:38:13,225 | DEBUG    | src.parser | Removed 24 noise/banner element(s)
2026-06-27 10:38:13,225 | DEBUG    | src.parser | Images: 0 data-URI swapped to real src, 0 dropped
2026-06-27 10:38:13,225 | DEBUG    | src.parser | Content root: <main>
2026-06-27 10:38:13,230 | INFO     | src.parser | Parsed content: 5404 characters
2026-06-27 10:38:13,234 | DEBUG    | src.parser | Found 21 same-domain link(s)
2026-06-27 10:38:13,739 | INFO     | src.crawler | [20/100] depth 1: https://www.vatnajokulsthjodgardur.is/en/areas/askja/gigur1
2026-06-27 10:38:13,739 | INFO     | src.fetcher | Requesting https://www.vatnajokulsthjodgardur.is/en/areas/askja/gigur1
2026-06-27 10:38:14,323 | DEBUG    | src.fetcher | Response 200 in 0.58s (77885 bytes, final URL: https://www.vatnajokulsthjodgardur.is/en/areas/askja/gigur1)
2026-06-27 10:38:14,330 | DEBUG    | src.parser | Removed 24 noise/banner element(s)
2026-06-27 10:38:14,330 | DEBUG    | src.parser | Images: 0 data-URI swapped to real src, 0 dropped
2026-06-27 10:38:14,330 | DEBUG    | src.parser | Content root: <main>
2026-06-27 10:38:14,333 | INFO     | src.parser | Parsed content: 633 characters
2026-06-27 10:38:14,337 | DEBUG    | src.parser | Found 15 same-domain link(s)
2026-06-27 10:38:14,840 | INFO     | src.crawler | [21/100] depth 1: https://www.vatnajokulsthjodgardur.is/en/areas/skaftafell/destination-svartifoss
2026-06-27 10:38:14,840 | INFO     | src.fetcher | Requesting https://www.vatnajokulsthjodgardur.is/en/areas/skaftafell/destination-svartifoss
2026-06-27 10:38:15,312 | DEBUG    | src.fetcher | Response 200 in 0.47s (117779 bytes, final URL: https://www.vatnajokulsthjodgardur.is/en/areas/skaftafell/destination-svartifoss)
2026-06-27 10:38:15,323 | DEBUG    | src.parser | Removed 24 noise/banner element(s)
2026-06-27 10:38:15,323 | DEBUG    | src.parser | Images: 0 data-URI swapped to real src, 0 dropped
2026-06-27 10:38:15,323 | DEBUG    | src.parser | Content root: <main>
2026-06-27 10:38:15,329 | INFO     | src.parser | Parsed content: 5232 characters
2026-06-27 10:38:15,333 | DEBUG    | src.parser | Found 25 same-domain link(s)
2026-06-27 10:38:15,838 | INFO     | src.crawler | [22/100] depth 1: https://www.vatnajokulsthjodgardur.is/en/areas/snaefell/snaefellsstofa1
2026-06-27 10:38:15,838 | INFO     | src.fetcher | Requesting https://www.vatnajokulsthjodgardur.is/en/areas/snaefell/snaefellsstofa1
2026-06-27 10:38:16,469 | DEBUG    | src.fetcher | Response 200 in 0.63s (87151 bytes, final URL: https://www.vatnajokulsthjodgardur.is/en/areas/snaefell/snaefellsstofa1)
2026-06-27 10:38:16,473 | DEBUG    | src.parser | Removed 24 noise/banner element(s)
2026-06-27 10:38:16,473 | DEBUG    | src.parser | Images: 0 data-URI swapped to real src, 0 dropped
2026-06-27 10:38:16,473 | DEBUG    | src.parser | Content root: <main>
2026-06-27 10:38:16,475 | INFO     | src.parser | Parsed content: 1698 characters
2026-06-27 10:38:16,481 | DEBUG    | src.parser | Found 16 same-domain link(s)
2026-06-27 10:38:16,986 | INFO     | src.crawler | [23/100] depth 1: https://www.vatnajokulsthjodgardur.is/en/areas/skaftafell/skaftafellsstofa
2026-06-27 10:38:16,987 | INFO     | src.fetcher | Requesting https://www.vatnajokulsthjodgardur.is/en/areas/skaftafell/skaftafellsstofa
2026-06-27 10:38:17,478 | DEBUG    | src.fetcher | Response 200 in 0.49s (88516 bytes, final URL: https://www.vatnajokulsthjodgardur.is/en/areas/skaftafell/skaftafellsstofa)
2026-06-27 10:38:17,486 | DEBUG    | src.parser | Removed 24 noise/banner element(s)
2026-06-27 10:38:17,486 | DEBUG    | src.parser | Images: 0 data-URI swapped to real src, 0 dropped
2026-06-27 10:38:17,486 | DEBUG    | src.parser | Content root: <main>
2026-06-27 10:38:17,487 | INFO     | src.parser | Parsed content: 1378 characters
2026-06-27 10:38:17,490 | DEBUG    | src.parser | Found 16 same-domain link(s)
2026-06-27 10:38:17,995 | INFO     | src.crawler | [24/100] depth 1: https://www.vatnajokulsthjodgardur.is/en/areas/heinaberg/l1-hjallanes
2026-06-27 10:38:17,996 | INFO     | src.fetcher | Requesting https://www.vatnajokulsthjodgardur.is/en/areas/heinaberg/l1-hjallanes
2026-06-27 10:38:18,511 | DEBUG    | src.fetcher | Response 200 in 0.52s (86726 bytes, final URL: https://www.vatnajokulsthjodgardur.is/en/areas/heinaberg/l1-hjallanes)
2026-06-27 10:38:18,518 | DEBUG    | src.parser | Removed 24 noise/banner element(s)
2026-06-27 10:38:18,518 | DEBUG    | src.parser | Images: 0 data-URI swapped to real src, 0 dropped
2026-06-27 10:38:18,518 | DEBUG    | src.parser | Content root: <main>
2026-06-27 10:38:18,522 | INFO     | src.parser | Parsed content: 1081 characters
2026-06-27 10:38:18,527 | DEBUG    | src.parser | Found 18 same-domain link(s)
2026-06-27 10:38:19,032 | INFO     | src.crawler | [25/100] depth 1: https://www.vatnajokulsthjodgardur.is/en/conservation/heimsminjaskra
2026-06-27 10:38:19,032 | INFO     | src.fetcher | Requesting https://www.vatnajokulsthjodgardur.is/en/conservation/heimsminjaskra
2026-06-27 10:38:19,475 | DEBUG    | src.fetcher | Response 200 in 0.44s (110618 bytes, final URL: https://www.vatnajokulsthjodgardur.is/en/conservation/heimsminjaskra)
2026-06-27 10:38:19,484 | DEBUG    | src.parser | Removed 24 noise/banner element(s)
2026-06-27 10:38:19,484 | DEBUG    | src.parser | Images: 0 data-URI swapped to real src, 0 dropped
2026-06-27 10:38:19,484 | DEBUG    | src.parser | Content root: <main>
2026-06-27 10:38:19,487 | INFO     | src.parser | Parsed content: 8391 characters
2026-06-27 10:38:19,490 | DEBUG    | src.parser | Found 15 same-domain link(s)
2026-06-27 10:38:19,995 | INFO     | src.crawler | [26/100] depth 1: https://www.vatnajokulsthjodgardur.is/en/melting-glaciers/um-horfandi-jokla
2026-06-27 10:38:19,995 | INFO     | src.fetcher | Requesting https://www.vatnajokulsthjodgardur.is/en/melting-glaciers/um-horfandi-jokla
2026-06-27 10:38:20,515 | DEBUG    | src.fetcher | Response 200 in 0.52s (118784 bytes, final URL: https://www.vatnajokulsthjodgardur.is/en/melting-glaciers/um-horfandi-jokla)
2026-06-27 10:38:20,523 | DEBUG    | src.parser | Removed 24 noise/banner element(s)
2026-06-27 10:38:20,523 | DEBUG    | src.parser | Images: 0 data-URI swapped to real src, 0 dropped
2026-06-27 10:38:20,523 | DEBUG    | src.parser | Content root: <main>
2026-06-27 10:38:20,530 | INFO     | src.parser | Parsed content: 4542 characters
2026-06-27 10:38:20,535 | DEBUG    | src.parser | Found 19 same-domain link(s)
2026-06-27 10:38:21,038 | INFO     | src.crawler | [27/100] depth 1: https://www.vatnajokulsthjodgardur.is/en/discover/serstada-thjodgardsins
2026-06-27 10:38:21,039 | INFO     | src.fetcher | Requesting https://www.vatnajokulsthjodgardur.is/en/discover/serstada-thjodgardsins
2026-06-27 10:38:21,677 | DEBUG    | src.fetcher | Response 200 in 0.64s (140374 bytes, final URL: https://www.vatnajokulsthjodgardur.is/en/discover/serstada-thjodgardsins)
2026-06-27 10:38:21,686 | DEBUG    | src.parser | Removed 24 noise/banner element(s)
2026-06-27 10:38:21,686 | DEBUG    | src.parser | Images: 0 data-URI swapped to real src, 0 dropped
2026-06-27 10:38:21,686 | DEBUG    | src.parser | Content root: <main>
2026-06-27 10:38:21,693 | INFO     | src.parser | Parsed content: 8376 characters
2026-06-27 10:38:21,699 | DEBUG    | src.parser | Found 33 same-domain link(s)
2026-06-27 10:38:22,204 | INFO     | src.crawler | [28/100] depth 1: https://www.vatnajokulsthjodgardur.is/en/stjornunar-og-verndaraaetlun-1-utgafa-2011
2026-06-27 10:38:22,204 | INFO     | src.fetcher | Requesting https://www.vatnajokulsthjodgardur.is/en/stjornunar-og-verndaraaetlun-1-utgafa-2011
2026-06-27 10:38:22,648 | DEBUG    | src.fetcher | Response 200 in 0.44s (79574 bytes, final URL: https://www.vatnajokulsthjodgardur.is/en/stjornunar-og-verndaraaetlun-1-utgafa-2011)
2026-06-27 10:38:22,654 | DEBUG    | src.parser | Removed 24 noise/banner element(s)
2026-06-27 10:38:22,654 | DEBUG    | src.parser | Images: 0 data-URI swapped to real src, 0 dropped
2026-06-27 10:38:22,654 | DEBUG    | src.parser | Content root: <main>
2026-06-27 10:38:22,657 | INFO     | src.parser | Parsed content: 831 characters
2026-06-27 10:38:22,661 | DEBUG    | src.parser | Found 15 same-domain link(s)
2026-06-27 10:38:23,165 | INFO     | src.crawler | [29/100] depth 1: https://www.vatnajokulsthjodgardur.is/en/contact-us
2026-06-27 10:38:23,166 | INFO     | src.fetcher | Requesting https://www.vatnajokulsthjodgardur.is/en/contact-us
2026-06-27 10:38:23,643 | DEBUG    | src.fetcher | Response 200 in 0.48s (82121 bytes, final URL: https://www.vatnajokulsthjodgardur.is/en/contact-us)
2026-06-27 10:38:23,646 | DEBUG    | src.parser | Removed 34 noise/banner element(s)
2026-06-27 10:38:23,646 | DEBUG    | src.parser | Images: 0 data-URI swapped to real src, 0 dropped
2026-06-27 10:38:23,646 | DEBUG    | src.parser | Content root: <main>
2026-06-27 10:38:23,648 | INFO     | src.parser | Parsed content: 651 characters
2026-06-27 10:38:23,650 | DEBUG    | src.parser | Found 15 same-domain link(s)
2026-06-27 10:38:24,155 | INFO     | src.crawler | [30/100] depth 1: https://www.vatnajokulsthjodgardur.is/cdn-cgi/l/email-protection
2026-06-27 10:38:24,155 | INFO     | src.fetcher | Requesting https://www.vatnajokulsthjodgardur.is/cdn-cgi/l/email-protection
2026-06-27 10:38:24,212 | DEBUG    | src.fetcher | Response 404 in 0.06s (4731 bytes, final URL: https://www.vatnajokulsthjodgardur.is/cdn-cgi/l/email-protection)
2026-06-27 10:38:24,212 | WARNING  | src.crawler | Skipping https://www.vatnajokulsthjodgardur.is/cdn-cgi/l/email-protection — HTTP 404
2026-06-27 10:38:24,212 | INFO     | src.crawler | [30/100] depth 1: https://www.vatnajokulsthjodgardur.is/en/vinnustadurinn/work-sites
2026-06-27 10:38:24,212 | INFO     | src.fetcher | Requesting https://www.vatnajokulsthjodgardur.is/en/vinnustadurinn/work-sites
2026-06-27 10:38:25,488 | DEBUG    | src.fetcher | Response 200 in 1.28s (126091 bytes, final URL: https://www.vatnajokulsthjodgardur.is/en/vinnustadurinn/work-sites)
2026-06-27 10:38:25,498 | DEBUG    | src.parser | Removed 25 noise/banner element(s)
2026-06-27 10:38:25,498 | DEBUG    | src.parser | Images: 0 data-URI swapped to real src, 0 dropped
2026-06-27 10:38:25,498 | DEBUG    | src.parser | Content root: <main>
2026-06-27 10:38:25,506 | INFO     | src.parser | Parsed content: 3795 characters
2026-06-27 10:38:25,513 | DEBUG    | src.parser | Found 14 same-domain link(s)
2026-06-27 10:38:26,018 | INFO     | src.crawler | [31/100] depth 1: https://www.vatnajokulsthjodgardur.is/en/communities--businesses/pricelist
2026-06-27 10:38:26,018 | INFO     | src.fetcher | Requesting https://www.vatnajokulsthjodgardur.is/en/communities--businesses/pricelist
2026-06-27 10:38:26,592 | DEBUG    | src.fetcher | Response 200 in 0.57s (138321 bytes, final URL: https://www.vatnajokulsthjodgardur.is/en/communities--businesses/pricelist)
2026-06-27 10:38:26,602 | DEBUG    | src.parser | Removed 24 noise/banner element(s)
2026-06-27 10:38:26,602 | DEBUG    | src.parser | Images: 0 data-URI swapped to real src, 0 dropped
2026-06-27 10:38:26,602 | DEBUG    | src.parser | Content root: <main>
2026-06-27 10:38:26,607 | INFO     | src.parser | Parsed content: 7293 characters
2026-06-27 10:38:26,610 | DEBUG    | src.parser | Found 19 same-domain link(s)
2026-06-27 10:38:27,113 | INFO     | src.crawler | [32/100] depth 1: https://www.vatnajokulsthjodgardur.is/en/alerts
2026-06-27 10:38:27,114 | INFO     | src.fetcher | Requesting https://www.vatnajokulsthjodgardur.is/en/alerts
2026-06-27 10:38:27,599 | DEBUG    | src.fetcher | Response 404 in 0.48s (69808 bytes, final URL: https://www.vatnajokulsthjodgardur.is/en/alerts)
2026-06-27 10:38:27,599 | WARNING  | src.crawler | Skipping https://www.vatnajokulsthjodgardur.is/en/alerts — HTTP 404
2026-06-27 10:38:27,599 | INFO     | src.crawler | [32/100] depth 1: https://www.vatnajokulsthjodgardur.is/en/communities--businesses/permits
2026-06-27 10:38:27,600 | INFO     | src.fetcher | Requesting https://www.vatnajokulsthjodgardur.is/en/communities--businesses/permits
2026-06-27 10:38:28,140 | DEBUG    | src.fetcher | Response 200 in 0.54s (129564 bytes, final URL: https://www.vatnajokulsthjodgardur.is/en/communities--businesses/permits)
2026-06-27 10:38:28,146 | DEBUG    | src.parser | Removed 24 noise/banner element(s)
2026-06-27 10:38:28,146 | DEBUG    | src.parser | Images: 0 data-URI swapped to real src, 0 dropped
2026-06-27 10:38:28,146 | DEBUG    | src.parser | Content root: <main>
2026-06-27 10:38:28,151 | INFO     | src.parser | Parsed content: 4779 characters
2026-06-27 10:38:28,154 | DEBUG    | src.parser | Found 15 same-domain link(s)
2026-06-27 10:38:28,659 | INFO     | src.crawler | [33/100] depth 2: https://www.vatnajokulsthjodgardur.is/advaranir/framhlaup-er-hafid-i-dyngjujokli
2026-06-27 10:38:28,659 | INFO     | src.fetcher | Requesting https://www.vatnajokulsthjodgardur.is/advaranir/framhlaup-er-hafid-i-dyngjujokli
2026-06-27 10:38:29,054 | DEBUG    | src.fetcher | Response 200 in 0.40s (89505 bytes, final URL: https://www.vatnajokulsthjodgardur.is/advaranir/framhlaup-er-hafid-i-dyngjujokli)
2026-06-27 10:38:29,060 | DEBUG    | src.parser | Removed 15 noise/banner element(s)
2026-06-27 10:38:29,061 | DEBUG    | src.parser | Images: 0 data-URI swapped to real src, 0 dropped
2026-06-27 10:38:29,061 | DEBUG    | src.parser | Content root: <main>
2026-06-27 10:38:29,063 | INFO     | src.parser | Parsed content: 1358 characters
2026-06-27 10:38:29,067 | DEBUG    | src.parser | Found 14 same-domain link(s)
2026-06-27 10:38:29,573 | INFO     | src.crawler | [34/100] depth 2: https://www.vatnajokulsthjodgardur.is/frettir
2026-06-27 10:38:29,573 | INFO     | src.fetcher | Requesting https://www.vatnajokulsthjodgardur.is/frettir
2026-06-27 10:38:30,010 | DEBUG    | src.fetcher | Response 200 in 0.44s (153746 bytes, final URL: https://www.vatnajokulsthjodgardur.is/frettir)
2026-06-27 10:38:30,019 | DEBUG    | src.parser | Removed 17 noise/banner element(s)
2026-06-27 10:38:30,020 | DEBUG    | src.parser | Images: 0 data-URI swapped to real src, 0 dropped
2026-06-27 10:38:30,020 | DEBUG    | src.parser | Content root: <main>
2026-06-27 10:38:30,028 | INFO     | src.parser | Parsed content: 7132 characters
2026-06-27 10:38:30,033 | DEBUG    | src.parser | Found 42 same-domain link(s)
2026-06-27 10:38:30,538 | INFO     | src.crawler | [35/100] depth 2: https://www.vatnajokulsthjodgardur.is/frettir/opinn-fundur-um-framtidaruppbyggingu-vid-jokulsarlon
2026-06-27 10:38:30,538 | INFO     | src.fetcher | Requesting https://www.vatnajokulsthjodgardur.is/frettir/opinn-fundur-um-framtidaruppbyggingu-vid-jokulsarlon
2026-06-27 10:38:30,930 | DEBUG    | src.fetcher | Response 200 in 0.39s (94500 bytes, final URL: https://www.vatnajokulsthjodgardur.is/frettir/opinn-fundur-um-framtidaruppbyggingu-vid-jokulsarlon)
2026-06-27 10:38:30,935 | DEBUG    | src.parser | Removed 17 noise/banner element(s)
2026-06-27 10:38:30,935 | DEBUG    | src.parser | Images: 0 data-URI swapped to real src, 0 dropped
2026-06-27 10:38:30,935 | DEBUG    | src.parser | Content root: <main>
2026-06-27 10:38:30,936 | INFO     | src.parser | Parsed content: 1134 characters
2026-06-27 10:38:30,940 | DEBUG    | src.parser | Found 14 same-domain link(s)
2026-06-27 10:38:31,446 | INFO     | src.crawler | [36/100] depth 2: https://www.vatnajokulsthjodgardur.is/frettir/oryggi-gesta-i-fyrirrumi-breytt-a%C3%B0gengi-a%C3%B0-detti
2026-06-27 10:38:31,446 | INFO     | src.fetcher | Requesting https://www.vatnajokulsthjodgardur.is/frettir/oryggi-gesta-i-fyrirrumi-breytt-a%C3%B0gengi-a%C3%B0-detti
2026-06-27 10:38:31,856 | DEBUG    | src.fetcher | Response 200 in 0.41s (96128 bytes, final URL: https://www.vatnajokulsthjodgardur.is/frettir/oryggi-gesta-i-fyrirrumi-breytt-a%C3%B0gengi-a%C3%B0-detti)
2026-06-27 10:38:31,862 | DEBUG    | src.parser | Removed 17 noise/banner element(s)
2026-06-27 10:38:31,862 | DEBUG    | src.parser | Images: 0 data-URI swapped to real src, 0 dropped
2026-06-27 10:38:31,862 | DEBUG    | src.parser | Content root: <main>
2026-06-27 10:38:31,863 | INFO     | src.parser | Parsed content: 2102 characters
2026-06-27 10:38:31,865 | DEBUG    | src.parser | Found 14 same-domain link(s)
2026-06-27 10:38:32,370 | INFO     | src.crawler | [37/100] depth 2: https://www.vatnajokulsthjodgardur.is/frettir/breytingartillagaausturafrett
2026-06-27 10:38:32,370 | INFO     | src.fetcher | Requesting https://www.vatnajokulsthjodgardur.is/frettir/breytingartillagaausturafrett
2026-06-27 10:38:32,857 | DEBUG    | src.fetcher | Response 200 in 0.49s (99857 bytes, final URL: https://www.vatnajokulsthjodgardur.is/frettir/breytingartillagaausturafrett)
2026-06-27 10:38:32,864 | DEBUG    | src.parser | Removed 17 noise/banner element(s)
2026-06-27 10:38:32,864 | DEBUG    | src.parser | Images: 0 data-URI swapped to real src, 0 dropped
2026-06-27 10:38:32,864 | DEBUG    | src.parser | Content root: <main>
2026-06-27 10:38:32,866 | INFO     | src.parser | Parsed content: 2541 characters
2026-06-27 10:38:32,868 | DEBUG    | src.parser | Found 15 same-domain link(s)
2026-06-27 10:38:33,373 | INFO     | src.crawler | [38/100] depth 2: https://www.vatnajokulsthjodgardur.is/frettir/lausstorfadstodarjokulsarlon
2026-06-27 10:38:33,373 | INFO     | src.fetcher | Requesting https://www.vatnajokulsthjodgardur.is/frettir/lausstorfadstodarjokulsarlon
2026-06-27 10:38:33,829 | DEBUG    | src.fetcher | Response 200 in 0.46s (102404 bytes, final URL: https://www.vatnajokulsthjodgardur.is/frettir/lausstorfadstodarjokulsarlon)
2026-06-27 10:38:33,836 | DEBUG    | src.parser | Removed 17 noise/banner element(s)
2026-06-27 10:38:33,836 | DEBUG    | src.parser | Images: 0 data-URI swapped to real src, 0 dropped
2026-06-27 10:38:33,836 | DEBUG    | src.parser | Content root: <main>
2026-06-27 10:38:33,838 | INFO     | src.parser | Parsed content: 2802 characters
2026-06-27 10:38:33,840 | DEBUG    | src.parser | Found 16 same-domain link(s)
2026-06-27 10:38:34,345 | INFO     | src.crawler | [39/100] depth 2: https://www.vatnajokulsthjodgardur.is/frettir/lausstorfsnaefellsstofa
2026-06-27 10:38:34,346 | INFO     | src.fetcher | Requesting https://www.vatnajokulsthjodgardur.is/frettir/lausstorfsnaefellsstofa
2026-06-27 10:38:34,904 | DEBUG    | src.fetcher | Response 200 in 0.56s (98503 bytes, final URL: https://www.vatnajokulsthjodgardur.is/frettir/lausstorfsnaefellsstofa)
2026-06-27 10:38:34,910 | DEBUG    | src.parser | Removed 17 noise/banner element(s)
2026-06-27 10:38:34,910 | DEBUG    | src.parser | Images: 0 data-URI swapped to real src, 0 dropped
2026-06-27 10:38:34,910 | DEBUG    | src.parser | Content root: <main>
2026-06-27 10:38:34,911 | INFO     | src.parser | Parsed content: 2167 characters
2026-06-27 10:38:34,913 | DEBUG    | src.parser | Found 14 same-domain link(s)
2026-06-27 10:38:35,418 | INFO     | src.crawler | [40/100] depth 2: https://www.vatnajokulsthjodgardur.is/frettir/rekstur-veitingasolu-i-gestastofu-skaftafelli
2026-06-27 10:38:35,419 | INFO     | src.fetcher | Requesting https://www.vatnajokulsthjodgardur.is/frettir/rekstur-veitingasolu-i-gestastofu-skaftafelli
2026-06-27 10:38:35,873 | DEBUG    | src.fetcher | Response 200 in 0.45s (104777 bytes, final URL: https://www.vatnajokulsthjodgardur.is/frettir/rekstur-veitingasolu-i-gestastofu-skaftafelli)
2026-06-27 10:38:35,881 | DEBUG    | src.parser | Removed 17 noise/banner element(s)
2026-06-27 10:38:35,881 | DEBUG    | src.parser | Images: 0 data-URI swapped to real src, 0 dropped
2026-06-27 10:38:35,881 | DEBUG    | src.parser | Content root: <main>
2026-06-27 10:38:35,883 | INFO     | src.parser | Parsed content: 4349 characters
2026-06-27 10:38:35,885 | DEBUG    | src.parser | Found 14 same-domain link(s)
2026-06-27 10:38:36,390 | INFO     | src.crawler | [41/100] depth 2: https://www.vatnajokulsthjodgardur.is/thjodgardurinn/reglur-um-notkun-flygilda-i-afthreyingarskyni
2026-06-27 10:38:36,390 | INFO     | src.fetcher | Requesting https://www.vatnajokulsthjodgardur.is/thjodgardurinn/reglur-um-notkun-flygilda-i-afthreyingarskyni
2026-06-27 10:38:36,965 | DEBUG    | src.fetcher | Response 200 in 0.58s (136826 bytes, final URL: https://www.vatnajokulsthjodgardur.is/thjodgardurinn/reglur-um-notkun-flygilda-i-afthreyingarskyni)
2026-06-27 10:38:36,975 | DEBUG    | src.parser | Removed 24 noise/banner element(s)
2026-06-27 10:38:36,975 | DEBUG    | src.parser | Images: 0 data-URI swapped to real src, 0 dropped
2026-06-27 10:38:36,975 | DEBUG    | src.parser | Content root: <main>
2026-06-27 10:38:36,979 | INFO     | src.parser | Parsed content: 8920 characters
2026-06-27 10:38:36,984 | DEBUG    | src.parser | Found 14 same-domain link(s)
2026-06-27 10:38:37,489 | INFO     | src.crawler | [42/100] depth 2: https://www.vatnajokulsthjodgardur.is/thjodgardurinn/atvinnulif-og-samfelag/greidsla-tjaldsvaeda-og-svaedisgjalda
2026-06-27 10:38:37,489 | INFO     | src.fetcher | Requesting https://www.vatnajokulsthjodgardur.is/thjodgardurinn/atvinnulif-og-samfelag/greidsla-tjaldsvaeda-og-svaedisgjalda
2026-06-27 10:38:37,977 | DEBUG    | src.fetcher | Response 200 in 0.49s (127387 bytes, final URL: https://www.vatnajokulsthjodgardur.is/thjodgardurinn/atvinnulif-og-samfelag/greidsla-tjaldsvaeda-og-svaedisgjalda)
2026-06-27 10:38:37,984 | DEBUG    | src.parser | Removed 24 noise/banner element(s)
2026-06-27 10:38:37,984 | DEBUG    | src.parser | Images: 0 data-URI swapped to real src, 0 dropped
2026-06-27 10:38:37,984 | DEBUG    | src.parser | Content root: <main>
2026-06-27 10:38:37,987 | INFO     | src.parser | Parsed content: 4472 characters
2026-06-27 10:38:37,990 | DEBUG    | src.parser | Found 15 same-domain link(s)
2026-06-27 10:38:38,493 | INFO     | src.crawler | [43/100] depth 2: https://www.vatnajokulsthjodgardur.is/thjodgardurinn/atvinnulif-og-samfelag/leyfi
2026-06-27 10:38:38,493 | INFO     | src.fetcher | Requesting https://www.vatnajokulsthjodgardur.is/thjodgardurinn/atvinnulif-og-samfelag/leyfi
2026-06-27 10:38:39,004 | DEBUG    | src.fetcher | Response 200 in 0.51s (146138 bytes, final URL: https://www.vatnajokulsthjodgardur.is/thjodgardurinn/atvinnulif-og-samfelag/leyfi)
2026-06-27 10:38:39,012 | DEBUG    | src.parser | Removed 24 noise/banner element(s)
2026-06-27 10:38:39,012 | DEBUG    | src.parser | Images: 0 data-URI swapped to real src, 0 dropped
2026-06-27 10:38:39,012 | DEBUG    | src.parser | Content root: <main>
2026-06-27 10:38:39,016 | INFO     | src.parser | Parsed content: 4457 characters
2026-06-27 10:38:39,019 | DEBUG    | src.parser | Found 15 same-domain link(s)
2026-06-27 10:38:39,524 | INFO     | src.crawler | [44/100] depth 2: https://www.vatnajokulsthjodgardur.is/heimsokn/skipuleggja-ferd
2026-06-27 10:38:39,525 | INFO     | src.fetcher | Requesting https://www.vatnajokulsthjodgardur.is/heimsokn/skipuleggja-ferd
2026-06-27 10:38:40,172 | DEBUG    | src.fetcher | Response 200 in 0.65s (95395 bytes, final URL: https://www.vatnajokulsthjodgardur.is/heimsokn/skipuleggja-ferd)
2026-06-27 10:38:40,179 | DEBUG    | src.parser | Removed 34 noise/banner element(s)
2026-06-27 10:38:40,179 | DEBUG    | src.parser | Images: 0 data-URI swapped to real src, 0 dropped
2026-06-27 10:38:40,179 | DEBUG    | src.parser | Content root: <main>
2026-06-27 10:38:40,180 | INFO     | src.parser | Parsed content: 229 characters
2026-06-27 10:38:40,181 | DEBUG    | src.parser | Found 14 same-domain link(s)
2026-06-27 10:38:40,687 | INFO     | src.crawler | [45/100] depth 2: https://www.vatnajokulsthjodgardur.is/heimsokn/ferdarad-og-oryggi/ferdarad
2026-06-27 10:38:40,687 | INFO     | src.fetcher | Requesting https://www.vatnajokulsthjodgardur.is/heimsokn/ferdarad-og-oryggi/ferdarad
2026-06-27 10:38:41,346 | DEBUG    | src.fetcher | Response 200 in 0.66s (104120 bytes, final URL: https://www.vatnajokulsthjodgardur.is/heimsokn/ferdarad-og-oryggi/ferdarad)
2026-06-27 10:38:41,354 | DEBUG    | src.parser | Removed 24 noise/banner element(s)
2026-06-27 10:38:41,354 | DEBUG    | src.parser | Images: 0 data-URI swapped to real src, 0 dropped
2026-06-27 10:38:41,354 | DEBUG    | src.parser | Content root: <main>
2026-06-27 10:38:41,357 | INFO     | src.parser | Parsed content: 4145 characters
2026-06-27 10:38:41,359 | DEBUG    | src.parser | Found 16 same-domain link(s)
2026-06-27 10:38:41,864 | INFO     | src.crawler | [46/100] depth 2: https://www.vatnajokulsthjodgardur.is/svaedi/skaftafell/skaftafellsstofa
2026-06-27 10:38:41,864 | INFO     | src.fetcher | Requesting https://www.vatnajokulsthjodgardur.is/svaedi/skaftafell/skaftafellsstofa
2026-06-27 10:38:42,329 | DEBUG    | src.fetcher | Response 200 in 0.47s (100591 bytes, final URL: https://www.vatnajokulsthjodgardur.is/svaedi/skaftafell/skaftafellsstofa)
2026-06-27 10:38:42,338 | DEBUG    | src.parser | Removed 24 noise/banner element(s)
2026-06-27 10:38:42,338 | DEBUG    | src.parser | Images: 0 data-URI swapped to real src, 0 dropped
2026-06-27 10:38:42,338 | DEBUG    | src.parser | Content root: <main>
2026-06-27 10:38:42,340 | INFO     | src.parser | Parsed content: 1290 characters
2026-06-27 10:38:42,342 | DEBUG    | src.parser | Found 15 same-domain link(s)
2026-06-27 10:38:42,847 | INFO     | src.crawler | [47/100] depth 2: https://www.vatnajokulsthjodgardur.is/svaedi/jokulsargljufur/dettifoss
2026-06-27 10:38:42,847 | INFO     | src.fetcher | Requesting https://www.vatnajokulsthjodgardur.is/svaedi/jokulsargljufur/dettifoss
2026-06-27 10:38:43,326 | DEBUG    | src.fetcher | Response 200 in 0.48s (135399 bytes, final URL: https://www.vatnajokulsthjodgardur.is/svaedi/jokulsargljufur/dettifoss)
2026-06-27 10:38:43,336 | DEBUG    | src.parser | Removed 24 noise/banner element(s)
2026-06-27 10:38:43,336 | DEBUG    | src.parser | Images: 0 data-URI swapped to real src, 0 dropped
2026-06-27 10:38:43,336 | DEBUG    | src.parser | Content root: <main>
2026-06-27 10:38:43,341 | INFO     | src.parser | Parsed content: 5881 characters
2026-06-27 10:38:43,347 | DEBUG    | src.parser | Found 21 same-domain link(s)
2026-06-27 10:38:43,852 | INFO     | src.crawler | [48/100] depth 2: https://www.vatnajokulsthjodgardur.is/svaedi/snaefell/snaefellsstofa
2026-06-27 10:38:43,852 | INFO     | src.fetcher | Requesting https://www.vatnajokulsthjodgardur.is/svaedi/snaefell/snaefellsstofa
2026-06-27 10:38:44,302 | DEBUG    | src.fetcher | Response 200 in 0.45s (101253 bytes, final URL: https://www.vatnajokulsthjodgardur.is/svaedi/snaefell/snaefellsstofa)
2026-06-27 10:38:44,309 | DEBUG    | src.parser | Removed 24 noise/banner element(s)
2026-06-27 10:38:44,310 | DEBUG    | src.parser | Images: 0 data-URI swapped to real src, 0 dropped
2026-06-27 10:38:44,310 | DEBUG    | src.parser | Content root: <main>
2026-06-27 10:38:44,311 | INFO     | src.parser | Parsed content: 1537 characters
2026-06-27 10:38:44,314 | DEBUG    | src.parser | Found 15 same-domain link(s)
2026-06-27 10:38:44,819 | INFO     | src.crawler | [49/100] depth 2: https://www.vatnajokulsthjodgardur.is/svaedi/skaftafell/svartifoss
2026-06-27 10:38:44,819 | INFO     | src.fetcher | Requesting https://www.vatnajokulsthjodgardur.is/svaedi/skaftafell/svartifoss
2026-06-27 10:38:45,269 | DEBUG    | src.fetcher | Response 200 in 0.45s (127233 bytes, final URL: https://www.vatnajokulsthjodgardur.is/svaedi/skaftafell/svartifoss)
2026-06-27 10:38:45,276 | DEBUG    | src.parser | Removed 24 noise/banner element(s)
2026-06-27 10:38:45,277 | DEBUG    | src.parser | Images: 0 data-URI swapped to real src, 0 dropped
2026-06-27 10:38:45,277 | DEBUG    | src.parser | Content root: <main>
2026-06-27 10:38:45,282 | INFO     | src.parser | Parsed content: 4535 characters
2026-06-27 10:38:45,285 | DEBUG    | src.parser | Found 22 same-domain link(s)
2026-06-27 10:38:45,789 | INFO     | src.crawler | [50/100] depth 2: https://www.vatnajokulsthjodgardur.is/svaedi/jokulsarlon/b1-jokulsarlon
2026-06-27 10:38:45,790 | INFO     | src.fetcher | Requesting https://www.vatnajokulsthjodgardur.is/svaedi/jokulsarlon/b1-jokulsarlon
2026-06-27 10:38:46,292 | DEBUG    | src.fetcher | Response 200 in 0.50s (106992 bytes, final URL: https://www.vatnajokulsthjodgardur.is/svaedi/jokulsarlon/b1-jokulsarlon)
2026-06-27 10:38:46,298 | DEBUG    | src.parser | Removed 24 noise/banner element(s)
2026-06-27 10:38:46,298 | DEBUG    | src.parser | Images: 0 data-URI swapped to real src, 0 dropped
2026-06-27 10:38:46,298 | DEBUG    | src.parser | Content root: <main>
2026-06-27 10:38:46,301 | INFO     | src.parser | Parsed content: 1923 characters
2026-06-27 10:38:46,304 | DEBUG    | src.parser | Found 18 same-domain link(s)
2026-06-27 10:38:46,810 | INFO     | src.crawler | [51/100] depth 2: https://www.vatnajokulsthjodgardur.is/svaedi/askja/gigur
2026-06-27 10:38:46,810 | INFO     | src.fetcher | Requesting https://www.vatnajokulsthjodgardur.is/svaedi/askja/gigur
2026-06-27 10:38:47,275 | DEBUG    | src.fetcher | Response 200 in 0.47s (93057 bytes, final URL: https://www.vatnajokulsthjodgardur.is/svaedi/askja/gigur)
2026-06-27 10:38:47,278 | DEBUG    | src.parser | Removed 24 noise/banner element(s)
2026-06-27 10:38:47,278 | DEBUG    | src.parser | Images: 0 data-URI swapped to real src, 0 dropped
2026-06-27 10:38:47,278 | DEBUG    | src.parser | Content root: <main>
2026-06-27 10:38:47,279 | INFO     | src.parser | Parsed content: 590 characters
2026-06-27 10:38:47,281 | DEBUG    | src.parser | Found 14 same-domain link(s)
2026-06-27 10:38:47,786 | INFO     | src.crawler | [52/100] depth 2: https://www.vatnajokulsthjodgardur.is/svaedi/heinaberg/l1-hjallanes
2026-06-27 10:38:47,786 | INFO     | src.fetcher | Requesting https://www.vatnajokulsthjodgardur.is/svaedi/heinaberg/l1-hjallanes
2026-06-27 10:38:48,289 | DEBUG    | src.fetcher | Response 200 in 0.50s (104904 bytes, final URL: https://www.vatnajokulsthjodgardur.is/svaedi/heinaberg/l1-hjallanes)
2026-06-27 10:38:48,298 | DEBUG    | src.parser | Removed 24 noise/banner element(s)
2026-06-27 10:38:48,298 | DEBUG    | src.parser | Images: 0 data-URI swapped to real src, 0 dropped
2026-06-27 10:38:48,298 | DEBUG    | src.parser | Content root: <main>
2026-06-27 10:38:48,303 | INFO     | src.parser | Parsed content: 2208 characters
2026-06-27 10:38:48,307 | DEBUG    | src.parser | Found 17 same-domain link(s)
2026-06-27 10:38:48,813 | INFO     | src.crawler | [53/100] depth 2: https://www.vatnajokulsthjodgardur.is/svaedi/jokulsargljufur/a2-eyjan-i-asbyrgi
2026-06-27 10:38:48,813 | INFO     | src.fetcher | Requesting https://www.vatnajokulsthjodgardur.is/svaedi/jokulsargljufur/a2-eyjan-i-asbyrgi
2026-06-27 10:38:49,326 | DEBUG    | src.fetcher | Response 200 in 0.51s (110215 bytes, final URL: https://www.vatnajokulsthjodgardur.is/svaedi/jokulsargljufur/a2-eyjan-i-asbyrgi)
2026-06-27 10:38:49,334 | DEBUG    | src.parser | Removed 24 noise/banner element(s)
2026-06-27 10:38:49,334 | DEBUG    | src.parser | Images: 0 data-URI swapped to real src, 0 dropped
2026-06-27 10:38:49,334 | DEBUG    | src.parser | Content root: <main>
2026-06-27 10:38:49,338 | INFO     | src.parser | Parsed content: 2743 characters
2026-06-27 10:38:49,341 | DEBUG    | src.parser | Found 18 same-domain link(s)
2026-06-27 10:38:49,846 | INFO     | src.crawler | [54/100] depth 2: https://www.vatnajokulsthjodgardur.is/svaedi/heinaberg/afangastadur-hoffellsjokull
2026-06-27 10:38:49,846 | INFO     | src.fetcher | Requesting https://www.vatnajokulsthjodgardur.is/svaedi/heinaberg/afangastadur-hoffellsjokull
2026-06-27 10:38:50,347 | DEBUG    | src.fetcher | Response 200 in 0.50s (141953 bytes, final URL: https://www.vatnajokulsthjodgardur.is/svaedi/heinaberg/afangastadur-hoffellsjokull)
2026-06-27 10:38:50,361 | DEBUG    | src.parser | Removed 24 noise/banner element(s)
2026-06-27 10:38:50,361 | DEBUG    | src.parser | Images: 0 data-URI swapped to real src, 0 dropped
2026-06-27 10:38:50,361 | DEBUG    | src.parser | Content root: <main>
2026-06-27 10:38:50,373 | INFO     | src.parser | Parsed content: 4899 characters
2026-06-27 10:38:50,378 | DEBUG    | src.parser | Found 23 same-domain link(s)
2026-06-27 10:38:50,883 | INFO     | src.crawler | [55/100] depth 2: https://www.vatnajokulsthjodgardur.is/svaedi/lakagigar/skaftarstofa
2026-06-27 10:38:50,883 | INFO     | src.fetcher | Requesting https://www.vatnajokulsthjodgardur.is/svaedi/lakagigar/skaftarstofa
2026-06-27 10:38:51,357 | DEBUG    | src.fetcher | Response 200 in 0.47s (95034 bytes, final URL: https://www.vatnajokulsthjodgardur.is/svaedi/lakagigar/skaftarstofa)
2026-06-27 10:38:51,362 | DEBUG    | src.parser | Removed 24 noise/banner element(s)
2026-06-27 10:38:51,363 | DEBUG    | src.parser | Images: 0 data-URI swapped to real src, 0 dropped
2026-06-27 10:38:51,363 | DEBUG    | src.parser | Content root: <main>
2026-06-27 10:38:51,364 | INFO     | src.parser | Parsed content: 715 characters
2026-06-27 10:38:51,369 | DEBUG    | src.parser | Found 14 same-domain link(s)
2026-06-27 10:38:51,874 | INFO     | src.crawler | [56/100] depth 2: https://www.vatnajokulsthjodgardur.is/svaedi/skaftafell/sjonarnipa-s5
2026-06-27 10:38:51,874 | INFO     | src.fetcher | Requesting https://www.vatnajokulsthjodgardur.is/svaedi/skaftafell/sjonarnipa-s5
2026-06-27 10:38:52,363 | DEBUG    | src.fetcher | Response 200 in 0.49s (116625 bytes, final URL: https://www.vatnajokulsthjodgardur.is/svaedi/skaftafell/sjonarnipa-s5)
2026-06-27 10:38:52,373 | DEBUG    | src.parser | Removed 24 noise/banner element(s)
2026-06-27 10:38:52,373 | DEBUG    | src.parser | Images: 0 data-URI swapped to real src, 0 dropped
2026-06-27 10:38:52,373 | DEBUG    | src.parser | Content root: <main>
2026-06-27 10:38:52,382 | INFO     | src.parser | Parsed content: 3583 characters
2026-06-27 10:38:52,387 | DEBUG    | src.parser | Found 19 same-domain link(s)
2026-06-27 10:38:52,892 | INFO     | src.crawler | [57/100] depth 2: https://www.vatnajokulsthjodgardur.is/vernd/heimsminjaskra
2026-06-27 10:38:52,892 | INFO     | src.fetcher | Requesting https://www.vatnajokulsthjodgardur.is/vernd/heimsminjaskra
2026-06-27 10:38:53,429 | DEBUG    | src.fetcher | Response 200 in 0.54s (131619 bytes, final URL: https://www.vatnajokulsthjodgardur.is/vernd/heimsminjaskra)
2026-06-27 10:38:53,437 | DEBUG    | src.parser | Removed 24 noise/banner element(s)
2026-06-27 10:38:53,438 | DEBUG    | src.parser | Images: 0 data-URI swapped to real src, 0 dropped
2026-06-27 10:38:53,438 | DEBUG    | src.parser | Content root: <main>
2026-06-27 10:38:53,441 | INFO     | src.parser | Parsed content: 5489 characters
2026-06-27 10:38:53,444 | DEBUG    | src.parser | Found 14 same-domain link(s)
2026-06-27 10:38:53,949 | INFO     | src.crawler | [58/100] depth 2: https://www.vatnajokulsthjodgardur.is/fraedsla/horfandi-joklar/um-horfandi-jokla
2026-06-27 10:38:53,949 | INFO     | src.fetcher | Requesting https://www.vatnajokulsthjodgardur.is/fraedsla/horfandi-joklar/um-horfandi-jokla
2026-06-27 10:38:54,779 | DEBUG    | src.fetcher | Response 200 in 0.83s (161428 bytes, final URL: https://www.vatnajokulsthjodgardur.is/fraedsla/horfandi-joklar/um-horfandi-jokla)
2026-06-27 10:38:54,787 | DEBUG    | src.parser | Removed 24 noise/banner element(s)
2026-06-27 10:38:54,787 | DEBUG    | src.parser | Images: 0 data-URI swapped to real src, 0 dropped
2026-06-27 10:38:54,787 | DEBUG    | src.parser | Content root: <main>
2026-06-27 10:38:54,793 | INFO     | src.parser | Parsed content: 6481 characters
2026-06-27 10:38:54,797 | DEBUG    | src.parser | Found 25 same-domain link(s)
2026-06-27 10:38:55,302 | INFO     | src.crawler | [59/100] depth 2: https://www.vatnajokulsthjodgardur.is/fraedsla/serstada-thjodgardsins
2026-06-27 10:38:55,303 | INFO     | src.fetcher | Requesting https://www.vatnajokulsthjodgardur.is/fraedsla/serstada-thjodgardsins
2026-06-27 10:38:55,826 | DEBUG    | src.fetcher | Response 200 in 0.52s (163711 bytes, final URL: https://www.vatnajokulsthjodgardur.is/fraedsla/serstada-thjodgardsins)
2026-06-27 10:38:55,833 | DEBUG    | src.parser | Removed 24 noise/banner element(s)
2026-06-27 10:38:55,833 | DEBUG    | src.parser | Images: 0 data-URI swapped to real src, 0 dropped
2026-06-27 10:38:55,833 | DEBUG    | src.parser | Content root: <main>
2026-06-27 10:38:55,840 | INFO     | src.parser | Parsed content: 7869 characters
2026-06-27 10:38:55,844 | DEBUG    | src.parser | Found 34 same-domain link(s)
2026-06-27 10:38:56,349 | INFO     | src.crawler | [60/100] depth 2: https://www.vatnajokulsthjodgardur.is/thjodgardurinn/stefnumotun-og-thatttaka/stefna-vatnajokulsthjodgards
2026-06-27 10:38:56,350 | INFO     | src.fetcher | Requesting https://www.vatnajokulsthjodgardur.is/thjodgardurinn/stefnumotun-og-thatttaka/stefna-vatnajokulsthjodgards
2026-06-27 10:38:56,867 | DEBUG    | src.fetcher | Response 200 in 0.52s (145250 bytes, final URL: https://www.vatnajokulsthjodgardur.is/thjodgardurinn/stefnumotun-og-thatttaka/stefna-vatnajokulsthjodgards)
2026-06-27 10:38:56,874 | DEBUG    | src.parser | Removed 24 noise/banner element(s)
2026-06-27 10:38:56,874 | DEBUG    | src.parser | Images: 0 data-URI swapped to real src, 0 dropped
2026-06-27 10:38:56,874 | DEBUG    | src.parser | Content root: <main>
2026-06-27 10:38:56,882 | INFO     | src.parser | Parsed content: 10109 characters
2026-06-27 10:38:56,886 | DEBUG    | src.parser | Found 14 same-domain link(s)
2026-06-27 10:38:57,391 | INFO     | src.crawler | [61/100] depth 2: https://www.vatnajokulsthjodgardur.is/vernd/stjornunar-og-verndaraaetlun
2026-06-27 10:38:57,391 | INFO     | src.fetcher | Requesting https://www.vatnajokulsthjodgardur.is/vernd/stjornunar-og-verndaraaetlun
2026-06-27 10:38:57,878 | DEBUG    | src.fetcher | Response 200 in 0.49s (138790 bytes, final URL: https://www.vatnajokulsthjodgardur.is/vernd/stjornunar-og-verndaraaetlun)
2026-06-27 10:38:57,887 | DEBUG    | src.parser | Removed 24 noise/banner element(s)
2026-06-27 10:38:57,887 | DEBUG    | src.parser | Images: 0 data-URI swapped to real src, 0 dropped
2026-06-27 10:38:57,887 | DEBUG    | src.parser | Content root: <main>
2026-06-27 10:38:57,895 | INFO     | src.parser | Parsed content: 6277 characters
2026-06-27 10:38:57,898 | DEBUG    | src.parser | Found 21 same-domain link(s)
2026-06-27 10:38:58,403 | INFO     | src.crawler | [62/100] depth 2: https://www.vatnajokulsthjodgardur.is/hafa-samband
2026-06-27 10:38:58,403 | INFO     | src.fetcher | Requesting https://www.vatnajokulsthjodgardur.is/hafa-samband
2026-06-27 10:38:58,867 | DEBUG    | src.fetcher | Response 200 in 0.46s (97398 bytes, final URL: https://www.vatnajokulsthjodgardur.is/hafa-samband)
2026-06-27 10:38:58,882 | DEBUG    | src.parser | Removed 34 noise/banner element(s)
2026-06-27 10:38:58,882 | DEBUG    | src.parser | Images: 0 data-URI swapped to real src, 0 dropped
2026-06-27 10:38:58,882 | DEBUG    | src.parser | Content root: <main>
2026-06-27 10:38:58,884 | INFO     | src.parser | Parsed content: 691 characters
2026-06-27 10:38:58,887 | DEBUG    | src.parser | Found 14 same-domain link(s)
2026-06-27 10:38:59,392 | INFO     | src.crawler | [63/100] depth 2: https://www.vatnajokulsthjodgardur.is/thjodgardurinn/vinnustadurinn/starfsstodvar
2026-06-27 10:38:59,392 | INFO     | src.fetcher | Requesting https://www.vatnajokulsthjodgardur.is/thjodgardurinn/vinnustadurinn/starfsstodvar
2026-06-27 10:39:00,210 | DEBUG    | src.fetcher | Response 200 in 0.82s (141391 bytes, final URL: https://www.vatnajokulsthjodgardur.is/thjodgardurinn/vinnustadurinn/starfsstodvar)
2026-06-27 10:39:00,220 | DEBUG    | src.parser | Removed 25 noise/banner element(s)
2026-06-27 10:39:00,220 | DEBUG    | src.parser | Images: 0 data-URI swapped to real src, 0 dropped
2026-06-27 10:39:00,220 | DEBUG    | src.parser | Content root: <main>
2026-06-27 10:39:00,226 | INFO     | src.parser | Parsed content: 3442 characters
2026-06-27 10:39:00,230 | DEBUG    | src.parser | Found 13 same-domain link(s)
2026-06-27 10:39:00,735 | INFO     | src.crawler | [64/100] depth 2: https://www.vatnajokulsthjodgardur.is/svaedi/jokulsargljufur/gljufrastofa
2026-06-27 10:39:00,735 | INFO     | src.fetcher | Requesting https://www.vatnajokulsthjodgardur.is/svaedi/jokulsargljufur/gljufrastofa
2026-06-27 10:39:01,188 | DEBUG    | src.fetcher | Response 200 in 0.45s (103050 bytes, final URL: https://www.vatnajokulsthjodgardur.is/svaedi/jokulsargljufur/gljufrastofa)
2026-06-27 10:39:01,194 | DEBUG    | src.parser | Removed 24 noise/banner element(s)
2026-06-27 10:39:01,194 | DEBUG    | src.parser | Images: 0 data-URI swapped to real src, 0 dropped
2026-06-27 10:39:01,194 | DEBUG    | src.parser | Content root: <main>
2026-06-27 10:39:01,197 | INFO     | src.parser | Parsed content: 1898 characters
2026-06-27 10:39:01,201 | DEBUG    | src.parser | Found 16 same-domain link(s)
2026-06-27 10:39:01,706 | INFO     | src.crawler | [65/100] depth 2: https://www.vatnajokulsthjodgardur.is/thjodgardurinn/atvinnulif-og-samfelag/verdskra1
2026-06-27 10:39:01,706 | INFO     | src.fetcher | Requesting https://www.vatnajokulsthjodgardur.is/thjodgardurinn/atvinnulif-og-samfelag/verdskra1
2026-06-27 10:39:02,201 | DEBUG    | src.fetcher | Response 200 in 0.49s (154938 bytes, final URL: https://www.vatnajokulsthjodgardur.is/thjodgardurinn/atvinnulif-og-samfelag/verdskra1)
2026-06-27 10:39:02,212 | DEBUG    | src.parser | Removed 24 noise/banner element(s)
2026-06-27 10:39:02,212 | DEBUG    | src.parser | Images: 0 data-URI swapped to real src, 0 dropped
2026-06-27 10:39:02,212 | DEBUG    | src.parser | Content root: <main>
2026-06-27 10:39:02,218 | INFO     | src.parser | Parsed content: 6955 characters
2026-06-27 10:39:02,224 | DEBUG    | src.parser | Found 18 same-domain link(s)
2026-06-27 10:39:02,729 | INFO     | src.crawler | [66/100] depth 2: https://www.vatnajokulsthjodgardur.is/advaranir
2026-06-27 10:39:02,729 | INFO     | src.fetcher | Requesting https://www.vatnajokulsthjodgardur.is/advaranir
2026-06-27 10:39:02,981 | DEBUG    | src.fetcher | Response 200 in 0.25s (88518 bytes, final URL: https://www.vatnajokulsthjodgardur.is/advaranir)
2026-06-27 10:39:02,988 | DEBUG    | src.parser | Removed 16 noise/banner element(s)
2026-06-27 10:39:02,988 | DEBUG    | src.parser | Images: 0 data-URI swapped to real src, 0 dropped
2026-06-27 10:39:02,988 | DEBUG    | src.parser | Content root: <main>
2026-06-27 10:39:02,990 | INFO     | src.parser | Parsed content: 694 characters
2026-06-27 10:39:02,994 | DEBUG    | src.parser | Found 15 same-domain link(s)
2026-06-27 10:39:03,499 | INFO     | src.crawler | [67/100] depth 2: https://www.vatnajokulsthjodgardur.is/thjodgardurinn/vinnustadurinn/storf-i-bodi
2026-06-27 10:39:03,499 | INFO     | src.fetcher | Requesting https://www.vatnajokulsthjodgardur.is/thjodgardurinn/vinnustadurinn/storf-i-bodi
2026-06-27 10:39:03,941 | DEBUG    | src.fetcher | Response 200 in 0.44s (103326 bytes, final URL: https://www.vatnajokulsthjodgardur.is/thjodgardurinn/vinnustadurinn/storf-i-bodi)
2026-06-27 10:39:03,945 | DEBUG    | src.parser | Removed 24 noise/banner element(s)
2026-06-27 10:39:03,945 | DEBUG    | src.parser | Images: 0 data-URI swapped to real src, 0 dropped
2026-06-27 10:39:03,945 | DEBUG    | src.parser | Content root: <main>
2026-06-27 10:39:03,946 | INFO     | src.parser | Parsed content: 2370 characters
2026-06-27 10:39:03,948 | DEBUG    | src.parser | Found 13 same-domain link(s)
2026-06-27 10:39:04,454 | INFO     | src.crawler | [68/100] depth 2: https://www.vatnajokulsthjodgardur.is/en/news/ice-cave-tours-and-glacier-hikes
2026-06-27 10:39:04,454 | INFO     | src.fetcher | Requesting https://www.vatnajokulsthjodgardur.is/en/news/ice-cave-tours-and-glacier-hikes
2026-06-27 10:39:04,885 | DEBUG    | src.fetcher | Response 200 in 0.43s (80685 bytes, final URL: https://www.vatnajokulsthjodgardur.is/en/news/ice-cave-tours-and-glacier-hikes)
2026-06-27 10:39:04,892 | DEBUG    | src.parser | Removed 17 noise/banner element(s)
2026-06-27 10:39:04,892 | DEBUG    | src.parser | Images: 0 data-URI swapped to real src, 0 dropped
2026-06-27 10:39:04,892 | DEBUG    | src.parser | Content root: <main>
2026-06-27 10:39:04,893 | INFO     | src.parser | Parsed content: 1296 characters
2026-06-27 10:39:04,895 | DEBUG    | src.parser | Found 16 same-domain link(s)
2026-06-27 10:39:05,399 | INFO     | src.crawler | [69/100] depth 2: https://www.vatnajokulsthjodgardur.is/en/news/ishellaferdir-og-joklagongur
2026-06-27 10:39:05,400 | INFO     | src.fetcher | Requesting https://www.vatnajokulsthjodgardur.is/en/news/ishellaferdir-og-joklagongur
2026-06-27 10:39:05,729 | DEBUG    | src.fetcher | Response 200 in 0.33s (80325 bytes, final URL: https://www.vatnajokulsthjodgardur.is/en/news/ishellaferdir-og-joklagongur)
2026-06-27 10:39:05,736 | DEBUG    | src.parser | Removed 17 noise/banner element(s)
2026-06-27 10:39:05,736 | DEBUG    | src.parser | Images: 0 data-URI swapped to real src, 0 dropped
2026-06-27 10:39:05,736 | DEBUG    | src.parser | Content root: <main>
2026-06-27 10:39:05,738 | INFO     | src.parser | Parsed content: 2171 characters
2026-06-27 10:39:05,740 | DEBUG    | src.parser | Found 15 same-domain link(s)
2026-06-27 10:39:06,245 | INFO     | src.crawler | [70/100] depth 2: https://www.vatnajokulsthjodgardur.is/en/news/rules-for-the-use-of-drones-for-recreational-purpo
2026-06-27 10:39:06,245 | INFO     | src.fetcher | Requesting https://www.vatnajokulsthjodgardur.is/en/news/rules-for-the-use-of-drones-for-recreational-purpo
2026-06-27 10:39:06,705 | DEBUG    | src.fetcher | Response 200 in 0.46s (84779 bytes, final URL: https://www.vatnajokulsthjodgardur.is/en/news/rules-for-the-use-of-drones-for-recreational-purpo)
2026-06-27 10:39:06,712 | DEBUG    | src.parser | Removed 17 noise/banner element(s)
2026-06-27 10:39:06,712 | DEBUG    | src.parser | Images: 0 data-URI swapped to real src, 0 dropped
2026-06-27 10:39:06,712 | DEBUG    | src.parser | Content root: <main>
2026-06-27 10:39:06,714 | INFO     | src.parser | Parsed content: 2118 characters
2026-06-27 10:39:06,717 | DEBUG    | src.parser | Found 18 same-domain link(s)
2026-06-27 10:39:07,221 | INFO     | src.crawler | [71/100] depth 2: https://www.vatnajokulsthjodgardur.is/en/news/dettifoss-area-closed-due-to-dangerous-conditions
2026-06-27 10:39:07,222 | INFO     | src.fetcher | Requesting https://www.vatnajokulsthjodgardur.is/en/news/dettifoss-area-closed-due-to-dangerous-conditions
2026-06-27 10:39:07,664 | DEBUG    | src.fetcher | Response 200 in 0.44s (79536 bytes, final URL: https://www.vatnajokulsthjodgardur.is/en/news/dettifoss-area-closed-due-to-dangerous-conditions)
2026-06-27 10:39:07,669 | DEBUG    | src.parser | Removed 17 noise/banner element(s)
2026-06-27 10:39:07,669 | DEBUG    | src.parser | Images: 0 data-URI swapped to real src, 0 dropped
2026-06-27 10:39:07,669 | DEBUG    | src.parser | Content root: <main>
2026-06-27 10:39:07,670 | INFO     | src.parser | Parsed content: 1096 characters
2026-06-27 10:39:07,672 | DEBUG    | src.parser | Found 15 same-domain link(s)
2026-06-27 10:39:08,177 | INFO     | src.crawler | [72/100] depth 2: https://www.vatnajokulsthjodgardur.is/en/news/hiking-rotue-s3-in-skaftafell-open
2026-06-27 10:39:08,177 | INFO     | src.fetcher | Requesting https://www.vatnajokulsthjodgardur.is/en/news/hiking-rotue-s3-in-skaftafell-open
2026-06-27 10:39:08,594 | DEBUG    | src.fetcher | Response 200 in 0.42s (81813 bytes, final URL: https://www.vatnajokulsthjodgardur.is/en/news/hiking-rotue-s3-in-skaftafell-open)
2026-06-27 10:39:08,600 | DEBUG    | src.parser | Removed 17 noise/banner element(s)
2026-06-27 10:39:08,600 | DEBUG    | src.parser | Images: 0 data-URI swapped to real src, 0 dropped
2026-06-27 10:39:08,600 | DEBUG    | src.parser | Content root: <main>
2026-06-27 10:39:08,602 | INFO     | src.parser | Parsed content: 1055 characters
2026-06-27 10:39:08,603 | DEBUG    | src.parser | Found 15 same-domain link(s)
2026-06-27 10:39:09,108 | INFO     | src.crawler | [73/100] depth 2: https://www.vatnajokulsthjodgardur.is/en/news/constructions-at-jokulsarlon
2026-06-27 10:39:09,109 | INFO     | src.fetcher | Requesting https://www.vatnajokulsthjodgardur.is/en/news/constructions-at-jokulsarlon
2026-06-27 10:39:09,520 | DEBUG    | src.fetcher | Response 200 in 0.41s (82789 bytes, final URL: https://www.vatnajokulsthjodgardur.is/en/news/constructions-at-jokulsarlon)
2026-06-27 10:39:09,529 | DEBUG    | src.parser | Removed 17 noise/banner element(s)
2026-06-27 10:39:09,529 | DEBUG    | src.parser | Images: 0 data-URI swapped to real src, 0 dropped
2026-06-27 10:39:09,529 | DEBUG    | src.parser | Content root: <main>
2026-06-27 10:39:09,531 | INFO     | src.parser | Parsed content: 1629 characters
2026-06-27 10:39:09,534 | DEBUG    | src.parser | Found 15 same-domain link(s)
2026-06-27 10:39:10,039 | INFO     | src.crawler | [74/100] depth 2: https://www.vatnajokulsthjodgardur.is/en/news/vidhaldsvinna-i-skaftafelli-timabundin-lokun-salernishuss
2026-06-27 10:39:10,039 | INFO     | src.fetcher | Requesting https://www.vatnajokulsthjodgardur.is/en/news/vidhaldsvinna-i-skaftafelli-timabundin-lokun-salernishuss
2026-06-27 10:39:10,540 | DEBUG    | src.fetcher | Response 200 in 0.50s (78387 bytes, final URL: https://www.vatnajokulsthjodgardur.is/en/news/vidhaldsvinna-i-skaftafelli-timabundin-lokun-salernishuss)
2026-06-27 10:39:10,548 | DEBUG    | src.parser | Removed 17 noise/banner element(s)
2026-06-27 10:39:10,548 | DEBUG    | src.parser | Images: 0 data-URI swapped to real src, 0 dropped
2026-06-27 10:39:10,548 | DEBUG    | src.parser | Content root: <main>
2026-06-27 10:39:10,549 | INFO     | src.parser | Parsed content: 693 characters
2026-06-27 10:39:10,550 | DEBUG    | src.parser | Found 15 same-domain link(s)
2026-06-27 10:39:11,055 | INFO     | src.crawler | [75/100] depth 2: https://www.vatnajokulsthjodgardur.is/en/news/workshop-vatnajokull-national
2026-06-27 10:39:11,056 | INFO     | src.fetcher | Requesting https://www.vatnajokulsthjodgardur.is/en/news/workshop-vatnajokull-national
2026-06-27 10:39:11,564 | DEBUG    | src.fetcher | Response 200 in 0.51s (81093 bytes, final URL: https://www.vatnajokulsthjodgardur.is/en/news/workshop-vatnajokull-national)
2026-06-27 10:39:11,570 | DEBUG    | src.parser | Removed 17 noise/banner element(s)
2026-06-27 10:39:11,571 | DEBUG    | src.parser | Images: 0 data-URI swapped to real src, 0 dropped
2026-06-27 10:39:11,571 | DEBUG    | src.parser | Content root: <main>
2026-06-27 10:39:11,572 | INFO     | src.parser | Parsed content: 1113 characters
2026-06-27 10:39:11,577 | DEBUG    | src.parser | Found 15 same-domain link(s)
2026-06-27 10:39:12,081 | INFO     | src.crawler | [76/100] depth 2: https://www.vatnajokulsthjodgardur.is/en/news/exhibition-in-skaftafellsstofa
2026-06-27 10:39:12,081 | INFO     | src.fetcher | Requesting https://www.vatnajokulsthjodgardur.is/en/news/exhibition-in-skaftafellsstofa
2026-06-27 10:39:12,561 | DEBUG    | src.fetcher | Response 200 in 0.48s (80270 bytes, final URL: https://www.vatnajokulsthjodgardur.is/en/news/exhibition-in-skaftafellsstofa)
2026-06-27 10:39:12,566 | DEBUG    | src.parser | Removed 17 noise/banner element(s)
2026-06-27 10:39:12,567 | DEBUG    | src.parser | Images: 0 data-URI swapped to real src, 0 dropped
2026-06-27 10:39:12,567 | DEBUG    | src.parser | Content root: <main>
2026-06-27 10:39:12,568 | INFO     | src.parser | Parsed content: 1256 characters
2026-06-27 10:39:12,570 | DEBUG    | src.parser | Found 15 same-domain link(s)
2026-06-27 10:39:13,073 | INFO     | src.crawler | [77/100] depth 2: https://www.vatnajokulsthjodgardur.is/en/news/icelandic-glaciers-have-decreased-by-19-in-area
2026-06-27 10:39:13,074 | INFO     | src.fetcher | Requesting https://www.vatnajokulsthjodgardur.is/en/news/icelandic-glaciers-have-decreased-by-19-in-area
2026-06-27 10:39:13,511 | DEBUG    | src.fetcher | Response 200 in 0.44s (90223 bytes, final URL: https://www.vatnajokulsthjodgardur.is/en/news/icelandic-glaciers-have-decreased-by-19-in-area)
2026-06-27 10:39:13,518 | DEBUG    | src.parser | Removed 17 noise/banner element(s)
2026-06-27 10:39:13,518 | DEBUG    | src.parser | Images: 0 data-URI swapped to real src, 0 dropped
2026-06-27 10:39:13,518 | DEBUG    | src.parser | Content root: <main>
2026-06-27 10:39:13,520 | INFO     | src.parser | Parsed content: 2611 characters
2026-06-27 10:39:13,524 | DEBUG    | src.parser | Found 15 same-domain link(s)
2026-06-27 10:39:14,025 | INFO     | src.crawler | [78/100] depth 2: https://www.vatnajokulsthjodgardur.is/en/news/international-geodiversity-day
2026-06-27 10:39:14,025 | INFO     | src.fetcher | Requesting https://www.vatnajokulsthjodgardur.is/en/news/international-geodiversity-day
2026-06-27 10:39:14,435 | DEBUG    | src.fetcher | Response 200 in 0.41s (79980 bytes, final URL: https://www.vatnajokulsthjodgardur.is/en/news/international-geodiversity-day)
2026-06-27 10:39:14,438 | DEBUG    | src.parser | Removed 17 noise/banner element(s)
2026-06-27 10:39:14,438 | DEBUG    | src.parser | Images: 0 data-URI swapped to real src, 0 dropped
2026-06-27 10:39:14,438 | DEBUG    | src.parser | Content root: <main>
2026-06-27 10:39:14,439 | INFO     | src.parser | Parsed content: 1566 characters
2026-06-27 10:39:14,441 | DEBUG    | src.parser | Found 15 same-domain link(s)
2026-06-27 10:39:14,946 | INFO     | src.crawler | [79/100] depth 2: https://www.vatnajokulsthjodgardur.is/en/news/no-two-days-are-ever-the-same-when-rangering-in-askja
2026-06-27 10:39:14,946 | INFO     | src.fetcher | Requesting https://www.vatnajokulsthjodgardur.is/en/news/no-two-days-are-ever-the-same-when-rangering-in-askja
2026-06-27 10:39:15,456 | DEBUG    | src.fetcher | Response 200 in 0.51s (87195 bytes, final URL: https://www.vatnajokulsthjodgardur.is/en/news/no-two-days-are-ever-the-same-when-rangering-in-askja)
2026-06-27 10:39:15,464 | DEBUG    | src.parser | Removed 17 noise/banner element(s)
2026-06-27 10:39:15,464 | DEBUG    | src.parser | Images: 0 data-URI swapped to real src, 0 dropped
2026-06-27 10:39:15,464 | DEBUG    | src.parser | Content root: <main>
2026-06-27 10:39:15,465 | INFO     | src.parser | Parsed content: 2610 characters
2026-06-27 10:39:15,467 | DEBUG    | src.parser | Found 15 same-domain link(s)
2026-06-27 10:39:15,973 | INFO     | src.crawler | [80/100] depth 2: https://www.vatnajokulsthjodgardur.is/en/frettir?page=1
2026-06-27 10:39:15,973 | INFO     | src.fetcher | Requesting https://www.vatnajokulsthjodgardur.is/en/frettir?page=1
2026-06-27 10:39:16,629 | DEBUG    | src.fetcher | Response 200 in 0.66s (141609 bytes, final URL: https://www.vatnajokulsthjodgardur.is/en/frettir?page=1)
2026-06-27 10:39:16,640 | DEBUG    | src.parser | Removed 17 noise/banner element(s)
2026-06-27 10:39:16,640 | DEBUG    | src.parser | Images: 0 data-URI swapped to real src, 0 dropped
2026-06-27 10:39:16,640 | DEBUG    | src.parser | Content root: <main>
2026-06-27 10:39:16,650 | INFO     | src.parser | Parsed content: 7756 characters
2026-06-27 10:39:16,654 | DEBUG    | src.parser | Found 33 same-domain link(s)
2026-06-27 10:39:17,159 | INFO     | src.crawler | [81/100] depth 2: https://www.vatnajokulsthjodgardur.is/en/frettir?page=2
2026-06-27 10:39:17,159 | INFO     | src.fetcher | Requesting https://www.vatnajokulsthjodgardur.is/en/frettir?page=2
2026-06-27 10:39:17,557 | DEBUG    | src.fetcher | Response 200 in 0.40s (105147 bytes, final URL: https://www.vatnajokulsthjodgardur.is/en/frettir?page=2)
2026-06-27 10:39:17,566 | DEBUG    | src.parser | Removed 17 noise/banner element(s)
2026-06-27 10:39:17,566 | DEBUG    | src.parser | Images: 0 data-URI swapped to real src, 0 dropped
2026-06-27 10:39:17,566 | DEBUG    | src.parser | Content root: <main>
2026-06-27 10:39:17,571 | INFO     | src.parser | Parsed content: 3669 characters
2026-06-27 10:39:17,574 | DEBUG    | src.parser | Found 25 same-domain link(s)
2026-06-27 10:39:18,079 | INFO     | src.crawler | [82/100] depth 2: https://www.vatnajokulsthjodgardur.is/reglur-um-notkun-flygilda-i-afthreyingarskyni
2026-06-27 10:39:18,080 | INFO     | src.fetcher | Requesting https://www.vatnajokulsthjodgardur.is/reglur-um-notkun-flygilda-i-afthreyingarskyni
2026-06-27 10:39:19,040 | DEBUG    | src.fetcher | Response 200 in 0.96s (136826 bytes, final URL: https://www.vatnajokulsthjodgardur.is/thjodgardurinn/reglur-um-notkun-flygilda-i-afthreyingarskyni)
2026-06-27 10:39:19,052 | DEBUG    | src.parser | Removed 24 noise/banner element(s)
2026-06-27 10:39:19,052 | DEBUG    | src.parser | Images: 0 data-URI swapped to real src, 0 dropped
2026-06-27 10:39:19,052 | DEBUG    | src.parser | Content root: <main>
2026-06-27 10:39:19,056 | INFO     | src.parser | Parsed content: 8920 characters
2026-06-27 10:39:19,059 | DEBUG    | src.parser | Found 14 same-domain link(s)
2026-06-27 10:39:19,562 | INFO     | src.crawler | [83/100] depth 2: https://www.vatnajokulsthjodgardur.is/en/permits
2026-06-27 10:39:19,562 | INFO     | src.fetcher | Requesting https://www.vatnajokulsthjodgardur.is/en/permits
2026-06-27 10:39:20,522 | DEBUG    | src.fetcher | Response 200 in 0.96s (129564 bytes, final URL: https://www.vatnajokulsthjodgardur.is/en/communities--businesses/permits)
2026-06-27 10:39:20,536 | DEBUG    | src.parser | Removed 24 noise/banner element(s)
2026-06-27 10:39:20,536 | DEBUG    | src.parser | Images: 0 data-URI swapped to real src, 0 dropped
2026-06-27 10:39:20,536 | DEBUG    | src.parser | Content root: <main>
2026-06-27 10:39:20,544 | INFO     | src.parser | Parsed content: 4779 characters
2026-06-27 10:39:20,549 | DEBUG    | src.parser | Found 16 same-domain link(s)
2026-06-27 10:39:21,055 | INFO     | src.crawler | [84/100] depth 2: https://www.vatnajokulsthjodgardur.is/greidsla-tjaldsvaeda-og-svaedisgjalda
2026-06-27 10:39:21,055 | INFO     | src.fetcher | Requesting https://www.vatnajokulsthjodgardur.is/greidsla-tjaldsvaeda-og-svaedisgjalda
2026-06-27 10:39:21,924 | DEBUG    | src.fetcher | Response 200 in 0.87s (127387 bytes, final URL: https://www.vatnajokulsthjodgardur.is/thjodgardurinn/atvinnulif-og-samfelag/greidsla-tjaldsvaeda-og-svaedisgjalda)
2026-06-27 10:39:21,932 | DEBUG    | src.parser | Removed 24 noise/banner element(s)
2026-06-27 10:39:21,932 | DEBUG    | src.parser | Images: 0 data-URI swapped to real src, 0 dropped
2026-06-27 10:39:21,932 | DEBUG    | src.parser | Content root: <main>
2026-06-27 10:39:21,936 | INFO     | src.parser | Parsed content: 4472 characters
2026-06-27 10:39:21,938 | DEBUG    | src.parser | Found 15 same-domain link(s)
2026-06-27 10:39:22,439 | INFO     | src.crawler | [85/100] depth 2: https://www.vatnajokulsthjodgardur.is/en/visit/plan-your-visit?tag=Gisting&area=
2026-06-27 10:39:22,439 | INFO     | src.fetcher | Requesting https://www.vatnajokulsthjodgardur.is/en/visit/plan-your-visit?tag=Gisting&area=
2026-06-27 10:39:23,035 | DEBUG    | src.fetcher | Response 200 in 0.60s (80399 bytes, final URL: https://www.vatnajokulsthjodgardur.is/en/visit/plan-your-visit?tag=Gisting&area=)
2026-06-27 10:39:23,042 | DEBUG    | src.parser | Removed 34 noise/banner element(s)
2026-06-27 10:39:23,043 | DEBUG    | src.parser | Images: 0 data-URI swapped to real src, 0 dropped
2026-06-27 10:39:23,043 | DEBUG    | src.parser | Content root: <main>
2026-06-27 10:39:23,044 | INFO     | src.parser | Parsed content: 224 characters
2026-06-27 10:39:23,046 | DEBUG    | src.parser | Found 15 same-domain link(s)
2026-06-27 10:39:23,548 | INFO     | src.crawler | [86/100] depth 2: https://www.vatnajokulsthjodgardur.is/skipuleggja-ferd
2026-06-27 10:39:23,548 | INFO     | src.fetcher | Requesting https://www.vatnajokulsthjodgardur.is/skipuleggja-ferd
2026-06-27 10:39:24,582 | DEBUG    | src.fetcher | Response 200 in 1.03s (95395 bytes, final URL: https://www.vatnajokulsthjodgardur.is/heimsokn/skipuleggja-ferd)
2026-06-27 10:39:24,587 | DEBUG    | src.parser | Removed 34 noise/banner element(s)
2026-06-27 10:39:24,588 | DEBUG    | src.parser | Images: 0 data-URI swapped to real src, 0 dropped
2026-06-27 10:39:24,588 | DEBUG    | src.parser | Content root: <main>
2026-06-27 10:39:24,589 | INFO     | src.parser | Parsed content: 229 characters
2026-06-27 10:39:24,592 | DEBUG    | src.parser | Found 14 same-domain link(s)
2026-06-27 10:39:25,097 | INFO     | src.crawler | [87/100] depth 2: https://www.vatnajokulsthjodgardur.is/ferdarad
2026-06-27 10:39:25,097 | INFO     | src.fetcher | Requesting https://www.vatnajokulsthjodgardur.is/ferdarad
2026-06-27 10:39:25,972 | DEBUG    | src.fetcher | Response 200 in 0.87s (104120 bytes, final URL: https://www.vatnajokulsthjodgardur.is/heimsokn/ferdarad-og-oryggi/ferdarad)
2026-06-27 10:39:25,980 | DEBUG    | src.parser | Removed 24 noise/banner element(s)
2026-06-27 10:39:25,980 | DEBUG    | src.parser | Images: 0 data-URI swapped to real src, 0 dropped
2026-06-27 10:39:25,980 | DEBUG    | src.parser | Content root: <main>
2026-06-27 10:39:25,983 | INFO     | src.parser | Parsed content: 4145 characters
2026-06-27 10:39:25,986 | DEBUG    | src.parser | Found 16 same-domain link(s)
2026-06-27 10:39:26,491 | INFO     | src.crawler | [88/100] depth 2: https://www.vatnajokulsthjodgardur.is/en/visit/plan-your-visit?tag=%C3%81fangasta%C3%B0ur&area=
2026-06-27 10:39:26,491 | INFO     | src.fetcher | Requesting https://www.vatnajokulsthjodgardur.is/en/visit/plan-your-visit?tag=%C3%81fangasta%C3%B0ur&area=
2026-06-27 10:39:27,026 | DEBUG    | src.fetcher | Response 200 in 0.53s (80406 bytes, final URL: https://www.vatnajokulsthjodgardur.is/en/visit/plan-your-visit?tag=%C3%81fangasta%C3%B0ur&area=)
2026-06-27 10:39:27,036 | DEBUG    | src.parser | Removed 34 noise/banner element(s)
2026-06-27 10:39:27,036 | DEBUG    | src.parser | Images: 0 data-URI swapped to real src, 0 dropped
2026-06-27 10:39:27,036 | DEBUG    | src.parser | Content root: <main>
2026-06-27 10:39:27,037 | INFO     | src.parser | Parsed content: 224 characters
2026-06-27 10:39:27,039 | DEBUG    | src.parser | Found 15 same-domain link(s)
2026-06-27 10:39:27,543 | INFO     | src.crawler | [89/100] depth 2: https://www.vatnajokulsthjodgardur.is/en/visit/arstidir
2026-06-27 10:39:27,543 | INFO     | src.fetcher | Requesting https://www.vatnajokulsthjodgardur.is/en/visit/arstidir
2026-06-27 10:39:27,965 | DEBUG    | src.fetcher | Response 200 in 0.42s (81327 bytes, final URL: https://www.vatnajokulsthjodgardur.is/en/visit/arstidir)
2026-06-27 10:39:27,972 | DEBUG    | src.parser | Removed 24 noise/banner element(s)
2026-06-27 10:39:27,972 | DEBUG    | src.parser | Images: 0 data-URI swapped to real src, 0 dropped
2026-06-27 10:39:27,972 | DEBUG    | src.parser | Content root: <main>
2026-06-27 10:39:27,974 | INFO     | src.parser | Parsed content: 3015 characters
2026-06-27 10:39:27,976 | DEBUG    | src.parser | Found 15 same-domain link(s)
2026-06-27 10:39:28,481 | INFO     | src.crawler | [90/100] depth 2: https://www.vatnajokulsthjodgardur.is/skaftarstofa
2026-06-27 10:39:28,481 | INFO     | src.fetcher | Requesting https://www.vatnajokulsthjodgardur.is/skaftarstofa
2026-06-27 10:39:29,219 | DEBUG    | src.fetcher | Response 200 in 0.74s (95034 bytes, final URL: https://www.vatnajokulsthjodgardur.is/svaedi/lakagigar/skaftarstofa)
2026-06-27 10:39:29,228 | DEBUG    | src.parser | Removed 24 noise/banner element(s)
2026-06-27 10:39:29,228 | DEBUG    | src.parser | Images: 0 data-URI swapped to real src, 0 dropped
2026-06-27 10:39:29,228 | DEBUG    | src.parser | Content root: <main>
2026-06-27 10:39:29,229 | INFO     | src.parser | Parsed content: 715 characters
2026-06-27 10:39:29,231 | DEBUG    | src.parser | Found 15 same-domain link(s)
2026-06-27 10:39:29,736 | INFO     | src.crawler | [91/100] depth 2: https://www.vatnajokulsthjodgardur.is/en/areas/lakagigar
2026-06-27 10:39:29,736 | INFO     | src.fetcher | Requesting https://www.vatnajokulsthjodgardur.is/en/areas/lakagigar
2026-06-27 10:39:30,570 | DEBUG    | src.fetcher | Response 200 in 0.83s (162883 bytes, final URL: https://www.vatnajokulsthjodgardur.is/en/areas/lakagigar)
2026-06-27 10:39:30,585 | DEBUG    | src.parser | Removed 24 noise/banner element(s)
2026-06-27 10:39:30,585 | DEBUG    | src.parser | Images: 0 data-URI swapped to real src, 0 dropped
2026-06-27 10:39:30,585 | DEBUG    | src.parser | Content root: <main>
2026-06-27 10:39:30,601 | INFO     | src.parser | Parsed content: 10773 characters
2026-06-27 10:39:30,606 | DEBUG    | src.parser | Found 24 same-domain link(s)
2026-06-27 10:39:31,110 | INFO     | src.crawler | [92/100] depth 2: https://www.vatnajokulsthjodgardur.is/afangastadur-fjallsarlon
2026-06-27 10:39:31,110 | INFO     | src.fetcher | Requesting https://www.vatnajokulsthjodgardur.is/afangastadur-fjallsarlon
2026-06-27 10:39:31,991 | DEBUG    | src.fetcher | Response 200 in 0.88s (106981 bytes, final URL: https://www.vatnajokulsthjodgardur.is/svaedi/jokulsarlon/afangastadur-fjallsarlon)
2026-06-27 10:39:31,998 | DEBUG    | src.parser | Removed 24 noise/banner element(s)
2026-06-27 10:39:31,998 | DEBUG    | src.parser | Images: 0 data-URI swapped to real src, 0 dropped
2026-06-27 10:39:31,998 | DEBUG    | src.parser | Content root: <main>
2026-06-27 10:39:32,001 | INFO     | src.parser | Parsed content: 2211 characters
2026-06-27 10:39:32,003 | DEBUG    | src.parser | Found 18 same-domain link(s)
2026-06-27 10:39:32,508 | INFO     | src.crawler | [93/100] depth 2: https://www.vatnajokulsthjodgardur.is/en/areas/jokulsarlon
2026-06-27 10:39:32,508 | INFO     | src.fetcher | Requesting https://www.vatnajokulsthjodgardur.is/en/areas/jokulsarlon
2026-06-27 10:39:33,489 | DEBUG    | src.fetcher | Response 200 in 0.98s (188036 bytes, final URL: https://www.vatnajokulsthjodgardur.is/en/areas/jokulsarlon)
2026-06-27 10:39:33,502 | DEBUG    | src.parser | Removed 24 noise/banner element(s)
2026-06-27 10:39:33,502 | DEBUG    | src.parser | Images: 0 data-URI swapped to real src, 0 dropped
2026-06-27 10:39:33,502 | DEBUG    | src.parser | Content root: <main>
2026-06-27 10:39:33,512 | INFO     | src.parser | Parsed content: 12047 characters
2026-06-27 10:39:33,517 | DEBUG    | src.parser | Found 30 same-domain link(s)
2026-06-27 10:39:34,022 | INFO     | src.crawler | [94/100] depth 2: https://www.vatnajokulsthjodgardur.is/en/areas/jokulsarlon/b3-breidarmork
2026-06-27 10:39:34,022 | INFO     | src.fetcher | Requesting https://www.vatnajokulsthjodgardur.is/en/areas/jokulsarlon/b3-breidarmork
2026-06-27 10:39:34,484 | DEBUG    | src.fetcher | Response 200 in 0.46s (98030 bytes, final URL: https://www.vatnajokulsthjodgardur.is/en/areas/jokulsarlon/b3-breidarmork)
2026-06-27 10:39:34,493 | DEBUG    | src.parser | Removed 24 noise/banner element(s)
2026-06-27 10:39:34,493 | DEBUG    | src.parser | Images: 0 data-URI swapped to real src, 0 dropped
2026-06-27 10:39:34,493 | DEBUG    | src.parser | Content root: <main>
2026-06-27 10:39:34,497 | INFO     | src.parser | Parsed content: 2383 characters
2026-06-27 10:39:34,500 | DEBUG    | src.parser | Found 20 same-domain link(s)
2026-06-27 10:39:35,005 | INFO     | src.crawler | [95/100] depth 2: https://www.vatnajokulsthjodgardur.is/skaftafellsjokull-s1
2026-06-27 10:39:35,005 | INFO     | src.fetcher | Requesting https://www.vatnajokulsthjodgardur.is/skaftafellsjokull-s1
2026-06-27 10:39:35,742 | DEBUG    | src.fetcher | Response 200 in 0.74s (109818 bytes, final URL: https://www.vatnajokulsthjodgardur.is/svaedi/skaftafell/skaftafellsjokull-s1)
2026-06-27 10:39:35,751 | DEBUG    | src.parser | Removed 24 noise/banner element(s)
2026-06-27 10:39:35,751 | DEBUG    | src.parser | Images: 0 data-URI swapped to real src, 0 dropped
2026-06-27 10:39:35,751 | DEBUG    | src.parser | Content root: <main>
2026-06-27 10:39:35,754 | INFO     | src.parser | Parsed content: 2228 characters
2026-06-27 10:39:35,757 | DEBUG    | src.parser | Found 16 same-domain link(s)
2026-06-27 10:39:36,262 | INFO     | src.crawler | [96/100] depth 2: https://www.vatnajokulsthjodgardur.is/en/areas/skaftafell
2026-06-27 10:39:36,262 | INFO     | src.fetcher | Requesting https://www.vatnajokulsthjodgardur.is/en/areas/skaftafell
2026-06-27 10:39:37,475 | DEBUG    | src.fetcher | Response 200 in 1.21s (256468 bytes, final URL: https://www.vatnajokulsthjodgardur.is/en/areas/skaftafell)
2026-06-27 10:39:37,496 | DEBUG    | src.parser | Removed 24 noise/banner element(s)
2026-06-27 10:39:37,496 | DEBUG    | src.parser | Images: 0 data-URI swapped to real src, 0 dropped
2026-06-27 10:39:37,496 | DEBUG    | src.parser | Content root: <main>
2026-06-27 10:39:37,522 | INFO     | src.parser | Parsed content: 19866 characters
2026-06-27 10:39:37,531 | DEBUG    | src.parser | Found 47 same-domain link(s)
2026-06-27 10:39:38,036 | INFO     | src.crawler | [97/100] depth 2: https://www.vatnajokulsthjodgardur.is/en/heimsokn/ferdarad-og-oryggi/erfidleikastudull-gonguleida
2026-06-27 10:39:38,036 | INFO     | src.fetcher | Requesting https://www.vatnajokulsthjodgardur.is/en/heimsokn/ferdarad-og-oryggi/erfidleikastudull-gonguleida
2026-06-27 10:39:38,947 | DEBUG    | src.fetcher | Response 200 in 0.91s (84084 bytes, final URL: https://www.vatnajokulsthjodgardur.is/en/advice--safety/traildifficultyfactor)
2026-06-27 10:39:38,953 | DEBUG    | src.parser | Removed 24 noise/banner element(s)
2026-06-27 10:39:38,953 | DEBUG    | src.parser | Images: 0 data-URI swapped to real src, 0 dropped
2026-06-27 10:39:38,953 | DEBUG    | src.parser | Content root: <main>
2026-06-27 10:39:38,955 | INFO     | src.parser | Parsed content: 3622 characters
2026-06-27 10:39:38,958 | DEBUG    | src.parser | Found 15 same-domain link(s)
2026-06-27 10:39:39,462 | INFO     | src.crawler | [98/100] depth 2: https://www.vatnajokulsthjodgardur.is/gljufrastofa
2026-06-27 10:39:39,462 | INFO     | src.fetcher | Requesting https://www.vatnajokulsthjodgardur.is/gljufrastofa
2026-06-27 10:39:40,338 | DEBUG    | src.fetcher | Response 200 in 0.88s (103050 bytes, final URL: https://www.vatnajokulsthjodgardur.is/svaedi/jokulsargljufur/gljufrastofa)
2026-06-27 10:39:40,341 | DEBUG    | src.parser | Removed 24 noise/banner element(s)
2026-06-27 10:39:40,342 | DEBUG    | src.parser | Images: 0 data-URI swapped to real src, 0 dropped
2026-06-27 10:39:40,342 | DEBUG    | src.parser | Content root: <main>
2026-06-27 10:39:40,344 | INFO     | src.parser | Parsed content: 1898 characters
2026-06-27 10:39:40,347 | DEBUG    | src.parser | Found 17 same-domain link(s)
2026-06-27 10:39:40,852 | INFO     | src.crawler | [99/100] depth 2: https://www.vatnajokulsthjodgardur.is/en/areas/jokulsargljufur
2026-06-27 10:39:40,852 | INFO     | src.fetcher | Requesting https://www.vatnajokulsthjodgardur.is/en/areas/jokulsargljufur
2026-06-27 10:39:41,696 | DEBUG    | src.fetcher | Response 200 in 0.84s (270558 bytes, final URL: https://www.vatnajokulsthjodgardur.is/en/areas/jokulsargljufur)
2026-06-27 10:39:41,715 | DEBUG    | src.parser | Removed 24 noise/banner element(s)
2026-06-27 10:39:41,715 | DEBUG    | src.parser | Images: 0 data-URI swapped to real src, 0 dropped
2026-06-27 10:39:41,715 | DEBUG    | src.parser | Content root: <main>
2026-06-27 10:39:41,737 | INFO     | src.parser | Parsed content: 20297 characters
2026-06-27 10:39:41,750 | DEBUG    | src.parser | Found 50 same-domain link(s)
2026-06-27 10:39:42,255 | INFO     | src.crawler | [100/100] depth 2: https://www.vatnajokulsthjodgardur.is/en/areas/jokulsargljufur/tjaldsvaedid-i-asbyrgi
2026-06-27 10:39:42,255 | INFO     | src.fetcher | Requesting https://www.vatnajokulsthjodgardur.is/en/areas/jokulsargljufur/tjaldsvaedid-i-asbyrgi
2026-06-27 10:39:42,775 | DEBUG    | src.fetcher | Response 200 in 0.52s (88944 bytes, final URL: https://www.vatnajokulsthjodgardur.is/en/areas/jokulsargljufur/tjaldsvaedid-i-asbyrgi)
2026-06-27 10:39:42,783 | DEBUG    | src.parser | Removed 24 noise/banner element(s)
2026-06-27 10:39:42,783 | DEBUG    | src.parser | Images: 0 data-URI swapped to real src, 0 dropped
2026-06-27 10:39:42,783 | DEBUG    | src.parser | Content root: <main>
2026-06-27 10:39:42,786 | INFO     | src.parser | Parsed content: 1205 characters
2026-06-27 10:39:42,789 | DEBUG    | src.parser | Found 16 same-domain link(s)
2026-06-27 10:39:42,789 | INFO     | src.crawler | Crawl finished: 100 page(s) fetched, 228 still queued (limit 100)
2026-06-27 10:39:42,790 | INFO     | __main__ | Saved 100 page(s) to /Users/adamdomachowski/Desktop/coding/page_fetcher/output/www_vatnajokulsthjodgardur_is_crawl_2026-06-27.md
2026-06-27 10:45:21,643 | INFO     | src.crawler | [1/100] depth 0: https://www.eldgja.is
2026-06-27 10:45:21,643 | INFO     | src.fetcher | Requesting https://www.eldgja.is
2026-06-27 10:45:21,865 | DEBUG    | src.fetcher | Response 200 in 0.22s (14850 bytes, final URL: https://www.eldgja.is)
2026-06-27 10:45:21,873 | DEBUG    | src.parser | Removed 7 noise/banner element(s)
2026-06-27 10:45:21,873 | DEBUG    | src.parser | Images: 0 data-URI swapped to real src, 0 dropped
2026-06-27 10:45:21,873 | DEBUG    | src.parser | Content root: <body>
2026-06-27 10:45:21,878 | INFO     | src.parser | Parsed content: 2071 characters
2026-06-27 10:45:21,881 | DEBUG    | src.parser | Found 17 same-domain link(s)
2026-06-27 10:45:22,386 | INFO     | src.crawler | [2/100] depth 1: https://www.eldgja.is/is
2026-06-27 10:45:22,386 | INFO     | src.fetcher | Requesting https://www.eldgja.is/is
2026-06-27 10:45:22,735 | DEBUG    | src.fetcher | Response 200 in 0.35s (14850 bytes, final URL: https://www.eldgja.is/)
2026-06-27 10:45:22,742 | DEBUG    | src.parser | Removed 7 noise/banner element(s)
2026-06-27 10:45:22,742 | DEBUG    | src.parser | Images: 0 data-URI swapped to real src, 0 dropped
2026-06-27 10:45:22,742 | DEBUG    | src.parser | Content root: <body>
2026-06-27 10:45:22,751 | INFO     | src.parser | Parsed content: 2071 characters
2026-06-27 10:45:22,753 | DEBUG    | src.parser | Found 16 same-domain link(s)
2026-06-27 10:45:23,259 | INFO     | src.crawler | [3/100] depth 1: https://www.eldgja.is/is/veftre
2026-06-27 10:45:23,259 | INFO     | src.fetcher | Requesting https://www.eldgja.is/is/veftre
2026-06-27 10:45:23,373 | DEBUG    | src.fetcher | Response 200 in 0.11s (14633 bytes, final URL: https://www.eldgja.is/is/veftre)
2026-06-27 10:45:23,380 | DEBUG    | src.parser | Removed 8 noise/banner element(s)
2026-06-27 10:45:23,380 | DEBUG    | src.parser | Images: 0 data-URI swapped to real src, 0 dropped
2026-06-27 10:45:23,381 | DEBUG    | src.parser | Content root: <body>
2026-06-27 10:45:23,387 | INFO     | src.parser | Parsed content: 1706 characters
2026-06-27 10:45:23,389 | DEBUG    | src.parser | Found 15 same-domain link(s)
2026-06-27 10:45:23,893 | INFO     | src.crawler | [4/100] depth 1: https://www.eldgja.is/is/gistingar/fyrirspurnir
2026-06-27 10:45:23,893 | INFO     | src.fetcher | Requesting https://www.eldgja.is/is/gistingar/fyrirspurnir
2026-06-27 10:45:23,995 | DEBUG    | src.fetcher | Response 200 in 0.10s (14619 bytes, final URL: https://www.eldgja.is/is/gistingar/fyrirspurnir)
2026-06-27 10:45:24,003 | DEBUG    | src.parser | Removed 7 noise/banner element(s)
2026-06-27 10:45:24,004 | DEBUG    | src.parser | Images: 0 data-URI swapped to real src, 0 dropped
2026-06-27 10:45:24,004 | DEBUG    | src.parser | Content root: <body>
2026-06-27 10:45:24,012 | INFO     | src.parser | Parsed content: 1564 characters
2026-06-27 10:45:24,014 | DEBUG    | src.parser | Found 15 same-domain link(s)
2026-06-27 10:45:24,519 | INFO     | src.crawler | [5/100] depth 1: https://www.eldgja.is/is/gistingar/stadsetning
2026-06-27 10:45:24,520 | INFO     | src.fetcher | Requesting https://www.eldgja.is/is/gistingar/stadsetning
2026-06-27 10:45:24,643 | DEBUG    | src.fetcher | Response 200 in 0.12s (15568 bytes, final URL: https://www.eldgja.is/is/gistingar/stadsetning)
2026-06-27 10:45:24,647 | DEBUG    | src.parser | Removed 7 noise/banner element(s)
2026-06-27 10:45:24,647 | DEBUG    | src.parser | Images: 0 data-URI swapped to real src, 0 dropped
2026-06-27 10:45:24,647 | DEBUG    | src.parser | Content root: <body>
2026-06-27 10:45:24,654 | INFO     | src.parser | Parsed content: 2161 characters
2026-06-27 10:45:24,657 | DEBUG    | src.parser | Found 15 same-domain link(s)
2026-06-27 10:45:25,162 | INFO     | src.crawler | [6/100] depth 1: https://www.eldgja.is/is/gistingar/frettir
2026-06-27 10:45:25,162 | INFO     | src.fetcher | Requesting https://www.eldgja.is/is/gistingar/frettir
2026-06-27 10:45:25,304 | DEBUG    | src.fetcher | Response 200 in 0.14s (16765 bytes, final URL: https://www.eldgja.is/is/gistingar/frettir)
2026-06-27 10:45:25,308 | DEBUG    | src.parser | Removed 7 noise/banner element(s)
2026-06-27 10:45:25,308 | DEBUG    | src.parser | Images: 0 data-URI swapped to real src, 0 dropped
2026-06-27 10:45:25,309 | DEBUG    | src.parser | Content root: <body>
2026-06-27 10:45:25,315 | INFO     | src.parser | Parsed content: 3013 characters
2026-06-27 10:45:25,319 | DEBUG    | src.parser | Found 23 same-domain link(s)
2026-06-27 10:45:25,822 | INFO     | src.crawler | [7/100] depth 1: https://www.eldgja.is/is/akstur-og-truss
2026-06-27 10:45:25,822 | INFO     | src.fetcher | Requesting https://www.eldgja.is/is/akstur-og-truss
2026-06-27 10:45:25,975 | DEBUG    | src.fetcher | Response 200 in 0.15s (15148 bytes, final URL: https://www.eldgja.is/is/akstur-og-truss)
2026-06-27 10:45:25,979 | DEBUG    | src.parser | Removed 7 noise/banner element(s)
2026-06-27 10:45:25,979 | DEBUG    | src.parser | Images: 0 data-URI swapped to real src, 0 dropped
2026-06-27 10:45:25,979 | DEBUG    | src.parser | Content root: <body>
2026-06-27 10:45:25,987 | INFO     | src.parser | Parsed content: 3312 characters
2026-06-27 10:45:25,990 | DEBUG    | src.parser | Found 15 same-domain link(s)
2026-06-27 10:45:26,494 | INFO     | src.crawler | [8/100] depth 1: https://www.eldgja.is/is/gistingar/frettir/getCalendarSummary
2026-06-27 10:45:26,494 | INFO     | src.fetcher | Requesting https://www.eldgja.is/is/gistingar/frettir/getCalendarSummary
2026-06-27 10:45:26,610 | DEBUG    | src.fetcher | Response 200 in 0.12s (14002 bytes, final URL: https://www.eldgja.is/is/gistingar/frettir/getCalendarSummary)
2026-06-27 10:45:26,615 | DEBUG    | src.parser | Removed 7 noise/banner element(s)
2026-06-27 10:45:26,615 | DEBUG    | src.parser | Images: 0 data-URI swapped to real src, 0 dropped
2026-06-27 10:45:26,616 | DEBUG    | src.parser | Content root: <body>
2026-06-27 10:45:26,624 | INFO     | src.parser | Parsed content: 1615 characters
2026-06-27 10:45:26,627 | DEBUG    | src.parser | Found 20 same-domain link(s)
2026-06-27 10:45:27,133 | INFO     | src.crawler | [9/100] depth 1: https://www.eldgja.is/is/gistingar-1
2026-06-27 10:45:27,133 | INFO     | src.fetcher | Requesting https://www.eldgja.is/is/gistingar-1
2026-06-27 10:45:27,297 | DEBUG    | src.fetcher | Response 200 in 0.16s (14731 bytes, final URL: https://www.eldgja.is/is/gistingar-1)
2026-06-27 10:45:27,303 | DEBUG    | src.parser | Removed 7 noise/banner element(s)
2026-06-27 10:45:27,303 | DEBUG    | src.parser | Images: 0 data-URI swapped to real src, 0 dropped
2026-06-27 10:45:27,304 | DEBUG    | src.parser | Content root: <body>
2026-06-27 10:45:27,309 | INFO     | src.parser | Parsed content: 2713 characters
2026-06-27 10:45:27,311 | DEBUG    | src.parser | Found 15 same-domain link(s)
2026-06-27 10:45:27,817 | INFO     | src.crawler | [10/100] depth 1: https://www.eldgja.is/is/gonguleidir
2026-06-27 10:45:27,817 | INFO     | src.fetcher | Requesting https://www.eldgja.is/is/gonguleidir
2026-06-27 10:45:27,927 | DEBUG    | src.fetcher | Response 200 in 0.11s (17467 bytes, final URL: https://www.eldgja.is/is/gonguleidir)
2026-06-27 10:45:27,934 | DEBUG    | src.parser | Removed 7 noise/banner element(s)
2026-06-27 10:45:27,934 | DEBUG    | src.parser | Images: 0 data-URI swapped to real src, 0 dropped
2026-06-27 10:45:27,934 | DEBUG    | src.parser | Content root: <body>
2026-06-27 10:45:27,943 | INFO     | src.parser | Parsed content: 4110 characters
2026-06-27 10:45:27,946 | DEBUG    | src.parser | Found 16 same-domain link(s)
2026-06-27 10:45:28,451 | INFO     | src.crawler | [11/100] depth 1: https://www.eldgja.is/is/verskra
2026-06-27 10:45:28,451 | INFO     | src.fetcher | Requesting https://www.eldgja.is/is/verskra
2026-06-27 10:45:28,565 | DEBUG    | src.fetcher | Response 200 in 0.11s (16935 bytes, final URL: https://www.eldgja.is/is/verskra)
2026-06-27 10:45:28,570 | DEBUG    | src.parser | Removed 7 noise/banner element(s)
2026-06-27 10:45:28,571 | DEBUG    | src.parser | Images: 0 data-URI swapped to real src, 0 dropped
2026-06-27 10:45:28,571 | DEBUG    | src.parser | Content root: <body>
2026-06-27 10:45:28,584 | INFO     | src.parser | Parsed content: 2704 characters
2026-06-27 10:45:28,589 | DEBUG    | src.parser | Found 15 same-domain link(s)
2026-06-27 10:45:29,094 | INFO     | src.crawler | [12/100] depth 1: https://www.eldgja.is/is/myndir
2026-06-27 10:45:29,094 | INFO     | src.fetcher | Requesting https://www.eldgja.is/is/myndir
2026-06-27 10:45:29,273 | DEBUG    | src.fetcher | Response 200 in 0.18s (15997 bytes, final URL: https://www.eldgja.is/is/myndir)
2026-06-27 10:45:29,282 | DEBUG    | src.parser | Removed 7 noise/banner element(s)
2026-06-27 10:45:29,282 | DEBUG    | src.parser | Images: 0 data-URI swapped to real src, 0 dropped
2026-06-27 10:45:29,282 | DEBUG    | src.parser | Content root: <body>
2026-06-27 10:45:29,288 | INFO     | src.parser | Parsed content: 2334 characters
2026-06-27 10:45:29,291 | DEBUG    | src.parser | Found 22 same-domain link(s)
2026-06-27 10:45:29,796 | INFO     | src.crawler | [13/100] depth 1: https://www.eldgja.is/is/langisjor
2026-06-27 10:45:29,797 | INFO     | src.fetcher | Requesting https://www.eldgja.is/is/langisjor
2026-06-27 10:45:29,912 | DEBUG    | src.fetcher | Response 200 in 0.12s (18551 bytes, final URL: https://www.eldgja.is/is/langisjor)
2026-06-27 10:45:29,920 | DEBUG    | src.parser | Removed 7 noise/banner element(s)
2026-06-27 10:45:29,920 | DEBUG    | src.parser | Images: 0 data-URI swapped to real src, 0 dropped
2026-06-27 10:45:29,920 | DEBUG    | src.parser | Content root: <body>
2026-06-27 10:45:29,927 | INFO     | src.parser | Parsed content: 6003 characters
2026-06-27 10:45:29,929 | DEBUG    | src.parser | Found 15 same-domain link(s)
2026-06-27 10:45:30,432 | INFO     | src.crawler | [14/100] depth 1: https://www.eldgja.is/is/gistingar
2026-06-27 10:45:30,432 | INFO     | src.fetcher | Requesting https://www.eldgja.is/is/gistingar
2026-06-27 10:45:30,628 | DEBUG    | src.fetcher | Response 200 in 0.20s (16644 bytes, final URL: https://www.eldgja.is/is/gistingar/um-okkur)
2026-06-27 10:45:30,636 | DEBUG    | src.parser | Removed 7 noise/banner element(s)
2026-06-27 10:45:30,636 | DEBUG    | src.parser | Images: 0 data-URI swapped to real src, 0 dropped
2026-06-27 10:45:30,637 | DEBUG    | src.parser | Content root: <body>
2026-06-27 10:45:30,647 | INFO     | src.parser | Parsed content: 3143 characters
2026-06-27 10:45:30,651 | DEBUG    | src.parser | Found 15 same-domain link(s)
2026-06-27 10:45:31,151 | INFO     | src.crawler | [15/100] depth 1: https://www.eldgja.is/is/gistingar/um-okkur
2026-06-27 10:45:31,151 | INFO     | src.fetcher | Requesting https://www.eldgja.is/is/gistingar/um-okkur
2026-06-27 10:45:31,257 | DEBUG    | src.fetcher | Response 200 in 0.11s (16644 bytes, final URL: https://www.eldgja.is/is/gistingar/um-okkur)
2026-06-27 10:45:31,261 | DEBUG    | src.parser | Removed 7 noise/banner element(s)
2026-06-27 10:45:31,261 | DEBUG    | src.parser | Images: 0 data-URI swapped to real src, 0 dropped
2026-06-27 10:45:31,261 | DEBUG    | src.parser | Content root: <body>
2026-06-27 10:45:31,267 | INFO     | src.parser | Parsed content: 3143 characters
2026-06-27 10:45:31,273 | DEBUG    | src.parser | Found 15 same-domain link(s)
2026-06-27 10:45:31,778 | INFO     | src.crawler | [16/100] depth 1: https://www.eldgja.is/is/gistingar/starfsfolk
2026-06-27 10:45:31,778 | INFO     | src.fetcher | Requesting https://www.eldgja.is/is/gistingar/starfsfolk
2026-06-27 10:45:31,928 | DEBUG    | src.fetcher | Response 200 in 0.15s (14626 bytes, final URL: https://www.eldgja.is/is/gistingar/starfsfolk)
2026-06-27 10:45:31,933 | DEBUG    | src.parser | Removed 7 noise/banner element(s)
2026-06-27 10:45:31,933 | DEBUG    | src.parser | Images: 0 data-URI swapped to real src, 0 dropped
2026-06-27 10:45:31,933 | DEBUG    | src.parser | Content root: <body>
2026-06-27 10:45:31,940 | INFO     | src.parser | Parsed content: 1819 characters
2026-06-27 10:45:31,943 | DEBUG    | src.parser | Found 18 same-domain link(s)
2026-06-27 10:45:32,448 | INFO     | src.crawler | [17/100] depth 1: https://www.eldgja.is/en
2026-06-27 10:45:32,448 | INFO     | src.fetcher | Requesting https://www.eldgja.is/en
2026-06-27 10:45:32,573 | DEBUG    | src.fetcher | Response 200 in 0.12s (14465 bytes, final URL: https://www.eldgja.is/en)
2026-06-27 10:45:32,580 | DEBUG    | src.parser | Removed 8 noise/banner element(s)
2026-06-27 10:45:32,580 | DEBUG    | src.parser | Images: 0 data-URI swapped to real src, 0 dropped
2026-06-27 10:45:32,581 | DEBUG    | src.parser | Content root: <body>
2026-06-27 10:45:32,590 | INFO     | src.parser | Parsed content: 2038 characters
2026-06-27 10:45:32,594 | DEBUG    | src.parser | Found 17 same-domain link(s)
2026-06-27 10:45:33,098 | INFO     | src.crawler | [18/100] depth 2: https://www.eldgja.is/is/gistingar/frettir/skaftarhlaup-glacier-flood
2026-06-27 10:45:33,098 | INFO     | src.fetcher | Requesting https://www.eldgja.is/is/gistingar/frettir/skaftarhlaup-glacier-flood
2026-06-27 10:45:33,245 | DEBUG    | src.fetcher | Response 200 in 0.15s (14851 bytes, final URL: https://www.eldgja.is/is/gistingar/frettir/skaftarhlaup-glacier-flood)
2026-06-27 10:45:33,248 | DEBUG    | src.parser | Removed 7 noise/banner element(s)
2026-06-27 10:45:33,248 | DEBUG    | src.parser | Images: 0 data-URI swapped to real src, 0 dropped
2026-06-27 10:45:33,249 | DEBUG    | src.parser | Content root: <body>
2026-06-27 10:45:33,256 | INFO     | src.parser | Parsed content: 1730 characters
2026-06-27 10:45:33,259 | DEBUG    | src.parser | Found 17 same-domain link(s)
2026-06-27 10:45:33,764 | INFO     | src.crawler | [19/100] depth 2: https://www.eldgja.is/static/news/skaftarhlaup.jpg
2026-06-27 10:45:33,764 | INFO     | src.fetcher | Requesting https://www.eldgja.is/static/news/skaftarhlaup.jpg
2026-06-27 10:45:33,877 | DEBUG    | src.fetcher | Response 200 in 0.11s (21898 bytes, final URL: https://www.eldgja.is/static/news/skaftarhlaup.jpg)
2026-06-27 10:45:33,880 | DEBUG    | src.parser | Removed 0 noise/banner element(s)
2026-06-27 10:45:33,880 | DEBUG    | src.parser | Images: 0 data-URI swapped to real src, 0 dropped
2026-06-27 10:45:33,880 | DEBUG    | src.parser | Content root: <body>
2026-06-27 10:45:33,894 | INFO     | src.parser | Parsed content: 17620 characters
2026-06-27 10:45:33,895 | DEBUG    | src.parser | Found 0 same-domain link(s)
2026-06-27 10:45:34,400 | INFO     | src.crawler | [20/100] depth 2: https://www.eldgja.is/is/gistingar/frettir/gul-vidvorun-yellow-warning
2026-06-27 10:45:34,400 | INFO     | src.fetcher | Requesting https://www.eldgja.is/is/gistingar/frettir/gul-vidvorun-yellow-warning
2026-06-27 10:45:34,510 | DEBUG    | src.fetcher | Response 200 in 0.11s (14584 bytes, final URL: https://www.eldgja.is/is/gistingar/frettir/gul-vidvorun-yellow-warning)
2026-06-27 10:45:34,515 | DEBUG    | src.parser | Removed 7 noise/banner element(s)
2026-06-27 10:45:34,515 | DEBUG    | src.parser | Images: 0 data-URI swapped to real src, 0 dropped
2026-06-27 10:45:34,516 | DEBUG    | src.parser | Content root: <body>
2026-06-27 10:45:34,522 | INFO     | src.parser | Parsed content: 1685 characters
2026-06-27 10:45:34,524 | DEBUG    | src.parser | Found 16 same-domain link(s)
2026-06-27 10:45:35,029 | INFO     | src.crawler | [21/100] depth 2: https://www.eldgja.is/is/gistingar/frettir/buid-er-ad-opna-aftur.-we-are-open-again
2026-06-27 10:45:35,029 | INFO     | src.fetcher | Requesting https://www.eldgja.is/is/gistingar/frettir/buid-er-ad-opna-aftur.-we-are-open-again
2026-06-27 10:45:35,169 | DEBUG    | src.fetcher | Response 200 in 0.14s (14644 bytes, final URL: https://www.eldgja.is/is/gistingar/frettir/buid-er-ad-opna-aftur.-we-are-open-again)
2026-06-27 10:45:35,173 | DEBUG    | src.parser | Removed 7 noise/banner element(s)
2026-06-27 10:45:35,173 | DEBUG    | src.parser | Images: 0 data-URI swapped to real src, 0 dropped
2026-06-27 10:45:35,174 | DEBUG    | src.parser | Content root: <body>
2026-06-27 10:45:35,180 | INFO     | src.parser | Parsed content: 1711 characters
2026-06-27 10:45:35,182 | DEBUG    | src.parser | Found 16 same-domain link(s)
2026-06-27 10:45:35,687 | INFO     | src.crawler | [22/100] depth 2: https://www.eldgja.is/is/gistingar/frettir/volcano-eruption
2026-06-27 10:45:35,687 | INFO     | src.fetcher | Requesting https://www.eldgja.is/is/gistingar/frettir/volcano-eruption
2026-06-27 10:45:35,800 | DEBUG    | src.fetcher | Response 200 in 0.11s (15367 bytes, final URL: https://www.eldgja.is/is/gistingar/frettir/volcano-eruption)
2026-06-27 10:45:35,809 | DEBUG    | src.parser | Removed 7 noise/banner element(s)
2026-06-27 10:45:35,809 | DEBUG    | src.parser | Images: 0 data-URI swapped to real src, 0 dropped
2026-06-27 10:45:35,810 | DEBUG    | src.parser | Content root: <body>
2026-06-27 10:45:35,815 | INFO     | src.parser | Parsed content: 1985 characters
2026-06-27 10:45:35,818 | DEBUG    | src.parser | Found 17 same-domain link(s)
2026-06-27 10:45:36,323 | INFO     | src.crawler | [23/100] depth 2: https://www.eldgja.is/static/news/skaftarhlaup-2021-vegur.jpg
2026-06-27 10:45:36,323 | INFO     | src.fetcher | Requesting https://www.eldgja.is/static/news/skaftarhlaup-2021-vegur.jpg
2026-06-27 10:45:36,486 | DEBUG    | src.fetcher | Response 200 in 0.16s (18093 bytes, final URL: https://www.eldgja.is/static/news/skaftarhlaup-2021-vegur.jpg)
2026-06-27 10:45:36,489 | DEBUG    | src.parser | Removed 0 noise/banner element(s)
2026-06-27 10:45:36,489 | DEBUG    | src.parser | Images: 0 data-URI swapped to real src, 0 dropped
2026-06-27 10:45:36,489 | DEBUG    | src.parser | Content root: <body>
2026-06-27 10:45:36,492 | INFO     | src.parser | Parsed content: 13270 characters
2026-06-27 10:45:36,493 | DEBUG    | src.parser | Found 0 same-domain link(s)
2026-06-27 10:45:36,996 | INFO     | src.crawler | [24/100] depth 2: https://www.eldgja.is/is/gistingar/frettir/buid-er-ad-opna-veginn-inn-ad-langasjo-og-i-landmannalaugar-the-road-to-landmannalaugar-and-langisjor-is-open
2026-06-27 10:45:36,997 | INFO     | src.fetcher | Requesting https://www.eldgja.is/is/gistingar/frettir/buid-er-ad-opna-veginn-inn-ad-langasjo-og-i-landmannalaugar-the-road-to-landmannalaugar-and-langisjor-is-open
2026-06-27 10:45:37,124 | DEBUG    | src.fetcher | Response 200 in 0.13s (15048 bytes, final URL: https://www.eldgja.is/is/gistingar/frettir/buid-er-ad-opna-veginn-inn-ad-langasjo-og-i-landmannalaugar-the-road-to-landmannalaugar-and-langisjor-is-open)
2026-06-27 10:45:37,135 | DEBUG    | src.parser | Removed 7 noise/banner element(s)
2026-06-27 10:45:37,135 | DEBUG    | src.parser | Images: 0 data-URI swapped to real src, 0 dropped
2026-06-27 10:45:37,135 | DEBUG    | src.parser | Content root: <body>
2026-06-27 10:45:37,145 | INFO     | src.parser | Parsed content: 1835 characters
2026-06-27 10:45:37,148 | DEBUG    | src.parser | Found 16 same-domain link(s)
2026-06-27 10:45:37,653 | INFO     | src.crawler | [25/100] depth 2: https://www.eldgja.is/is/gistingar/frettir/getAllItems
2026-06-27 10:45:37,654 | INFO     | src.fetcher | Requesting https://www.eldgja.is/is/gistingar/frettir/getAllItems
2026-06-27 10:45:37,771 | DEBUG    | src.fetcher | Response 200 in 0.12s (16801 bytes, final URL: https://www.eldgja.is/is/gistingar/frettir/getAllItems)
2026-06-27 10:45:37,781 | DEBUG    | src.parser | Removed 7 noise/banner element(s)
2026-06-27 10:45:37,781 | DEBUG    | src.parser | Images: 0 data-URI swapped to real src, 0 dropped
2026-06-27 10:45:37,781 | DEBUG    | src.parser | Content root: <body>
2026-06-27 10:45:37,788 | INFO     | src.parser | Parsed content: 2339 characters
2026-06-27 10:45:37,791 | DEBUG    | src.parser | Found 29 same-domain link(s)
2026-06-27 10:45:38,296 | INFO     | src.crawler | [26/100] depth 2: https://www.eldgja.is/is/gistingar/frettir/getCalendarSummary?sort=day&current=0
2026-06-27 10:45:38,296 | INFO     | src.fetcher | Requesting https://www.eldgja.is/is/gistingar/frettir/getCalendarSummary?sort=day&current=0
2026-06-27 10:45:38,420 | DEBUG    | src.fetcher | Response 200 in 0.12s (14025 bytes, final URL: https://www.eldgja.is/is/gistingar/frettir/getCalendarSummary?sort=day&current=0)
2026-06-27 10:45:38,424 | DEBUG    | src.parser | Removed 7 noise/banner element(s)
2026-06-27 10:45:38,424 | DEBUG    | src.parser | Images: 0 data-URI swapped to real src, 0 dropped
2026-06-27 10:45:38,424 | DEBUG    | src.parser | Content root: <body>
2026-06-27 10:45:38,430 | INFO     | src.parser | Parsed content: 1615 characters
2026-06-27 10:45:38,433 | DEBUG    | src.parser | Found 19 same-domain link(s)
2026-06-27 10:45:38,938 | INFO     | src.crawler | [27/100] depth 2: https://www.eldgja.is/is/gistingar/frettir/getCalendarSummary?sort=week&current=0
2026-06-27 10:45:38,939 | INFO     | src.fetcher | Requesting https://www.eldgja.is/is/gistingar/frettir/getCalendarSummary?sort=week&current=0
2026-06-27 10:45:39,103 | DEBUG    | src.fetcher | Response 200 in 0.16s (14026 bytes, final URL: https://www.eldgja.is/is/gistingar/frettir/getCalendarSummary?sort=week&current=0)
2026-06-27 10:45:39,119 | DEBUG    | src.parser | Removed 7 noise/banner element(s)
2026-06-27 10:45:39,119 | DEBUG    | src.parser | Images: 0 data-URI swapped to real src, 0 dropped
2026-06-27 10:45:39,120 | DEBUG    | src.parser | Content root: <body>
2026-06-27 10:45:39,128 | INFO     | src.parser | Parsed content: 1615 characters
2026-06-27 10:45:39,132 | DEBUG    | src.parser | Found 19 same-domain link(s)
2026-06-27 10:45:39,637 | INFO     | src.crawler | [28/100] depth 2: https://www.eldgja.is/is/gistingar/frettir/getCalendarSummary?sort=month&current=0
2026-06-27 10:45:39,637 | INFO     | src.fetcher | Requesting https://www.eldgja.is/is/gistingar/frettir/getCalendarSummary?sort=month&current=0
2026-06-27 10:45:39,754 | DEBUG    | src.fetcher | Response 200 in 0.12s (14027 bytes, final URL: https://www.eldgja.is/is/gistingar/frettir/getCalendarSummary?sort=month&current=0)
2026-06-27 10:45:39,762 | DEBUG    | src.parser | Removed 7 noise/banner element(s)
2026-06-27 10:45:39,762 | DEBUG    | src.parser | Images: 0 data-URI swapped to real src, 0 dropped
2026-06-27 10:45:39,762 | DEBUG    | src.parser | Content root: <body>
2026-06-27 10:45:39,768 | INFO     | src.parser | Parsed content: 1615 characters
2026-06-27 10:45:39,770 | DEBUG    | src.parser | Found 19 same-domain link(s)
2026-06-27 10:45:40,275 | INFO     | src.crawler | [29/100] depth 2: https://www.eldgja.is/is/gistingar/frettir/getCalendarSummary?sort=year&current=0
2026-06-27 10:45:40,275 | INFO     | src.fetcher | Requesting https://www.eldgja.is/is/gistingar/frettir/getCalendarSummary?sort=year&current=0
2026-06-27 10:45:40,441 | DEBUG    | src.fetcher | Response 200 in 0.17s (14026 bytes, final URL: https://www.eldgja.is/is/gistingar/frettir/getCalendarSummary?sort=year&current=0)
2026-06-27 10:45:40,447 | DEBUG    | src.parser | Removed 7 noise/banner element(s)
2026-06-27 10:45:40,447 | DEBUG    | src.parser | Images: 0 data-URI swapped to real src, 0 dropped
2026-06-27 10:45:40,448 | DEBUG    | src.parser | Content root: <body>
2026-06-27 10:45:40,454 | INFO     | src.parser | Parsed content: 1615 characters
2026-06-27 10:45:40,458 | DEBUG    | src.parser | Found 19 same-domain link(s)
2026-06-27 10:45:40,963 | INFO     | src.crawler | [30/100] depth 2: http://www.eldgja.is/is/myndir/kort/g-ngulei-ir-fr-h-laskj-li1
2026-06-27 10:45:40,964 | INFO     | src.fetcher | Requesting http://www.eldgja.is/is/myndir/kort/g-ngulei-ir-fr-h-laskj-li1
2026-06-27 10:45:41,146 | DEBUG    | src.fetcher | Response 200 in 0.18s (13442 bytes, final URL: https://www.eldgja.is/is/myndir/kort/g-ngulei-ir-fr-h-laskj-li1)
2026-06-27 10:45:41,152 | DEBUG    | src.parser | Removed 7 noise/banner element(s)
2026-06-27 10:45:41,152 | DEBUG    | src.parser | Images: 0 data-URI swapped to real src, 0 dropped
2026-06-27 10:45:41,152 | DEBUG    | src.parser | Content root: <body>
2026-06-27 10:45:41,159 | INFO     | src.parser | Parsed content: 1632 characters
2026-06-27 10:45:41,162 | DEBUG    | src.parser | Found 17 same-domain link(s)
2026-06-27 10:45:41,667 | INFO     | src.crawler | [31/100] depth 2: https://www.eldgja.is/is/myndir/kort
2026-06-27 10:45:41,667 | INFO     | src.fetcher | Requesting https://www.eldgja.is/is/myndir/kort
2026-06-27 10:45:41,823 | DEBUG    | src.fetcher | Response 200 in 0.16s (13299 bytes, final URL: https://www.eldgja.is/is/myndir/kort)
2026-06-27 10:45:41,827 | DEBUG    | src.parser | Removed 7 noise/banner element(s)
2026-06-27 10:45:41,827 | DEBUG    | src.parser | Images: 0 data-URI swapped to real src, 0 dropped
2026-06-27 10:45:41,827 | DEBUG    | src.parser | Content root: <body>
2026-06-27 10:45:41,832 | INFO     | src.parser | Parsed content: 1543 characters
2026-06-27 10:45:41,834 | DEBUG    | src.parser | Found 17 same-domain link(s)
2026-06-27 10:45:42,339 | INFO     | src.crawler | [32/100] depth 2: https://www.eldgja.is/is/myndir/skali-uppi
2026-06-27 10:45:42,339 | INFO     | src.fetcher | Requesting https://www.eldgja.is/is/myndir/skali-uppi
2026-06-27 10:45:42,558 | DEBUG    | src.fetcher | Response 200 in 0.22s (13911 bytes, final URL: https://www.eldgja.is/is/myndir/skali-uppi)
2026-06-27 10:45:42,563 | DEBUG    | src.parser | Removed 7 noise/banner element(s)
2026-06-27 10:45:42,563 | DEBUG    | src.parser | Images: 0 data-URI swapped to real src, 0 dropped
2026-06-27 10:45:42,563 | DEBUG    | src.parser | Content root: <body>
2026-06-27 10:45:42,569 | INFO     | src.parser | Parsed content: 1720 characters
2026-06-27 10:45:42,574 | DEBUG    | src.parser | Found 19 same-domain link(s)
2026-06-27 10:45:43,077 | INFO     | src.crawler | [33/100] depth 2: https://www.eldgja.is/is/myndir/eldgja
2026-06-27 10:45:43,077 | INFO     | src.fetcher | Requesting https://www.eldgja.is/is/myndir/eldgja
2026-06-27 10:45:43,196 | DEBUG    | src.fetcher | Response 200 in 0.12s (13572 bytes, final URL: https://www.eldgja.is/is/myndir/eldgja)
2026-06-27 10:45:43,206 | DEBUG    | src.parser | Removed 7 noise/banner element(s)
2026-06-27 10:45:43,207 | DEBUG    | src.parser | Images: 0 data-URI swapped to real src, 0 dropped
2026-06-27 10:45:43,207 | DEBUG    | src.parser | Content root: <body>
2026-06-27 10:45:43,221 | INFO     | src.parser | Parsed content: 1605 characters
2026-06-27 10:45:43,224 | DEBUG    | src.parser | Found 18 same-domain link(s)
2026-06-27 10:45:43,728 | INFO     | src.crawler | [34/100] depth 2: https://www.eldgja.is/is/myndir/sveinstindur-og-langisjor
2026-06-27 10:45:43,729 | INFO     | src.fetcher | Requesting https://www.eldgja.is/is/myndir/sveinstindur-og-langisjor
2026-06-27 10:45:43,850 | DEBUG    | src.fetcher | Response 200 in 0.12s (19341 bytes, final URL: https://www.eldgja.is/is/myndir/sveinstindur-og-langisjor)
2026-06-27 10:45:43,859 | DEBUG    | src.parser | Removed 7 noise/banner element(s)
2026-06-27 10:45:43,859 | DEBUG    | src.parser | Images: 0 data-URI swapped to real src, 0 dropped
2026-06-27 10:45:43,860 | DEBUG    | src.parser | Content root: <body>
2026-06-27 10:45:43,869 | INFO     | src.parser | Parsed content: 3621 characters
2026-06-27 10:45:43,873 | DEBUG    | src.parser | Found 32 same-domain link(s)
2026-06-27 10:45:44,378 | INFO     | src.crawler | [35/100] depth 2: https://www.eldgja.is/is/myndir/holaskjol-og-nagreni.
2026-06-27 10:45:44,378 | INFO     | src.fetcher | Requesting https://www.eldgja.is/is/myndir/holaskjol-og-nagreni.
2026-06-27 10:45:44,501 | DEBUG    | src.fetcher | Response 200 in 0.12s (18519 bytes, final URL: https://www.eldgja.is/is/myndir/holaskjol-og-nagreni.)
2026-06-27 10:45:44,515 | DEBUG    | src.parser | Removed 7 noise/banner element(s)
2026-06-27 10:45:44,515 | DEBUG    | src.parser | Images: 0 data-URI swapped to real src, 0 dropped
2026-06-27 10:45:44,516 | DEBUG    | src.parser | Content root: <body>
2026-06-27 10:45:44,529 | INFO     | src.parser | Parsed content: 3208 characters
2026-06-27 10:45:44,533 | DEBUG    | src.parser | Found 32 same-domain link(s)
2026-06-27 10:45:45,038 | INFO     | src.crawler | [36/100] depth 2: https://www.eldgja.is/is/myndir/skaelingar
2026-06-27 10:45:45,038 | INFO     | src.fetcher | Requesting https://www.eldgja.is/is/myndir/skaelingar
2026-06-27 10:45:45,197 | DEBUG    | src.fetcher | Response 200 in 0.16s (13861 bytes, final URL: https://www.eldgja.is/is/myndir/skaelingar)
2026-06-27 10:45:45,205 | DEBUG    | src.parser | Removed 7 noise/banner element(s)
2026-06-27 10:45:45,206 | DEBUG    | src.parser | Images: 0 data-URI swapped to real src, 0 dropped
2026-06-27 10:45:45,206 | DEBUG    | src.parser | Content root: <body>
2026-06-27 10:45:45,218 | INFO     | src.parser | Parsed content: 1700 characters
2026-06-27 10:45:45,222 | DEBUG    | src.parser | Found 19 same-domain link(s)
2026-06-27 10:45:45,722 | INFO     | src.crawler | [37/100] depth 2: https://www.eldgja.is/is/myndir/vinnumyndir
2026-06-27 10:45:45,722 | INFO     | src.fetcher | Requesting https://www.eldgja.is/is/myndir/vinnumyndir
2026-06-27 10:45:45,880 | DEBUG    | src.fetcher | Response 200 in 0.16s (15131 bytes, final URL: https://www.eldgja.is/is/myndir/vinnumyndir)
2026-06-27 10:45:45,887 | DEBUG    | src.parser | Removed 7 noise/banner element(s)
2026-06-27 10:45:45,887 | DEBUG    | src.parser | Images: 0 data-URI swapped to real src, 0 dropped
2026-06-27 10:45:45,887 | DEBUG    | src.parser | Content root: <body>
2026-06-27 10:45:45,892 | INFO     | src.parser | Parsed content: 2213 characters
2026-06-27 10:45:45,895 | DEBUG    | src.parser | Found 22 same-domain link(s)
2026-06-27 10:45:46,400 | INFO     | src.crawler | [38/100] depth 2: https://www.eldgja.is/is/gistingar/starfsfolk/aslaug-asgeirsdottir
2026-06-27 10:45:46,400 | INFO     | src.fetcher | Requesting https://www.eldgja.is/is/gistingar/starfsfolk/aslaug-asgeirsdottir
2026-06-27 10:45:46,510 | DEBUG    | src.fetcher | Response 200 in 0.11s (14230 bytes, final URL: https://www.eldgja.is/is/gistingar/starfsfolk/aslaug-asgeirsdottir)
2026-06-27 10:45:46,518 | DEBUG    | src.parser | Removed 7 noise/banner element(s)
2026-06-27 10:45:46,518 | DEBUG    | src.parser | Images: 0 data-URI swapped to real src, 0 dropped
2026-06-27 10:45:46,519 | DEBUG    | src.parser | Content root: <body>
2026-06-27 10:45:46,524 | INFO     | src.parser | Parsed content: 1740 characters
2026-06-27 10:45:46,527 | DEBUG    | src.parser | Found 16 same-domain link(s)
2026-06-27 10:45:47,032 | INFO     | src.crawler | [39/100] depth 2: https://www.eldgja.is/is/gistingar/starfsfolk/arora-bryndis-asgeirsdottir
2026-06-27 10:45:47,032 | INFO     | src.fetcher | Requesting https://www.eldgja.is/is/gistingar/starfsfolk/arora-bryndis-asgeirsdottir
2026-06-27 10:45:47,195 | DEBUG    | src.fetcher | Response 200 in 0.16s (14134 bytes, final URL: https://www.eldgja.is/is/gistingar/starfsfolk/arora-bryndis-asgeirsdottir)
2026-06-27 10:45:47,202 | DEBUG    | src.parser | Removed 7 noise/banner element(s)
2026-06-27 10:45:47,202 | DEBUG    | src.parser | Images: 0 data-URI swapped to real src, 0 dropped
2026-06-27 10:45:47,202 | DEBUG    | src.parser | Content root: <body>
2026-06-27 10:45:47,208 | INFO     | src.parser | Parsed content: 1747 characters
2026-06-27 10:45:47,213 | DEBUG    | src.parser | Found 16 same-domain link(s)
2026-06-27 10:45:47,717 | INFO     | src.crawler | [40/100] depth 2: https://www.eldgja.is/is/gistingar/starfsfolk/sigurlaug-sol-gudfinnsdottir
2026-06-27 10:45:47,718 | INFO     | src.fetcher | Requesting https://www.eldgja.is/is/gistingar/starfsfolk/sigurlaug-sol-gudfinnsdottir
2026-06-27 10:45:47,837 | DEBUG    | src.fetcher | Response 200 in 0.12s (14126 bytes, final URL: https://www.eldgja.is/is/gistingar/starfsfolk/sigurlaug-sol-gudfinnsdottir)
2026-06-27 10:45:47,842 | DEBUG    | src.parser | Removed 7 noise/banner element(s)
2026-06-27 10:45:47,842 | DEBUG    | src.parser | Images: 0 data-URI swapped to real src, 0 dropped
2026-06-27 10:45:47,842 | DEBUG    | src.parser | Content root: <body>
2026-06-27 10:45:47,847 | INFO     | src.parser | Parsed content: 1753 characters
2026-06-27 10:45:47,849 | DEBUG    | src.parser | Found 16 same-domain link(s)
2026-06-27 10:45:48,353 | INFO     | src.crawler | [41/100] depth 2: https://www.eldgja.is/en/sitemap
2026-06-27 10:45:48,353 | INFO     | src.fetcher | Requesting https://www.eldgja.is/en/sitemap
2026-06-27 10:45:48,457 | DEBUG    | src.fetcher | Response 200 in 0.10s (13739 bytes, final URL: https://www.eldgja.is/en/sitemap)
2026-06-27 10:45:48,465 | DEBUG    | src.parser | Removed 9 noise/banner element(s)
2026-06-27 10:45:48,465 | DEBUG    | src.parser | Images: 0 data-URI swapped to real src, 0 dropped
2026-06-27 10:45:48,465 | DEBUG    | src.parser | Content root: <body>
2026-06-27 10:45:48,471 | INFO     | src.parser | Parsed content: 1563 characters
2026-06-27 10:45:48,473 | DEBUG    | src.parser | Found 16 same-domain link(s)
2026-06-27 10:45:48,978 | INFO     | src.crawler | [42/100] depth 2: https://www.eldgja.is/en/about-us/contact
2026-06-27 10:45:48,979 | INFO     | src.fetcher | Requesting https://www.eldgja.is/en/about-us/contact
2026-06-27 10:45:49,134 | DEBUG    | src.fetcher | Response 200 in 0.16s (14979 bytes, final URL: https://www.eldgja.is/en/about-us/contact)
2026-06-27 10:45:49,141 | DEBUG    | src.parser | Removed 10 noise/banner element(s)
2026-06-27 10:45:49,142 | DEBUG    | src.parser | Images: 0 data-URI swapped to real src, 0 dropped
2026-06-27 10:45:49,142 | DEBUG    | src.parser | Content root: <body>
2026-06-27 10:45:49,148 | INFO     | src.parser | Parsed content: 1623 characters
2026-06-27 10:45:49,151 | DEBUG    | src.parser | Found 16 same-domain link(s)
2026-06-27 10:45:49,656 | INFO     | src.crawler | [43/100] depth 2: https://www.eldgja.is/en/moya/news/getCalendarSummary
2026-06-27 10:45:49,656 | INFO     | src.fetcher | Requesting https://www.eldgja.is/en/moya/news/getCalendarSummary
2026-06-27 10:45:49,766 | DEBUG    | src.fetcher | Response 200 in 0.11s (12764 bytes, final URL: https://www.eldgja.is/en/moya/news/getCalendarSummary)
2026-06-27 10:45:49,772 | DEBUG    | src.parser | Removed 8 noise/banner element(s)
2026-06-27 10:45:49,773 | DEBUG    | src.parser | Images: 0 data-URI swapped to real src, 0 dropped
2026-06-27 10:45:49,773 | DEBUG    | src.parser | Content root: <body>
2026-06-27 10:45:49,783 | INFO     | src.parser | Parsed content: 1546 characters
2026-06-27 10:45:49,786 | DEBUG    | src.parser | Found 21 same-domain link(s)
2026-06-27 10:45:50,291 | INFO     | src.crawler | [44/100] depth 2: https://www.eldgja.is/en/accommodation
2026-06-27 10:45:50,292 | INFO     | src.fetcher | Requesting https://www.eldgja.is/en/accommodation
2026-06-27 10:45:50,439 | DEBUG    | src.fetcher | Response 200 in 0.15s (14764 bytes, final URL: https://www.eldgja.is/en/accommodation)
2026-06-27 10:45:50,446 | DEBUG    | src.parser | Removed 8 noise/banner element(s)
2026-06-27 10:45:50,446 | DEBUG    | src.parser | Images: 0 data-URI swapped to real src, 0 dropped
2026-06-27 10:45:50,446 | DEBUG    | src.parser | Content root: <body>
2026-06-27 10:45:50,452 | INFO     | src.parser | Parsed content: 3135 characters
2026-06-27 10:45:50,454 | DEBUG    | src.parser | Found 16 same-domain link(s)
2026-06-27 10:45:50,959 | INFO     | src.crawler | [45/100] depth 2: https://www.eldgja.is/en/hiking
2026-06-27 10:45:50,959 | INFO     | src.fetcher | Requesting https://www.eldgja.is/en/hiking
2026-06-27 10:45:51,075 | DEBUG    | src.fetcher | Response 200 in 0.12s (17477 bytes, final URL: https://www.eldgja.is/en/hiking)
2026-06-27 10:45:51,081 | DEBUG    | src.parser | Removed 8 noise/banner element(s)
2026-06-27 10:45:51,081 | DEBUG    | src.parser | Images: 0 data-URI swapped to real src, 0 dropped
2026-06-27 10:45:51,081 | DEBUG    | src.parser | Content root: <body>
2026-06-27 10:45:51,088 | INFO     | src.parser | Parsed content: 5775 characters
2026-06-27 10:45:51,090 | DEBUG    | src.parser | Found 16 same-domain link(s)
2026-06-27 10:45:51,594 | INFO     | src.crawler | [46/100] depth 2: https://www.eldgja.is/en/prices
2026-06-27 10:45:51,595 | INFO     | src.fetcher | Requesting https://www.eldgja.is/en/prices
2026-06-27 10:45:51,749 | DEBUG    | src.fetcher | Response 200 in 0.15s (15100 bytes, final URL: https://www.eldgja.is/en/prices)
2026-06-27 10:45:51,765 | DEBUG    | src.parser | Removed 8 noise/banner element(s)
2026-06-27 10:45:51,766 | DEBUG    | src.parser | Images: 0 data-URI swapped to real src, 0 dropped
2026-06-27 10:45:51,766 | DEBUG    | src.parser | Content root: <body>
2026-06-27 10:45:51,779 | INFO     | src.parser | Parsed content: 2663 characters
2026-06-27 10:45:51,783 | DEBUG    | src.parser | Found 16 same-domain link(s)
2026-06-27 10:45:52,286 | INFO     | src.crawler | [47/100] depth 2: https://www.eldgja.is/en/photos
2026-06-27 10:45:52,286 | INFO     | src.fetcher | Requesting https://www.eldgja.is/en/photos
2026-06-27 10:45:52,543 | DEBUG    | src.fetcher | Response 200 in 0.26s (15227 bytes, final URL: https://www.eldgja.is/en/photos)
2026-06-27 10:45:52,547 | DEBUG    | src.parser | Removed 8 noise/banner element(s)
2026-06-27 10:45:52,547 | DEBUG    | src.parser | Images: 0 data-URI swapped to real src, 0 dropped
2026-06-27 10:45:52,547 | DEBUG    | src.parser | Content root: <body>
2026-06-27 10:45:52,556 | INFO     | src.parser | Parsed content: 2199 characters
2026-06-27 10:45:52,559 | DEBUG    | src.parser | Found 23 same-domain link(s)
2026-06-27 10:45:53,064 | INFO     | src.crawler | [48/100] depth 2: https://www.eldgja.is/en/langisjor
2026-06-27 10:45:53,064 | INFO     | src.fetcher | Requesting https://www.eldgja.is/en/langisjor
2026-06-27 10:45:53,262 | DEBUG    | src.fetcher | Response 200 in 0.20s (20450 bytes, final URL: https://www.eldgja.is/en/langisjor)
2026-06-27 10:45:53,266 | DEBUG    | src.parser | Removed 8 noise/banner element(s)
2026-06-27 10:45:53,267 | DEBUG    | src.parser | Images: 0 data-URI swapped to real src, 0 dropped
2026-06-27 10:45:53,267 | DEBUG    | src.parser | Content root: <body>
2026-06-27 10:45:53,275 | INFO     | src.parser | Parsed content: 6248 characters
2026-06-27 10:45:53,278 | DEBUG    | src.parser | Found 17 same-domain link(s)
2026-06-27 10:45:53,781 | INFO     | src.crawler | [49/100] depth 2: https://www.eldgja.is/en/about-us
2026-06-27 10:45:53,781 | INFO     | src.fetcher | Requesting https://www.eldgja.is/en/about-us
2026-06-27 10:45:54,008 | DEBUG    | src.fetcher | Response 200 in 0.23s (15112 bytes, final URL: https://www.eldgja.is/en/about-us/about-us-1)
2026-06-27 10:45:54,011 | DEBUG    | src.parser | Removed 8 noise/banner element(s)
2026-06-27 10:45:54,012 | DEBUG    | src.parser | Images: 0 data-URI swapped to real src, 0 dropped
2026-06-27 10:45:54,012 | DEBUG    | src.parser | Content root: <body>
2026-06-27 10:45:54,017 | INFO     | src.parser | Parsed content: 2677 characters
2026-06-27 10:45:54,019 | DEBUG    | src.parser | Found 16 same-domain link(s)
2026-06-27 10:45:54,524 | INFO     | src.crawler | [50/100] depth 2: https://www.eldgja.is/en/about-us/about-us-1
2026-06-27 10:45:54,525 | INFO     | src.fetcher | Requesting https://www.eldgja.is/en/about-us/about-us-1
2026-06-27 10:45:54,677 | DEBUG    | src.fetcher | Response 200 in 0.15s (15112 bytes, final URL: https://www.eldgja.is/en/about-us/about-us-1)
2026-06-27 10:45:54,681 | DEBUG    | src.parser | Removed 8 noise/banner element(s)
2026-06-27 10:45:54,681 | DEBUG    | src.parser | Images: 0 data-URI swapped to real src, 0 dropped
2026-06-27 10:45:54,681 | DEBUG    | src.parser | Content root: <body>
2026-06-27 10:45:54,688 | INFO     | src.parser | Parsed content: 2677 characters
2026-06-27 10:45:54,690 | DEBUG    | src.parser | Found 16 same-domain link(s)
2026-06-27 10:45:55,195 | INFO     | src.crawler | [51/100] depth 2: https://www.eldgja.is/en/about-us/employees
2026-06-27 10:45:55,195 | INFO     | src.fetcher | Requesting https://www.eldgja.is/en/about-us/employees
2026-06-27 10:45:55,306 | DEBUG    | src.fetcher | Response 200 in 0.11s (13796 bytes, final URL: https://www.eldgja.is/en/about-us/employees)
2026-06-27 10:45:55,309 | DEBUG    | src.parser | Removed 8 noise/banner element(s)
2026-06-27 10:45:55,309 | DEBUG    | src.parser | Images: 0 data-URI swapped to real src, 0 dropped
2026-06-27 10:45:55,309 | DEBUG    | src.parser | Content root: <body>
2026-06-27 10:45:55,318 | INFO     | src.parser | Parsed content: 1674 characters
2026-06-27 10:45:55,327 | DEBUG    | src.parser | Found 19 same-domain link(s)
2026-06-27 10:45:55,832 | INFO     | src.crawler | [52/100] depth 2: https://www.eldgja.is/en/about-us/location
2026-06-27 10:45:55,832 | INFO     | src.fetcher | Requesting https://www.eldgja.is/en/about-us/location
2026-06-27 10:45:55,985 | DEBUG    | src.fetcher | Response 200 in 0.15s (14738 bytes, final URL: https://www.eldgja.is/en/about-us/location)
2026-06-27 10:45:55,995 | DEBUG    | src.parser | Removed 8 noise/banner element(s)
2026-06-27 10:45:55,995 | DEBUG    | src.parser | Images: 0 data-URI swapped to real src, 0 dropped
2026-06-27 10:45:55,996 | DEBUG    | src.parser | Content root: <body>
2026-06-27 10:45:56,007 | INFO     | src.parser | Parsed content: 2143 characters
2026-06-27 10:45:56,011 | DEBUG    | src.parser | Found 16 same-domain link(s)
2026-06-27 10:45:56,517 | INFO     | src.crawler | [53/100] depth 2: https://www.eldgja.is/en/tours
2026-06-27 10:45:56,517 | INFO     | src.fetcher | Requesting https://www.eldgja.is/en/tours
2026-06-27 10:45:56,629 | DEBUG    | src.fetcher | Response 200 in 0.11s (16391 bytes, final URL: https://www.eldgja.is/en/tours)
2026-06-27 10:45:56,637 | DEBUG    | src.parser | Removed 8 noise/banner element(s)
2026-06-27 10:45:56,637 | DEBUG    | src.parser | Images: 0 data-URI swapped to real src, 0 dropped
2026-06-27 10:45:56,638 | DEBUG    | src.parser | Content root: <body>
2026-06-27 10:45:56,644 | INFO     | src.parser | Parsed content: 3670 characters
2026-06-27 10:45:56,646 | DEBUG    | src.parser | Found 17 same-domain link(s)
2026-06-27 10:45:57,152 | INFO     | src.crawler | [54/100] depth 3: https://www.eldgja.is/is/gistingar/frettir/getAllItems/1/skaftarhlaup-glacier-flood
2026-06-27 10:45:57,152 | INFO     | src.fetcher | Requesting https://www.eldgja.is/is/gistingar/frettir/getAllItems/1/skaftarhlaup-glacier-flood
2026-06-27 10:45:57,300 | DEBUG    | src.fetcher | Response 200 in 0.15s (14883 bytes, final URL: https://www.eldgja.is/is/gistingar/frettir/getAllItems/1/skaftarhlaup-glacier-flood)
2026-06-27 10:45:57,307 | DEBUG    | src.parser | Removed 7 noise/banner element(s)
2026-06-27 10:45:57,307 | DEBUG    | src.parser | Images: 0 data-URI swapped to real src, 0 dropped
2026-06-27 10:45:57,308 | DEBUG    | src.parser | Content root: <body>
2026-06-27 10:45:57,314 | INFO     | src.parser | Parsed content: 1730 characters
2026-06-27 10:45:57,316 | DEBUG    | src.parser | Found 17 same-domain link(s)
2026-06-27 10:45:57,819 | INFO     | src.crawler | [55/100] depth 3: https://www.eldgja.is/is/gistingar/frettir/getAllItems/1/gul-vidvorun-yellow-warning
2026-06-27 10:45:57,820 | INFO     | src.fetcher | Requesting https://www.eldgja.is/is/gistingar/frettir/getAllItems/1/gul-vidvorun-yellow-warning
2026-06-27 10:45:57,947 | DEBUG    | src.fetcher | Response 200 in 0.13s (14616 bytes, final URL: https://www.eldgja.is/is/gistingar/frettir/getAllItems/1/gul-vidvorun-yellow-warning)
2026-06-27 10:45:57,955 | DEBUG    | src.parser | Removed 7 noise/banner element(s)
2026-06-27 10:45:57,955 | DEBUG    | src.parser | Images: 0 data-URI swapped to real src, 0 dropped
2026-06-27 10:45:57,955 | DEBUG    | src.parser | Content root: <body>
2026-06-27 10:45:57,960 | INFO     | src.parser | Parsed content: 1685 characters
2026-06-27 10:45:57,962 | DEBUG    | src.parser | Found 16 same-domain link(s)
2026-06-27 10:45:58,465 | INFO     | src.crawler | [56/100] depth 3: https://www.eldgja.is/is/gistingar/frettir/getAllItems/1/buid-er-ad-opna-aftur.-we-are-open-again
2026-06-27 10:45:58,465 | INFO     | src.fetcher | Requesting https://www.eldgja.is/is/gistingar/frettir/getAllItems/1/buid-er-ad-opna-aftur.-we-are-open-again
2026-06-27 10:45:58,579 | DEBUG    | src.fetcher | Response 200 in 0.11s (14676 bytes, final URL: https://www.eldgja.is/is/gistingar/frettir/getAllItems/1/buid-er-ad-opna-aftur.-we-are-open-again)
2026-06-27 10:45:58,586 | DEBUG    | src.parser | Removed 7 noise/banner element(s)
2026-06-27 10:45:58,586 | DEBUG    | src.parser | Images: 0 data-URI swapped to real src, 0 dropped
2026-06-27 10:45:58,586 | DEBUG    | src.parser | Content root: <body>
2026-06-27 10:45:58,593 | INFO     | src.parser | Parsed content: 1711 characters
2026-06-27 10:45:58,598 | DEBUG    | src.parser | Found 16 same-domain link(s)
2026-06-27 10:45:59,103 | INFO     | src.crawler | [57/100] depth 3: https://www.eldgja.is/is/gistingar/frettir/getAllItems/1/volcano-eruption
2026-06-27 10:45:59,103 | INFO     | src.fetcher | Requesting https://www.eldgja.is/is/gistingar/frettir/getAllItems/1/volcano-eruption
2026-06-27 10:45:59,260 | DEBUG    | src.fetcher | Response 200 in 0.16s (15399 bytes, final URL: https://www.eldgja.is/is/gistingar/frettir/getAllItems/1/volcano-eruption)
2026-06-27 10:45:59,267 | DEBUG    | src.parser | Removed 7 noise/banner element(s)
2026-06-27 10:45:59,268 | DEBUG    | src.parser | Images: 0 data-URI swapped to real src, 0 dropped
2026-06-27 10:45:59,268 | DEBUG    | src.parser | Content root: <body>
2026-06-27 10:45:59,273 | INFO     | src.parser | Parsed content: 1985 characters
2026-06-27 10:45:59,276 | DEBUG    | src.parser | Found 17 same-domain link(s)
2026-06-27 10:45:59,781 | INFO     | src.crawler | [58/100] depth 3: https://www.eldgja.is/is/gistingar/frettir/getAllItems/1/buid-er-ad-opna-veginn-inn-ad-langasjo-og-i-landmannalaugar-the-road-to-landmannalaugar-and-langisjor-is-open
2026-06-27 10:45:59,781 | INFO     | src.fetcher | Requesting https://www.eldgja.is/is/gistingar/frettir/getAllItems/1/buid-er-ad-opna-veginn-inn-ad-langasjo-og-i-landmannalaugar-the-road-to-landmannalaugar-and-langisjor-is-open
2026-06-27 10:45:59,924 | DEBUG    | src.fetcher | Response 200 in 0.14s (15080 bytes, final URL: https://www.eldgja.is/is/gistingar/frettir/getAllItems/1/buid-er-ad-opna-veginn-inn-ad-langasjo-og-i-landmannalaugar-the-road-to-landmannalaugar-and-langisjor-is-open)
2026-06-27 10:45:59,938 | DEBUG    | src.parser | Removed 7 noise/banner element(s)
2026-06-27 10:45:59,938 | DEBUG    | src.parser | Images: 0 data-URI swapped to real src, 0 dropped
2026-06-27 10:45:59,938 | DEBUG    | src.parser | Content root: <body>
2026-06-27 10:45:59,947 | INFO     | src.parser | Parsed content: 1835 characters
2026-06-27 10:45:59,950 | DEBUG    | src.parser | Found 16 same-domain link(s)
2026-06-27 10:46:00,455 | INFO     | src.crawler | [59/100] depth 3: https://www.eldgja.is/is/gistingar/frettir/getAllItems/1/road-openings
2026-06-27 10:46:00,455 | INFO     | src.fetcher | Requesting https://www.eldgja.is/is/gistingar/frettir/getAllItems/1/road-openings
2026-06-27 10:46:00,568 | DEBUG    | src.fetcher | Response 200 in 0.11s (14511 bytes, final URL: https://www.eldgja.is/is/gistingar/frettir/getAllItems/1/road-openings)
2026-06-27 10:46:00,574 | DEBUG    | src.parser | Removed 7 noise/banner element(s)
2026-06-27 10:46:00,574 | DEBUG    | src.parser | Images: 0 data-URI swapped to real src, 0 dropped
2026-06-27 10:46:00,574 | DEBUG    | src.parser | Content root: <body>
2026-06-27 10:46:00,579 | INFO     | src.parser | Parsed content: 1650 characters
2026-06-27 10:46:00,581 | DEBUG    | src.parser | Found 16 same-domain link(s)
2026-06-27 10:46:01,087 | INFO     | src.crawler | [60/100] depth 3: https://www.eldgja.is/is/gistingar/frettir/getAllItems/1/buid-er-ad-opna-veginn-fra-sudri
2026-06-27 10:46:01,087 | INFO     | src.fetcher | Requesting https://www.eldgja.is/is/gistingar/frettir/getAllItems/1/buid-er-ad-opna-veginn-fra-sudri
2026-06-27 10:46:01,233 | DEBUG    | src.fetcher | Response 200 in 0.15s (15022 bytes, final URL: https://www.eldgja.is/is/gistingar/frettir/getAllItems/1/buid-er-ad-opna-veginn-fra-sudri)
2026-06-27 10:46:01,240 | DEBUG    | src.parser | Removed 7 noise/banner element(s)
2026-06-27 10:46:01,241 | DEBUG    | src.parser | Images: 0 data-URI swapped to real src, 0 dropped
2026-06-27 10:46:01,241 | DEBUG    | src.parser | Content root: <body>
2026-06-27 10:46:01,247 | INFO     | src.parser | Parsed content: 1764 characters
2026-06-27 10:46:01,249 | DEBUG    | src.parser | Found 17 same-domain link(s)
2026-06-27 10:46:01,754 | INFO     | src.crawler | [61/100] depth 3: https://www.eldgja.is/is/gistingar/frettir/getAllItems/1/higland-roads-are-open
2026-06-27 10:46:01,754 | INFO     | src.fetcher | Requesting https://www.eldgja.is/is/gistingar/frettir/getAllItems/1/higland-roads-are-open
2026-06-27 10:46:01,859 | DEBUG    | src.fetcher | Response 200 in 0.10s (14819 bytes, final URL: https://www.eldgja.is/is/gistingar/frettir/getAllItems/1/higland-roads-are-open)
2026-06-27 10:46:01,865 | DEBUG    | src.parser | Removed 7 noise/banner element(s)
2026-06-27 10:46:01,865 | DEBUG    | src.parser | Images: 0 data-URI swapped to real src, 0 dropped
2026-06-27 10:46:01,865 | DEBUG    | src.parser | Content root: <body>
2026-06-27 10:46:01,871 | INFO     | src.parser | Parsed content: 2034 characters
2026-06-27 10:46:01,874 | DEBUG    | src.parser | Found 16 same-domain link(s)
2026-06-27 10:46:02,374 | INFO     | src.crawler | [62/100] depth 3: https://www.eldgja.is/is/gistingar/frettir/getAllItems/1/vegir-opnast-a-halendinu-1
2026-06-27 10:46:02,375 | INFO     | src.fetcher | Requesting https://www.eldgja.is/is/gistingar/frettir/getAllItems/1/vegir-opnast-a-halendinu-1
2026-06-27 10:46:02,491 | DEBUG    | src.fetcher | Response 200 in 0.12s (14575 bytes, final URL: https://www.eldgja.is/is/gistingar/frettir/getAllItems/1/vegir-opnast-a-halendinu-1)
2026-06-27 10:46:02,499 | DEBUG    | src.parser | Removed 7 noise/banner element(s)
2026-06-27 10:46:02,500 | DEBUG    | src.parser | Images: 0 data-URI swapped to real src, 0 dropped
2026-06-27 10:46:02,500 | DEBUG    | src.parser | Content root: <body>
2026-06-27 10:46:02,513 | INFO     | src.parser | Parsed content: 1845 characters
2026-06-27 10:46:02,517 | DEBUG    | src.parser | Found 16 same-domain link(s)
2026-06-27 10:46:03,021 | INFO     | src.crawler | [63/100] depth 3: https://www.eldgja.is/is/gistingar/frettir/getAllItems/1/vegir-opnast-a-halendinu
2026-06-27 10:46:03,021 | INFO     | src.fetcher | Requesting https://www.eldgja.is/is/gistingar/frettir/getAllItems/1/vegir-opnast-a-halendinu
2026-06-27 10:46:03,129 | DEBUG    | src.fetcher | Response 200 in 0.11s (14571 bytes, final URL: https://www.eldgja.is/is/gistingar/frettir/getAllItems/1/vegir-opnast-a-halendinu)
2026-06-27 10:46:03,138 | DEBUG    | src.parser | Removed 7 noise/banner element(s)
2026-06-27 10:46:03,138 | DEBUG    | src.parser | Images: 0 data-URI swapped to real src, 0 dropped
2026-06-27 10:46:03,139 | DEBUG    | src.parser | Content root: <body>
2026-06-27 10:46:03,144 | INFO     | src.parser | Parsed content: 1845 characters
2026-06-27 10:46:03,146 | DEBUG    | src.parser | Found 16 same-domain link(s)
2026-06-27 10:46:03,652 | INFO     | src.crawler | [64/100] depth 3: https://www.eldgja.is/is/gistingar/frettir/getAllItems/1/holaskjol-klart-i-ferdasumarid-2021-opnum-9.-juni
2026-06-27 10:46:03,652 | INFO     | src.fetcher | Requesting https://www.eldgja.is/is/gistingar/frettir/getAllItems/1/holaskjol-klart-i-ferdasumarid-2021-opnum-9.-juni
2026-06-27 10:46:03,760 | DEBUG    | src.fetcher | Response 200 in 0.11s (15488 bytes, final URL: https://www.eldgja.is/is/gistingar/frettir/getAllItems/1/holaskjol-klart-i-ferdasumarid-2021-opnum-9.-juni)
2026-06-27 10:46:03,765 | DEBUG    | src.parser | Removed 7 noise/banner element(s)
2026-06-27 10:46:03,765 | DEBUG    | src.parser | Images: 0 data-URI swapped to real src, 0 dropped
2026-06-27 10:46:03,765 | DEBUG    | src.parser | Content root: <body>
2026-06-27 10:46:03,776 | INFO     | src.parser | Parsed content: 2200 characters
2026-06-27 10:46:03,779 | DEBUG    | src.parser | Found 16 same-domain link(s)
2026-06-27 10:46:04,282 | INFO     | src.crawler | [65/100] depth 3: https://www.eldgja.is/is/gistingar/frettir/getAllItems/1/fimm-daga-gonguferd-sveinstindur-skaelingar-holaskjol-alftavotn
2026-06-27 10:46:04,282 | INFO     | src.fetcher | Requesting https://www.eldgja.is/is/gistingar/frettir/getAllItems/1/fimm-daga-gonguferd-sveinstindur-skaelingar-holaskjol-alftavotn
2026-06-27 10:46:04,432 | DEBUG    | src.fetcher | Response 200 in 0.15s (18458 bytes, final URL: https://www.eldgja.is/is/gistingar/frettir/getAllItems/1/fimm-daga-gonguferd-sveinstindur-skaelingar-holaskjol-alftavotn)
2026-06-27 10:46:04,447 | DEBUG    | src.parser | Removed 7 noise/banner element(s)
2026-06-27 10:46:04,447 | DEBUG    | src.parser | Images: 0 data-URI swapped to real src, 0 dropped
2026-06-27 10:46:04,447 | DEBUG    | src.parser | Content root: <body>
2026-06-27 10:46:04,460 | INFO     | src.parser | Parsed content: 4551 characters
2026-06-27 10:46:04,464 | DEBUG    | src.parser | Found 16 same-domain link(s)
2026-06-27 10:46:04,969 | INFO     | src.crawler | [66/100] depth 3: https://www.eldgja.is/is/gistingar/frettir/getAllItems/1/clean-and-safe
2026-06-27 10:46:04,969 | INFO     | src.fetcher | Requesting https://www.eldgja.is/is/gistingar/frettir/getAllItems/1/clean-and-safe
2026-06-27 10:46:05,078 | DEBUG    | src.fetcher | Response 200 in 0.11s (15644 bytes, final URL: https://www.eldgja.is/is/gistingar/frettir/getAllItems/1/clean-and-safe)
2026-06-27 10:46:05,086 | DEBUG    | src.parser | Removed 7 noise/banner element(s)
2026-06-27 10:46:05,086 | DEBUG    | src.parser | Images: 0 data-URI swapped to real src, 0 dropped
2026-06-27 10:46:05,086 | DEBUG    | src.parser | Content root: <body>
2026-06-27 10:46:05,091 | INFO     | src.parser | Parsed content: 2718 characters
2026-06-27 10:46:05,094 | DEBUG    | src.parser | Found 17 same-domain link(s)
2026-06-27 10:46:05,599 | INFO     | src.crawler | [67/100] depth 3: http://www.eldgja.is/is
2026-06-27 10:46:05,599 | INFO     | src.fetcher | Requesting http://www.eldgja.is/is
2026-06-27 10:46:05,906 | DEBUG    | src.fetcher | Response 200 in 0.31s (14850 bytes, final URL: https://www.eldgja.is/)
2026-06-27 10:46:05,910 | DEBUG    | src.parser | Removed 7 noise/banner element(s)
2026-06-27 10:46:05,910 | DEBUG    | src.parser | Images: 0 data-URI swapped to real src, 0 dropped
2026-06-27 10:46:05,910 | DEBUG    | src.parser | Content root: <body>
2026-06-27 10:46:05,916 | INFO     | src.parser | Parsed content: 2071 characters
2026-06-27 10:46:05,918 | DEBUG    | src.parser | Found 16 same-domain link(s)
2026-06-27 10:46:06,423 | INFO     | src.crawler | [68/100] depth 3: http://www.eldgja.is/is/veftre
2026-06-27 10:46:06,423 | INFO     | src.fetcher | Requesting http://www.eldgja.is/is/veftre
2026-06-27 10:46:06,549 | DEBUG    | src.fetcher | Response 200 in 0.13s (14633 bytes, final URL: https://www.eldgja.is/is/veftre)
2026-06-27 10:46:06,555 | DEBUG    | src.parser | Removed 8 noise/banner element(s)
2026-06-27 10:46:06,555 | DEBUG    | src.parser | Images: 0 data-URI swapped to real src, 0 dropped
2026-06-27 10:46:06,555 | DEBUG    | src.parser | Content root: <body>
2026-06-27 10:46:06,561 | INFO     | src.parser | Parsed content: 1706 characters
2026-06-27 10:46:06,563 | DEBUG    | src.parser | Found 15 same-domain link(s)
2026-06-27 10:46:07,064 | INFO     | src.crawler | [69/100] depth 3: http://www.eldgja.is/is/gistingar/fyrirspurnir
2026-06-27 10:46:07,064 | INFO     | src.fetcher | Requesting http://www.eldgja.is/is/gistingar/fyrirspurnir
2026-06-27 10:46:07,220 | DEBUG    | src.fetcher | Response 200 in 0.16s (14619 bytes, final URL: https://www.eldgja.is/is/gistingar/fyrirspurnir)
2026-06-27 10:46:07,227 | DEBUG    | src.parser | Removed 7 noise/banner element(s)
2026-06-27 10:46:07,227 | DEBUG    | src.parser | Images: 0 data-URI swapped to real src, 0 dropped
2026-06-27 10:46:07,228 | DEBUG    | src.parser | Content root: <body>
2026-06-27 10:46:07,233 | INFO     | src.parser | Parsed content: 1564 characters
2026-06-27 10:46:07,236 | DEBUG    | src.parser | Found 15 same-domain link(s)
2026-06-27 10:46:07,741 | INFO     | src.crawler | [70/100] depth 3: http://www.eldgja.is/is/myndir/kort
2026-06-27 10:46:07,741 | INFO     | src.fetcher | Requesting http://www.eldgja.is/is/myndir/kort
2026-06-27 10:46:07,876 | DEBUG    | src.fetcher | Response 200 in 0.13s (13299 bytes, final URL: https://www.eldgja.is/is/myndir/kort)
2026-06-27 10:46:07,884 | DEBUG    | src.parser | Removed 7 noise/banner element(s)
2026-06-27 10:46:07,884 | DEBUG    | src.parser | Images: 0 data-URI swapped to real src, 0 dropped
2026-06-27 10:46:07,884 | DEBUG    | src.parser | Content root: <body>
2026-06-27 10:46:07,889 | INFO     | src.parser | Parsed content: 1543 characters
2026-06-27 10:46:07,894 | DEBUG    | src.parser | Found 17 same-domain link(s)
2026-06-27 10:46:08,398 | INFO     | src.crawler | [71/100] depth 3: http://www.eldgja.is/is/gistingar-1
2026-06-27 10:46:08,398 | INFO     | src.fetcher | Requesting http://www.eldgja.is/is/gistingar-1
2026-06-27 10:46:08,523 | DEBUG    | src.fetcher | Response 200 in 0.13s (14731 bytes, final URL: https://www.eldgja.is/is/gistingar-1)
2026-06-27 10:46:08,531 | DEBUG    | src.parser | Removed 7 noise/banner element(s)
2026-06-27 10:46:08,531 | DEBUG    | src.parser | Images: 0 data-URI swapped to real src, 0 dropped
2026-06-27 10:46:08,531 | DEBUG    | src.parser | Content root: <body>
2026-06-27 10:46:08,536 | INFO     | src.parser | Parsed content: 2713 characters
2026-06-27 10:46:08,539 | DEBUG    | src.parser | Found 15 same-domain link(s)
2026-06-27 10:46:09,043 | INFO     | src.crawler | [72/100] depth 3: http://www.eldgja.is/is/gonguleidir
2026-06-27 10:46:09,044 | INFO     | src.fetcher | Requesting http://www.eldgja.is/is/gonguleidir
2026-06-27 10:46:09,174 | DEBUG    | src.fetcher | Response 200 in 0.13s (17467 bytes, final URL: https://www.eldgja.is/is/gonguleidir)
2026-06-27 10:46:09,185 | DEBUG    | src.parser | Removed 7 noise/banner element(s)
2026-06-27 10:46:09,185 | DEBUG    | src.parser | Images: 0 data-URI swapped to real src, 0 dropped
2026-06-27 10:46:09,186 | DEBUG    | src.parser | Content root: <body>
2026-06-27 10:46:09,197 | INFO     | src.parser | Parsed content: 4110 characters
2026-06-27 10:46:09,201 | DEBUG    | src.parser | Found 16 same-domain link(s)
2026-06-27 10:46:09,706 | INFO     | src.crawler | [73/100] depth 3: http://www.eldgja.is/is/verskra
2026-06-27 10:46:09,707 | INFO     | src.fetcher | Requesting http://www.eldgja.is/is/verskra
2026-06-27 10:46:09,834 | DEBUG    | src.fetcher | Response 200 in 0.13s (16935 bytes, final URL: https://www.eldgja.is/is/verskra)
2026-06-27 10:46:09,844 | DEBUG    | src.parser | Removed 7 noise/banner element(s)
2026-06-27 10:46:09,844 | DEBUG    | src.parser | Images: 0 data-URI swapped to real src, 0 dropped
2026-06-27 10:46:09,844 | DEBUG    | src.parser | Content root: <body>
2026-06-27 10:46:09,852 | INFO     | src.parser | Parsed content: 2704 characters
2026-06-27 10:46:09,856 | DEBUG    | src.parser | Found 15 same-domain link(s)
2026-06-27 10:46:10,361 | INFO     | src.crawler | [74/100] depth 3: http://www.eldgja.is/is/myndir
2026-06-27 10:46:10,361 | INFO     | src.fetcher | Requesting http://www.eldgja.is/is/myndir
2026-06-27 10:46:10,606 | DEBUG    | src.fetcher | Response 200 in 0.24s (15997 bytes, final URL: https://www.eldgja.is/is/myndir)
2026-06-27 10:46:10,610 | DEBUG    | src.parser | Removed 7 noise/banner element(s)
2026-06-27 10:46:10,610 | DEBUG    | src.parser | Images: 0 data-URI swapped to real src, 0 dropped
2026-06-27 10:46:10,610 | DEBUG    | src.parser | Content root: <body>
2026-06-27 10:46:10,617 | INFO     | src.parser | Parsed content: 2334 characters
2026-06-27 10:46:10,620 | DEBUG    | src.parser | Found 22 same-domain link(s)
2026-06-27 10:46:11,125 | INFO     | src.crawler | [75/100] depth 3: http://www.eldgja.is/is/langisjor
2026-06-27 10:46:11,125 | INFO     | src.fetcher | Requesting http://www.eldgja.is/is/langisjor
2026-06-27 10:46:11,258 | DEBUG    | src.fetcher | Response 200 in 0.13s (18551 bytes, final URL: https://www.eldgja.is/is/langisjor)
2026-06-27 10:46:11,266 | DEBUG    | src.parser | Removed 7 noise/banner element(s)
2026-06-27 10:46:11,266 | DEBUG    | src.parser | Images: 0 data-URI swapped to real src, 0 dropped
2026-06-27 10:46:11,266 | DEBUG    | src.parser | Content root: <body>
2026-06-27 10:46:11,276 | INFO     | src.parser | Parsed content: 6003 characters
2026-06-27 10:46:11,280 | DEBUG    | src.parser | Found 15 same-domain link(s)
2026-06-27 10:46:11,785 | INFO     | src.crawler | [76/100] depth 3: http://www.eldgja.is/is/gistingar
2026-06-27 10:46:11,785 | INFO     | src.fetcher | Requesting http://www.eldgja.is/is/gistingar
2026-06-27 10:46:12,022 | DEBUG    | src.fetcher | Response 200 in 0.24s (16644 bytes, final URL: https://www.eldgja.is/is/gistingar/um-okkur)
2026-06-27 10:46:12,034 | DEBUG    | src.parser | Removed 7 noise/banner element(s)
2026-06-27 10:46:12,034 | DEBUG    | src.parser | Images: 0 data-URI swapped to real src, 0 dropped
2026-06-27 10:46:12,034 | DEBUG    | src.parser | Content root: <body>
2026-06-27 10:46:12,041 | INFO     | src.parser | Parsed content: 3143 characters
2026-06-27 10:46:12,043 | DEBUG    | src.parser | Found 15 same-domain link(s)
2026-06-27 10:46:12,548 | INFO     | src.crawler | [77/100] depth 3: http://www.eldgja.is/is/gistingar/um-okkur
2026-06-27 10:46:12,549 | INFO     | src.fetcher | Requesting http://www.eldgja.is/is/gistingar/um-okkur
2026-06-27 10:46:12,675 | DEBUG    | src.fetcher | Response 200 in 0.13s (16644 bytes, final URL: https://www.eldgja.is/is/gistingar/um-okkur)
2026-06-27 10:46:12,684 | DEBUG    | src.parser | Removed 7 noise/banner element(s)
2026-06-27 10:46:12,684 | DEBUG    | src.parser | Images: 0 data-URI swapped to real src, 0 dropped
2026-06-27 10:46:12,684 | DEBUG    | src.parser | Content root: <body>
2026-06-27 10:46:12,690 | INFO     | src.parser | Parsed content: 3143 characters
2026-06-27 10:46:12,693 | DEBUG    | src.parser | Found 15 same-domain link(s)
2026-06-27 10:46:13,198 | INFO     | src.crawler | [78/100] depth 3: http://www.eldgja.is/is/gistingar/starfsfolk
2026-06-27 10:46:13,198 | INFO     | src.fetcher | Requesting http://www.eldgja.is/is/gistingar/starfsfolk
2026-06-27 10:46:13,331 | DEBUG    | src.fetcher | Response 200 in 0.13s (14626 bytes, final URL: https://www.eldgja.is/is/gistingar/starfsfolk)
2026-06-27 10:46:13,335 | DEBUG    | src.parser | Removed 7 noise/banner element(s)
2026-06-27 10:46:13,335 | DEBUG    | src.parser | Images: 0 data-URI swapped to real src, 0 dropped
2026-06-27 10:46:13,336 | DEBUG    | src.parser | Content root: <body>
2026-06-27 10:46:13,344 | INFO     | src.parser | Parsed content: 1819 characters
2026-06-27 10:46:13,347 | DEBUG    | src.parser | Found 18 same-domain link(s)
2026-06-27 10:46:13,852 | INFO     | src.crawler | [79/100] depth 3: http://www.eldgja.is/is/gistingar/stadsetning
2026-06-27 10:46:13,852 | INFO     | src.fetcher | Requesting http://www.eldgja.is/is/gistingar/stadsetning
2026-06-27 10:46:13,974 | DEBUG    | src.fetcher | Response 200 in 0.12s (15568 bytes, final URL: https://www.eldgja.is/is/gistingar/stadsetning)
2026-06-27 10:46:13,982 | DEBUG    | src.parser | Removed 7 noise/banner element(s)
2026-06-27 10:46:13,982 | DEBUG    | src.parser | Images: 0 data-URI swapped to real src, 0 dropped
2026-06-27 10:46:13,982 | DEBUG    | src.parser | Content root: <body>
2026-06-27 10:46:13,989 | INFO     | src.parser | Parsed content: 2161 characters
2026-06-27 10:46:13,992 | DEBUG    | src.parser | Found 15 same-domain link(s)
2026-06-27 10:46:14,497 | INFO     | src.crawler | [80/100] depth 3: http://www.eldgja.is/is/gistingar/frettir
2026-06-27 10:46:14,497 | INFO     | src.fetcher | Requesting http://www.eldgja.is/is/gistingar/frettir
2026-06-27 10:46:14,765 | DEBUG    | src.fetcher | Response 200 in 0.27s (16765 bytes, final URL: https://www.eldgja.is/is/gistingar/frettir)
2026-06-27 10:46:14,773 | DEBUG    | src.parser | Removed 7 noise/banner element(s)
2026-06-27 10:46:14,773 | DEBUG    | src.parser | Images: 0 data-URI swapped to real src, 0 dropped
2026-06-27 10:46:14,773 | DEBUG    | src.parser | Content root: <body>
2026-06-27 10:46:14,780 | INFO     | src.parser | Parsed content: 3013 characters
2026-06-27 10:46:14,783 | DEBUG    | src.parser | Found 23 same-domain link(s)
2026-06-27 10:46:15,287 | INFO     | src.crawler | [81/100] depth 3: http://www.eldgja.is/is/akstur-og-truss
2026-06-27 10:46:15,287 | INFO     | src.fetcher | Requesting http://www.eldgja.is/is/akstur-og-truss
2026-06-27 10:46:15,417 | DEBUG    | src.fetcher | Response 200 in 0.13s (15148 bytes, final URL: https://www.eldgja.is/is/akstur-og-truss)
2026-06-27 10:46:15,425 | DEBUG    | src.parser | Removed 7 noise/banner element(s)
2026-06-27 10:46:15,425 | DEBUG    | src.parser | Images: 0 data-URI swapped to real src, 0 dropped
2026-06-27 10:46:15,425 | DEBUG    | src.parser | Content root: <body>
2026-06-27 10:46:15,436 | INFO     | src.parser | Parsed content: 3312 characters
2026-06-27 10:46:15,444 | DEBUG    | src.parser | Found 15 same-domain link(s)
2026-06-27 10:46:15,949 | INFO     | src.crawler | [82/100] depth 3: http://www.eldgja.is/en
2026-06-27 10:46:15,950 | INFO     | src.fetcher | Requesting http://www.eldgja.is/en
2026-06-27 10:46:16,084 | DEBUG    | src.fetcher | Response 200 in 0.13s (14465 bytes, final URL: https://www.eldgja.is/en)
2026-06-27 10:46:16,092 | DEBUG    | src.parser | Removed 8 noise/banner element(s)
2026-06-27 10:46:16,092 | DEBUG    | src.parser | Images: 0 data-URI swapped to real src, 0 dropped
2026-06-27 10:46:16,092 | DEBUG    | src.parser | Content root: <body>
2026-06-27 10:46:16,098 | INFO     | src.parser | Parsed content: 2038 characters
2026-06-27 10:46:16,101 | DEBUG    | src.parser | Found 17 same-domain link(s)
2026-06-27 10:46:16,604 | INFO     | src.crawler | [83/100] depth 3: https://www.eldgja.is/is/myndir/kort/g-ngulei-ir-fr-h-laskj-li1
2026-06-27 10:46:16,604 | INFO     | src.fetcher | Requesting https://www.eldgja.is/is/myndir/kort/g-ngulei-ir-fr-h-laskj-li1
2026-06-27 10:46:16,705 | DEBUG    | src.fetcher | Response 200 in 0.10s (13442 bytes, final URL: https://www.eldgja.is/is/myndir/kort/g-ngulei-ir-fr-h-laskj-li1)
2026-06-27 10:46:16,712 | DEBUG    | src.parser | Removed 7 noise/banner element(s)
2026-06-27 10:46:16,712 | DEBUG    | src.parser | Images: 0 data-URI swapped to real src, 0 dropped
2026-06-27 10:46:16,713 | DEBUG    | src.parser | Content root: <body>
2026-06-27 10:46:16,718 | INFO     | src.parser | Parsed content: 1632 characters
2026-06-27 10:46:16,721 | DEBUG    | src.parser | Found 17 same-domain link(s)
2026-06-27 10:46:17,225 | INFO     | src.crawler | [84/100] depth 3: https://www.eldgja.is/static/gallery/skali-uppi/.large/sk-li-uppi-eldh-s.jpg
2026-06-27 10:46:17,225 | INFO     | src.fetcher | Requesting https://www.eldgja.is/static/gallery/skali-uppi/.large/sk-li-uppi-eldh-s.jpg
2026-06-27 10:46:17,412 | DEBUG    | src.fetcher | Response 200 in 0.19s (84594 bytes, final URL: https://www.eldgja.is/static/gallery/skali-uppi/.large/sk-li-uppi-eldh-s.jpg)
2026-06-27 10:46:17,423 | DEBUG    | src.parser | Removed 0 noise/banner element(s)
2026-06-27 10:46:17,423 | DEBUG    | src.parser | Images: 0 data-URI swapped to real src, 0 dropped
2026-06-27 10:46:17,424 | DEBUG    | src.parser | Content root: <body>
2026-06-27 10:46:17,436 | INFO     | src.parser | Parsed content: 65720 characters
2026-06-27 10:46:17,440 | DEBUG    | src.parser | Found 0 same-domain link(s)
2026-06-27 10:46:17,945 | INFO     | src.crawler | [85/100] depth 3: https://www.eldgja.is/static/gallery/skali-uppi/.large/sk-li-uppi-bor-a-sta-a.jpg
2026-06-27 10:46:17,945 | INFO     | src.fetcher | Requesting https://www.eldgja.is/static/gallery/skali-uppi/.large/sk-li-uppi-bor-a-sta-a.jpg
2026-06-27 10:46:18,083 | DEBUG    | src.fetcher | Response 200 in 0.14s (84241 bytes, final URL: https://www.eldgja.is/static/gallery/skali-uppi/.large/sk-li-uppi-bor-a-sta-a.jpg)
2026-06-27 10:46:18,089 | DEBUG    | src.parser | Removed 0 noise/banner element(s)
2026-06-27 10:46:18,089 | DEBUG    | src.parser | Images: 0 data-URI swapped to real src, 0 dropped
2026-06-27 10:46:18,089 | DEBUG    | src.parser | Content root: <body>
2026-06-27 10:46:18,095 | INFO     | src.parser | Parsed content: 66394 characters
2026-06-27 10:46:18,097 | DEBUG    | src.parser | Found 0 same-domain link(s)
2026-06-27 10:46:18,603 | INFO     | src.crawler | [86/100] depth 3: https://www.eldgja.is/static/gallery/skali-uppi/.large/sk-li-uppi-ba-.jpg
2026-06-27 10:46:18,603 | INFO     | src.fetcher | Requesting https://www.eldgja.is/static/gallery/skali-uppi/.large/sk-li-uppi-ba-.jpg
2026-06-27 10:46:18,773 | DEBUG    | src.fetcher | Response 200 in 0.17s (60689 bytes, final URL: https://www.eldgja.is/static/gallery/skali-uppi/.large/sk-li-uppi-ba-.jpg)
2026-06-27 10:46:18,779 | DEBUG    | src.parser | Removed 0 noise/banner element(s)
2026-06-27 10:46:18,779 | DEBUG    | src.parser | Images: 0 data-URI swapped to real src, 0 dropped
2026-06-27 10:46:18,779 | DEBUG    | src.parser | Content root: <body>
2026-06-27 10:46:18,784 | INFO     | src.parser | Parsed content: 43579 characters
2026-06-27 10:46:18,786 | DEBUG    | src.parser | Found 0 same-domain link(s)
2026-06-27 10:46:19,291 | INFO     | src.crawler | [87/100] depth 3: https://www.eldgja.is/static/gallery//eldgja/.large/img_7821.jpg
2026-06-27 10:46:19,292 | INFO     | src.fetcher | Requesting https://www.eldgja.is/static/gallery//eldgja/.large/img_7821.jpg
2026-06-27 10:46:19,498 | DEBUG    | src.fetcher | Response 200 in 0.21s (110041 bytes, final URL: https://www.eldgja.is/static/gallery//eldgja/.large/img_7821.jpg)
2026-06-27 10:46:19,510 | DEBUG    | src.parser | Removed 0 noise/banner element(s)
2026-06-27 10:46:19,510 | DEBUG    | src.parser | Images: 0 data-URI swapped to real src, 0 dropped
2026-06-27 10:46:19,510 | DEBUG    | src.parser | Content root: <body>
2026-06-27 10:46:19,529 | INFO     | src.parser | Parsed content: 81921 characters
2026-06-27 10:46:19,533 | DEBUG    | src.parser | Found 0 same-domain link(s)
2026-06-27 10:46:20,038 | INFO     | src.crawler | [88/100] depth 3: https://www.eldgja.is/static/gallery//eldgja/.large/img_8094.jpg
2026-06-27 10:46:20,038 | INFO     | src.fetcher | Requesting https://www.eldgja.is/static/gallery//eldgja/.large/img_8094.jpg
2026-06-27 10:46:20,231 | DEBUG    | src.fetcher | Response 200 in 0.19s (111041 bytes, final URL: https://www.eldgja.is/static/gallery//eldgja/.large/img_8094.jpg)
2026-06-27 10:46:20,237 | DEBUG    | src.parser | Removed 0 noise/banner element(s)
2026-06-27 10:46:20,237 | DEBUG    | src.parser | Images: 0 data-URI swapped to real src, 0 dropped
2026-06-27 10:46:20,237 | DEBUG    | src.parser | Content root: <body>
2026-06-27 10:46:20,246 | INFO     | src.parser | Parsed content: 79245 characters
2026-06-27 10:46:20,249 | DEBUG    | src.parser | Found 0 same-domain link(s)
2026-06-27 10:46:20,754 | INFO     | src.crawler | [89/100] depth 3: https://www.eldgja.is/is/myndir/sveinstindur-og-langisjor?page=2
2026-06-27 10:46:20,754 | INFO     | src.fetcher | Requesting https://www.eldgja.is/is/myndir/sveinstindur-og-langisjor?page=2
2026-06-27 10:46:20,862 | DEBUG    | src.fetcher | Response 200 in 0.11s (14848 bytes, final URL: https://www.eldgja.is/is/myndir/sveinstindur-og-langisjor?page=2)
2026-06-27 10:46:20,872 | DEBUG    | src.parser | Removed 7 noise/banner element(s)
2026-06-27 10:46:20,872 | DEBUG    | src.parser | Images: 0 data-URI swapped to real src, 0 dropped
2026-06-27 10:46:20,872 | DEBUG    | src.parser | Content root: <body>
2026-06-27 10:46:20,878 | INFO     | src.parser | Parsed content: 1843 characters
2026-06-27 10:46:20,880 | DEBUG    | src.parser | Found 21 same-domain link(s)
2026-06-27 10:46:21,386 | INFO     | src.crawler | [90/100] depth 3: https://www.eldgja.is/static/gallery//sveinstindur/.large/fra_sveinstindi.jpg
2026-06-27 10:46:21,386 | INFO     | src.fetcher | Requesting https://www.eldgja.is/static/gallery//sveinstindur/.large/fra_sveinstindi.jpg
2026-06-27 10:46:21,533 | DEBUG    | src.fetcher | Response 200 in 0.15s (75914 bytes, final URL: https://www.eldgja.is/static/gallery//sveinstindur/.large/fra_sveinstindi.jpg)
2026-06-27 10:46:21,544 | DEBUG    | src.parser | Removed 0 noise/banner element(s)
2026-06-27 10:46:21,544 | DEBUG    | src.parser | Images: 0 data-URI swapped to real src, 0 dropped
2026-06-27 10:46:21,545 | DEBUG    | src.parser | Content root: <body>
2026-06-27 10:46:21,556 | INFO     | src.parser | Parsed content: 53729 characters
2026-06-27 10:46:21,559 | DEBUG    | src.parser | Found 0 same-domain link(s)
2026-06-27 10:46:22,064 | INFO     | src.crawler | [91/100] depth 3: https://www.eldgja.is/static/gallery//sveinstindur/.large/fra_sveinstindi_langisjor.jpg
2026-06-27 10:46:22,065 | INFO     | src.fetcher | Requesting https://www.eldgja.is/static/gallery//sveinstindur/.large/fra_sveinstindi_langisjor.jpg
2026-06-27 10:46:22,359 | DEBUG    | src.fetcher | Response 200 in 0.29s (75691 bytes, final URL: https://www.eldgja.is/static/gallery//sveinstindur/.large/fra_sveinstindi_langisjor.jpg)
2026-06-27 10:46:22,367 | DEBUG    | src.parser | Removed 0 noise/banner element(s)
2026-06-27 10:46:22,368 | DEBUG    | src.parser | Images: 0 data-URI swapped to real src, 0 dropped
2026-06-27 10:46:22,368 | DEBUG    | src.parser | Content root: <body>
2026-06-27 10:46:22,376 | INFO     | src.parser | Parsed content: 53882 characters
2026-06-27 10:46:22,378 | DEBUG    | src.parser | Found 0 same-domain link(s)
2026-06-27 10:46:22,881 | INFO     | src.crawler | [92/100] depth 3: https://www.eldgja.is/static/gallery//sveinstindur/.large/img_7885-2.jpg
2026-06-27 10:46:22,881 | INFO     | src.fetcher | Requesting https://www.eldgja.is/static/gallery//sveinstindur/.large/img_7885-2.jpg
2026-06-27 10:46:23,052 | DEBUG    | src.fetcher | Response 200 in 0.17s (76436 bytes, final URL: https://www.eldgja.is/static/gallery//sveinstindur/.large/img_7885-2.jpg)
2026-06-27 10:46:23,061 | DEBUG    | src.parser | Removed 0 noise/banner element(s)
2026-06-27 10:46:23,061 | DEBUG    | src.parser | Images: 0 data-URI swapped to real src, 0 dropped
2026-06-27 10:46:23,061 | DEBUG    | src.parser | Content root: <body>
2026-06-27 10:46:23,067 | INFO     | src.parser | Parsed content: 60395 characters
2026-06-27 10:46:23,069 | DEBUG    | src.parser | Found 0 same-domain link(s)
2026-06-27 10:46:23,574 | INFO     | src.crawler | [93/100] depth 3: https://www.eldgja.is/static/gallery//sveinstindur/.large/img_7863.jpg
2026-06-27 10:46:23,574 | INFO     | src.fetcher | Requesting https://www.eldgja.is/static/gallery//sveinstindur/.large/img_7863.jpg
2026-06-27 10:46:23,758 | DEBUG    | src.fetcher | Response 200 in 0.18s (80296 bytes, final URL: https://www.eldgja.is/static/gallery//sveinstindur/.large/img_7863.jpg)
2026-06-27 10:46:23,766 | DEBUG    | src.parser | Removed 0 noise/banner element(s)
2026-06-27 10:46:23,766 | DEBUG    | src.parser | Images: 0 data-URI swapped to real src, 0 dropped
2026-06-27 10:46:23,766 | DEBUG    | src.parser | Content root: <body>
2026-06-27 10:46:23,778 | INFO     | src.parser | Parsed content: 59508 characters
2026-06-27 10:46:23,781 | DEBUG    | src.parser | Found 0 same-domain link(s)
2026-06-27 10:46:24,286 | INFO     | src.crawler | [94/100] depth 3: https://www.eldgja.is/static/gallery//sveinstindur/.large/img_7854.jpg
2026-06-27 10:46:24,287 | INFO     | src.fetcher | Requesting https://www.eldgja.is/static/gallery//sveinstindur/.large/img_7854.jpg
2026-06-27 10:46:24,426 | DEBUG    | src.fetcher | Response 200 in 0.14s (108785 bytes, final URL: https://www.eldgja.is/static/gallery//sveinstindur/.large/img_7854.jpg)
2026-06-27 10:46:24,436 | DEBUG    | src.parser | Removed 0 noise/banner element(s)
2026-06-27 10:46:24,436 | DEBUG    | src.parser | Images: 0 data-URI swapped to real src, 0 dropped
2026-06-27 10:46:24,436 | DEBUG    | src.parser | Content root: <body>
2026-06-27 10:46:24,445 | INFO     | src.parser | Parsed content: 80089 characters
2026-06-27 10:46:24,448 | DEBUG    | src.parser | Found 0 same-domain link(s)
2026-06-27 10:46:24,953 | INFO     | src.crawler | [95/100] depth 3: https://www.eldgja.is/static/gallery//sveinstindur/.large/untitled-7886.jpg
2026-06-27 10:46:24,953 | INFO     | src.fetcher | Requesting https://www.eldgja.is/static/gallery//sveinstindur/.large/untitled-7886.jpg
2026-06-27 10:46:25,135 | DEBUG    | src.fetcher | Response 200 in 0.18s (81991 bytes, final URL: https://www.eldgja.is/static/gallery//sveinstindur/.large/untitled-7886.jpg)
2026-06-27 10:46:25,142 | DEBUG    | src.parser | Removed 0 noise/banner element(s)
2026-06-27 10:46:25,142 | DEBUG    | src.parser | Images: 0 data-URI swapped to real src, 0 dropped
2026-06-27 10:46:25,143 | DEBUG    | src.parser | Content root: <body>
2026-06-27 10:46:25,153 | INFO     | src.parser | Parsed content: 62338 characters
2026-06-27 10:46:25,156 | DEBUG    | src.parser | Found 0 same-domain link(s)
2026-06-27 10:46:25,661 | INFO     | src.crawler | [96/100] depth 3: https://www.eldgja.is/static/gallery//sveinstindur/.large/untitled-7926.jpg
2026-06-27 10:46:25,661 | INFO     | src.fetcher | Requesting https://www.eldgja.is/static/gallery//sveinstindur/.large/untitled-7926.jpg
2026-06-27 10:46:25,807 | DEBUG    | src.fetcher | Response 200 in 0.15s (88617 bytes, final URL: https://www.eldgja.is/static/gallery//sveinstindur/.large/untitled-7926.jpg)
2026-06-27 10:46:25,816 | DEBUG    | src.parser | Removed 0 noise/banner element(s)
2026-06-27 10:46:25,816 | DEBUG    | src.parser | Images: 0 data-URI swapped to real src, 0 dropped
2026-06-27 10:46:25,816 | DEBUG    | src.parser | Content root: <body>
2026-06-27 10:46:25,829 | INFO     | src.parser | Parsed content: 68858 characters
2026-06-27 10:46:25,833 | DEBUG    | src.parser | Found 0 same-domain link(s)
2026-06-27 10:46:26,335 | INFO     | src.crawler | [97/100] depth 3: https://www.eldgja.is/static/gallery//sveinstindur/.large/untitled-7935.jpg
2026-06-27 10:46:26,336 | INFO     | src.fetcher | Requesting https://www.eldgja.is/static/gallery//sveinstindur/.large/untitled-7935.jpg
2026-06-27 10:46:26,491 | DEBUG    | src.fetcher | Response 200 in 0.16s (92550 bytes, final URL: https://www.eldgja.is/static/gallery//sveinstindur/.large/untitled-7935.jpg)
2026-06-27 10:46:26,496 | DEBUG    | src.parser | Removed 0 noise/banner element(s)
2026-06-27 10:46:26,497 | DEBUG    | src.parser | Images: 0 data-URI swapped to real src, 0 dropped
2026-06-27 10:46:26,497 | DEBUG    | src.parser | Content root: <body>
2026-06-27 10:46:26,504 | INFO     | src.parser | Parsed content: 71066 characters
2026-06-27 10:46:26,507 | DEBUG    | src.parser | Found 0 same-domain link(s)
2026-06-27 10:46:27,012 | INFO     | src.crawler | [98/100] depth 3: https://www.eldgja.is/static/gallery//sveinstindur/.large/untitled-7940.jpg
2026-06-27 10:46:27,012 | INFO     | src.fetcher | Requesting https://www.eldgja.is/static/gallery//sveinstindur/.large/untitled-7940.jpg
2026-06-27 10:46:27,152 | DEBUG    | src.fetcher | Response 200 in 0.14s (82575 bytes, final URL: https://www.eldgja.is/static/gallery//sveinstindur/.large/untitled-7940.jpg)
2026-06-27 10:46:27,158 | DEBUG    | src.parser | Removed 0 noise/banner element(s)
2026-06-27 10:46:27,159 | DEBUG    | src.parser | Images: 0 data-URI swapped to real src, 0 dropped
2026-06-27 10:46:27,159 | DEBUG    | src.parser | Content root: <body>
2026-06-27 10:46:27,166 | INFO     | src.parser | Parsed content: 63208 characters
2026-06-27 10:46:27,168 | DEBUG    | src.parser | Found 0 same-domain link(s)
2026-06-27 10:46:27,673 | INFO     | src.crawler | [99/100] depth 3: https://www.eldgja.is/static/gallery//sveinstindur/.large/img_7831.jpg
2026-06-27 10:46:27,674 | INFO     | src.fetcher | Requesting https://www.eldgja.is/static/gallery//sveinstindur/.large/img_7831.jpg
2026-06-27 10:46:27,853 | DEBUG    | src.fetcher | Response 200 in 0.18s (65832 bytes, final URL: https://www.eldgja.is/static/gallery//sveinstindur/.large/img_7831.jpg)
2026-06-27 10:46:27,859 | DEBUG    | src.parser | Removed 0 noise/banner element(s)
2026-06-27 10:46:27,859 | DEBUG    | src.parser | Images: 0 data-URI swapped to real src, 0 dropped
2026-06-27 10:46:27,859 | DEBUG    | src.parser | Content root: <body>
2026-06-27 10:46:27,870 | INFO     | src.parser | Parsed content: 49079 characters
2026-06-27 10:46:27,873 | DEBUG    | src.parser | Found 0 same-domain link(s)
2026-06-27 10:46:28,377 | INFO     | src.crawler | [100/100] depth 3: https://www.eldgja.is/static/gallery//sveinstindur/.large/img_7829.jpg
2026-06-27 10:46:28,377 | INFO     | src.fetcher | Requesting https://www.eldgja.is/static/gallery//sveinstindur/.large/img_7829.jpg
2026-06-27 10:46:28,558 | DEBUG    | src.fetcher | Response 200 in 0.18s (72935 bytes, final URL: https://www.eldgja.is/static/gallery//sveinstindur/.large/img_7829.jpg)
2026-06-27 10:46:28,564 | DEBUG    | src.parser | Removed 0 noise/banner element(s)
2026-06-27 10:46:28,564 | DEBUG    | src.parser | Images: 0 data-URI swapped to real src, 0 dropped
2026-06-27 10:46:28,564 | DEBUG    | src.parser | Content root: <body>
2026-06-27 10:46:28,571 | INFO     | src.parser | Parsed content: 54176 characters
2026-06-27 10:46:28,573 | DEBUG    | src.parser | Found 0 same-domain link(s)
2026-06-27 10:46:28,573 | INFO     | src.crawler | Crawl finished: 100 page(s) fetched, 82 still queued (limit 100)
2026-06-27 10:46:28,579 | INFO     | __main__ | Saved 100 page(s) to /Users/adamdomachowski/Desktop/coding/page_fetcher/output/www_eldgja_is_crawl_2026-06-27.md
2026-06-27 10:49:23,383 | INFO     | src.crawler | [1/100] depth 0: https://www.eldgja.is
2026-06-27 10:49:23,383 | INFO     | src.fetcher | Requesting https://www.eldgja.is
2026-06-27 10:49:23,633 | DEBUG    | src.fetcher | Response 200 in 0.25s (14850 bytes, text/html; charset=iso-8859-1, final URL: https://www.eldgja.is)
2026-06-27 10:49:23,643 | DEBUG    | src.parser | Removed 7 noise/banner element(s)
2026-06-27 10:49:23,644 | DEBUG    | src.parser | Images: 0 data-URI swapped to real src, 0 dropped
2026-06-27 10:49:23,644 | DEBUG    | src.parser | Content root: <body>
2026-06-27 10:49:23,653 | INFO     | src.parser | Parsed content: 2071 characters
2026-06-27 10:49:23,657 | DEBUG    | src.parser | Found 17 same-domain link(s)
2026-06-27 10:49:24,159 | INFO     | src.crawler | [2/100] depth 1: https://www.eldgja.is/is
2026-06-27 10:49:24,159 | INFO     | src.fetcher | Requesting https://www.eldgja.is/is
2026-06-27 10:49:24,314 | DEBUG    | src.fetcher | Response 200 in 0.15s (14850 bytes, text/html; charset=iso-8859-1, final URL: https://www.eldgja.is/)
2026-06-27 10:49:24,318 | DEBUG    | src.parser | Removed 7 noise/banner element(s)
2026-06-27 10:49:24,318 | DEBUG    | src.parser | Images: 0 data-URI swapped to real src, 0 dropped
2026-06-27 10:49:24,318 | DEBUG    | src.parser | Content root: <body>
2026-06-27 10:49:24,324 | INFO     | src.parser | Parsed content: 2071 characters
2026-06-27 10:49:24,326 | DEBUG    | src.parser | Found 16 same-domain link(s)
2026-06-27 10:49:24,832 | INFO     | src.crawler | [3/100] depth 1: https://www.eldgja.is/is/veftre
2026-06-27 10:49:24,832 | INFO     | src.fetcher | Requesting https://www.eldgja.is/is/veftre
2026-06-27 10:49:24,931 | DEBUG    | src.fetcher | Response 200 in 0.10s (14633 bytes, text/html; charset=iso-8859-1, final URL: https://www.eldgja.is/is/veftre)
2026-06-27 10:49:24,938 | DEBUG    | src.parser | Removed 8 noise/banner element(s)
2026-06-27 10:49:24,938 | DEBUG    | src.parser | Images: 0 data-URI swapped to real src, 0 dropped
2026-06-27 10:49:24,939 | DEBUG    | src.parser | Content root: <body>
2026-06-27 10:49:24,945 | INFO     | src.parser | Parsed content: 1706 characters
2026-06-27 10:49:24,947 | DEBUG    | src.parser | Found 15 same-domain link(s)
2026-06-27 10:49:25,452 | INFO     | src.crawler | [4/100] depth 1: https://www.eldgja.is/is/gistingar/fyrirspurnir
2026-06-27 10:49:25,452 | INFO     | src.fetcher | Requesting https://www.eldgja.is/is/gistingar/fyrirspurnir
2026-06-27 10:49:25,550 | DEBUG    | src.fetcher | Response 200 in 0.10s (14619 bytes, text/html; charset=iso-8859-1, final URL: https://www.eldgja.is/is/gistingar/fyrirspurnir)
2026-06-27 10:49:25,558 | DEBUG    | src.parser | Removed 7 noise/banner element(s)
2026-06-27 10:49:25,558 | DEBUG    | src.parser | Images: 0 data-URI swapped to real src, 0 dropped
2026-06-27 10:49:25,559 | DEBUG    | src.parser | Content root: <body>
2026-06-27 10:49:25,567 | INFO     | src.parser | Parsed content: 1564 characters
2026-06-27 10:49:25,570 | DEBUG    | src.parser | Found 15 same-domain link(s)
2026-06-27 10:49:26,074 | INFO     | src.crawler | [5/100] depth 1: https://www.eldgja.is/is/gistingar/stadsetning
2026-06-27 10:49:26,074 | INFO     | src.fetcher | Requesting https://www.eldgja.is/is/gistingar/stadsetning
2026-06-27 10:49:26,174 | DEBUG    | src.fetcher | Response 200 in 0.10s (15568 bytes, text/html; charset=iso-8859-1, final URL: https://www.eldgja.is/is/gistingar/stadsetning)
2026-06-27 10:49:26,178 | DEBUG    | src.parser | Removed 7 noise/banner element(s)
2026-06-27 10:49:26,178 | DEBUG    | src.parser | Images: 0 data-URI swapped to real src, 0 dropped
2026-06-27 10:49:26,178 | DEBUG    | src.parser | Content root: <body>
2026-06-27 10:49:26,186 | INFO     | src.parser | Parsed content: 2161 characters
2026-06-27 10:49:26,189 | DEBUG    | src.parser | Found 15 same-domain link(s)
2026-06-27 10:49:26,690 | INFO     | src.crawler | [6/100] depth 1: https://www.eldgja.is/is/gistingar/frettir
2026-06-27 10:49:26,691 | INFO     | src.fetcher | Requesting https://www.eldgja.is/is/gistingar/frettir
2026-06-27 10:49:26,799 | DEBUG    | src.fetcher | Response 200 in 0.11s (16765 bytes, text/html; charset=iso-8859-1, final URL: https://www.eldgja.is/is/gistingar/frettir)
2026-06-27 10:49:26,803 | DEBUG    | src.parser | Removed 7 noise/banner element(s)
2026-06-27 10:49:26,803 | DEBUG    | src.parser | Images: 0 data-URI swapped to real src, 0 dropped
2026-06-27 10:49:26,804 | DEBUG    | src.parser | Content root: <body>
2026-06-27 10:49:26,810 | INFO     | src.parser | Parsed content: 3013 characters
2026-06-27 10:49:26,813 | DEBUG    | src.parser | Found 21 same-domain link(s)
2026-06-27 10:49:27,318 | INFO     | src.crawler | [7/100] depth 1: https://www.eldgja.is/is/akstur-og-truss
2026-06-27 10:49:27,319 | INFO     | src.fetcher | Requesting https://www.eldgja.is/is/akstur-og-truss
2026-06-27 10:49:27,418 | DEBUG    | src.fetcher | Response 200 in 0.10s (15148 bytes, text/html; charset=iso-8859-1, final URL: https://www.eldgja.is/is/akstur-og-truss)
2026-06-27 10:49:27,426 | DEBUG    | src.parser | Removed 7 noise/banner element(s)
2026-06-27 10:49:27,426 | DEBUG    | src.parser | Images: 0 data-URI swapped to real src, 0 dropped
2026-06-27 10:49:27,426 | DEBUG    | src.parser | Content root: <body>
2026-06-27 10:49:27,432 | INFO     | src.parser | Parsed content: 3312 characters
2026-06-27 10:49:27,435 | DEBUG    | src.parser | Found 15 same-domain link(s)
2026-06-27 10:49:27,940 | INFO     | src.crawler | [8/100] depth 1: https://www.eldgja.is/is/gistingar/frettir/getCalendarSummary
2026-06-27 10:49:27,940 | INFO     | src.fetcher | Requesting https://www.eldgja.is/is/gistingar/frettir/getCalendarSummary
2026-06-27 10:49:28,044 | DEBUG    | src.fetcher | Response 200 in 0.10s (14002 bytes, text/html; charset=iso-8859-1, final URL: https://www.eldgja.is/is/gistingar/frettir/getCalendarSummary)
2026-06-27 10:49:28,048 | DEBUG    | src.parser | Removed 7 noise/banner element(s)
2026-06-27 10:49:28,048 | DEBUG    | src.parser | Images: 0 data-URI swapped to real src, 0 dropped
2026-06-27 10:49:28,049 | DEBUG    | src.parser | Content root: <body>
2026-06-27 10:49:28,056 | INFO     | src.parser | Parsed content: 1615 characters
2026-06-27 10:49:28,060 | DEBUG    | src.parser | Found 20 same-domain link(s)
2026-06-27 10:49:28,565 | INFO     | src.crawler | [9/100] depth 1: https://www.eldgja.is/is/gistingar-1
2026-06-27 10:49:28,565 | INFO     | src.fetcher | Requesting https://www.eldgja.is/is/gistingar-1
2026-06-27 10:49:28,673 | DEBUG    | src.fetcher | Response 200 in 0.11s (14731 bytes, text/html; charset=iso-8859-1, final URL: https://www.eldgja.is/is/gistingar-1)
2026-06-27 10:49:28,681 | DEBUG    | src.parser | Removed 7 noise/banner element(s)
2026-06-27 10:49:28,681 | DEBUG    | src.parser | Images: 0 data-URI swapped to real src, 0 dropped
2026-06-27 10:49:28,681 | DEBUG    | src.parser | Content root: <body>
2026-06-27 10:49:28,687 | INFO     | src.parser | Parsed content: 2713 characters
2026-06-27 10:49:28,689 | DEBUG    | src.parser | Found 15 same-domain link(s)
2026-06-27 10:49:29,194 | INFO     | src.crawler | [10/100] depth 1: https://www.eldgja.is/is/gonguleidir
2026-06-27 10:49:29,194 | INFO     | src.fetcher | Requesting https://www.eldgja.is/is/gonguleidir
2026-06-27 10:49:29,296 | DEBUG    | src.fetcher | Response 200 in 0.10s (17467 bytes, text/html; charset=iso-8859-1, final URL: https://www.eldgja.is/is/gonguleidir)
2026-06-27 10:49:29,299 | DEBUG    | src.parser | Removed 7 noise/banner element(s)
2026-06-27 10:49:29,299 | DEBUG    | src.parser | Images: 0 data-URI swapped to real src, 0 dropped
2026-06-27 10:49:29,299 | DEBUG    | src.parser | Content root: <body>
2026-06-27 10:49:29,310 | INFO     | src.parser | Parsed content: 4110 characters
2026-06-27 10:49:29,313 | DEBUG    | src.parser | Found 16 same-domain link(s)
2026-06-27 10:49:29,818 | INFO     | src.crawler | [11/100] depth 1: https://www.eldgja.is/is/verskra
2026-06-27 10:49:29,818 | INFO     | src.fetcher | Requesting https://www.eldgja.is/is/verskra
2026-06-27 10:49:29,914 | DEBUG    | src.fetcher | Response 200 in 0.10s (16935 bytes, text/html; charset=iso-8859-1, final URL: https://www.eldgja.is/is/verskra)
2026-06-27 10:49:29,918 | DEBUG    | src.parser | Removed 7 noise/banner element(s)
2026-06-27 10:49:29,918 | DEBUG    | src.parser | Images: 0 data-URI swapped to real src, 0 dropped
2026-06-27 10:49:29,919 | DEBUG    | src.parser | Content root: <body>
2026-06-27 10:49:29,928 | INFO     | src.parser | Parsed content: 2704 characters
2026-06-27 10:49:29,932 | DEBUG    | src.parser | Found 15 same-domain link(s)
2026-06-27 10:49:30,433 | INFO     | src.crawler | [12/100] depth 1: https://www.eldgja.is/is/myndir
2026-06-27 10:49:30,434 | INFO     | src.fetcher | Requesting https://www.eldgja.is/is/myndir
2026-06-27 10:49:30,559 | DEBUG    | src.fetcher | Response 200 in 0.12s (15997 bytes, text/html; charset=iso-8859-1, final URL: https://www.eldgja.is/is/myndir)
2026-06-27 10:49:30,568 | DEBUG    | src.parser | Removed 7 noise/banner element(s)
2026-06-27 10:49:30,568 | DEBUG    | src.parser | Images: 0 data-URI swapped to real src, 0 dropped
2026-06-27 10:49:30,568 | DEBUG    | src.parser | Content root: <body>
2026-06-27 10:49:30,577 | INFO     | src.parser | Parsed content: 2334 characters
2026-06-27 10:49:30,580 | DEBUG    | src.parser | Found 22 same-domain link(s)
2026-06-27 10:49:31,082 | INFO     | src.crawler | [13/100] depth 1: https://www.eldgja.is/is/langisjor
2026-06-27 10:49:31,082 | INFO     | src.fetcher | Requesting https://www.eldgja.is/is/langisjor
2026-06-27 10:49:31,180 | DEBUG    | src.fetcher | Response 200 in 0.10s (18551 bytes, text/html; charset=iso-8859-1, final URL: https://www.eldgja.is/is/langisjor)
2026-06-27 10:49:31,184 | DEBUG    | src.parser | Removed 7 noise/banner element(s)
2026-06-27 10:49:31,184 | DEBUG    | src.parser | Images: 0 data-URI swapped to real src, 0 dropped
2026-06-27 10:49:31,184 | DEBUG    | src.parser | Content root: <body>
2026-06-27 10:49:31,190 | INFO     | src.parser | Parsed content: 6003 characters
2026-06-27 10:49:31,193 | DEBUG    | src.parser | Found 15 same-domain link(s)
2026-06-27 10:49:31,698 | INFO     | src.crawler | [14/100] depth 1: https://www.eldgja.is/is/gistingar
2026-06-27 10:49:31,698 | INFO     | src.fetcher | Requesting https://www.eldgja.is/is/gistingar
2026-06-27 10:49:31,909 | DEBUG    | src.fetcher | Response 200 in 0.21s (16644 bytes, text/html; charset=iso-8859-1, final URL: https://www.eldgja.is/is/gistingar/um-okkur)
2026-06-27 10:49:31,918 | DEBUG    | src.parser | Removed 7 noise/banner element(s)
2026-06-27 10:49:31,918 | DEBUG    | src.parser | Images: 0 data-URI swapped to real src, 0 dropped
2026-06-27 10:49:31,918 | DEBUG    | src.parser | Content root: <body>
2026-06-27 10:49:31,927 | INFO     | src.parser | Parsed content: 3143 characters
2026-06-27 10:49:31,930 | DEBUG    | src.parser | Found 15 same-domain link(s)
2026-06-27 10:49:32,435 | INFO     | src.crawler | [15/100] depth 1: https://www.eldgja.is/is/gistingar/um-okkur
2026-06-27 10:49:32,435 | INFO     | src.fetcher | Requesting https://www.eldgja.is/is/gistingar/um-okkur
2026-06-27 10:49:32,542 | DEBUG    | src.fetcher | Response 200 in 0.11s (16644 bytes, text/html; charset=iso-8859-1, final URL: https://www.eldgja.is/is/gistingar/um-okkur)
2026-06-27 10:49:32,549 | DEBUG    | src.parser | Removed 7 noise/banner element(s)
2026-06-27 10:49:32,549 | DEBUG    | src.parser | Images: 0 data-URI swapped to real src, 0 dropped
2026-06-27 10:49:32,550 | DEBUG    | src.parser | Content root: <body>
2026-06-27 10:49:32,559 | INFO     | src.parser | Parsed content: 3143 characters
2026-06-27 10:49:32,566 | DEBUG    | src.parser | Found 15 same-domain link(s)
2026-06-27 10:49:33,071 | INFO     | src.crawler | [16/100] depth 1: https://www.eldgja.is/is/gistingar/starfsfolk
2026-06-27 10:49:33,072 | INFO     | src.fetcher | Requesting https://www.eldgja.is/is/gistingar/starfsfolk
2026-06-27 10:49:33,175 | DEBUG    | src.fetcher | Response 200 in 0.10s (14626 bytes, text/html; charset=iso-8859-1, final URL: https://www.eldgja.is/is/gistingar/starfsfolk)
2026-06-27 10:49:33,179 | DEBUG    | src.parser | Removed 7 noise/banner element(s)
2026-06-27 10:49:33,179 | DEBUG    | src.parser | Images: 0 data-URI swapped to real src, 0 dropped
2026-06-27 10:49:33,179 | DEBUG    | src.parser | Content root: <body>
2026-06-27 10:49:33,185 | INFO     | src.parser | Parsed content: 1819 characters
2026-06-27 10:49:33,188 | DEBUG    | src.parser | Found 18 same-domain link(s)
2026-06-27 10:49:33,693 | INFO     | src.crawler | [17/100] depth 1: https://www.eldgja.is/en
2026-06-27 10:49:33,693 | INFO     | src.fetcher | Requesting https://www.eldgja.is/en
2026-06-27 10:49:33,797 | DEBUG    | src.fetcher | Response 200 in 0.10s (14465 bytes, text/html; charset=iso-8859-1, final URL: https://www.eldgja.is/en)
2026-06-27 10:49:33,805 | DEBUG    | src.parser | Removed 8 noise/banner element(s)
2026-06-27 10:49:33,805 | DEBUG    | src.parser | Images: 0 data-URI swapped to real src, 0 dropped
2026-06-27 10:49:33,805 | DEBUG    | src.parser | Content root: <body>
2026-06-27 10:49:33,811 | INFO     | src.parser | Parsed content: 2038 characters
2026-06-27 10:49:33,814 | DEBUG    | src.parser | Found 17 same-domain link(s)
2026-06-27 10:49:34,319 | INFO     | src.crawler | [18/100] depth 2: https://www.eldgja.is/is/gistingar/frettir/skaftarhlaup-glacier-flood
2026-06-27 10:49:34,319 | INFO     | src.fetcher | Requesting https://www.eldgja.is/is/gistingar/frettir/skaftarhlaup-glacier-flood
2026-06-27 10:49:34,419 | DEBUG    | src.fetcher | Response 200 in 0.10s (14851 bytes, text/html; charset=iso-8859-1, final URL: https://www.eldgja.is/is/gistingar/frettir/skaftarhlaup-glacier-flood)
2026-06-27 10:49:34,425 | DEBUG    | src.parser | Removed 7 noise/banner element(s)
2026-06-27 10:49:34,425 | DEBUG    | src.parser | Images: 0 data-URI swapped to real src, 0 dropped
2026-06-27 10:49:34,426 | DEBUG    | src.parser | Content root: <body>
2026-06-27 10:49:34,434 | INFO     | src.parser | Parsed content: 1730 characters
2026-06-27 10:49:34,437 | DEBUG    | src.parser | Found 16 same-domain link(s)
2026-06-27 10:49:34,943 | INFO     | src.crawler | [19/100] depth 2: https://www.eldgja.is/is/gistingar/frettir/gul-vidvorun-yellow-warning
2026-06-27 10:49:34,943 | INFO     | src.fetcher | Requesting https://www.eldgja.is/is/gistingar/frettir/gul-vidvorun-yellow-warning
2026-06-27 10:49:35,039 | DEBUG    | src.fetcher | Response 200 in 0.10s (14584 bytes, text/html; charset=iso-8859-1, final URL: https://www.eldgja.is/is/gistingar/frettir/gul-vidvorun-yellow-warning)
2026-06-27 10:49:35,042 | DEBUG    | src.parser | Removed 7 noise/banner element(s)
2026-06-27 10:49:35,043 | DEBUG    | src.parser | Images: 0 data-URI swapped to real src, 0 dropped
2026-06-27 10:49:35,043 | DEBUG    | src.parser | Content root: <body>
2026-06-27 10:49:35,050 | INFO     | src.parser | Parsed content: 1685 characters
2026-06-27 10:49:35,053 | DEBUG    | src.parser | Found 16 same-domain link(s)
2026-06-27 10:49:35,558 | INFO     | src.crawler | [20/100] depth 2: https://www.eldgja.is/is/gistingar/frettir/buid-er-ad-opna-aftur.-we-are-open-again
2026-06-27 10:49:35,558 | INFO     | src.fetcher | Requesting https://www.eldgja.is/is/gistingar/frettir/buid-er-ad-opna-aftur.-we-are-open-again
2026-06-27 10:49:35,651 | DEBUG    | src.fetcher | Response 200 in 0.09s (14644 bytes, text/html; charset=iso-8859-1, final URL: https://www.eldgja.is/is/gistingar/frettir/buid-er-ad-opna-aftur.-we-are-open-again)
2026-06-27 10:49:35,655 | DEBUG    | src.parser | Removed 7 noise/banner element(s)
2026-06-27 10:49:35,655 | DEBUG    | src.parser | Images: 0 data-URI swapped to real src, 0 dropped
2026-06-27 10:49:35,655 | DEBUG    | src.parser | Content root: <body>
2026-06-27 10:49:35,661 | INFO     | src.parser | Parsed content: 1711 characters
2026-06-27 10:49:35,663 | DEBUG    | src.parser | Found 16 same-domain link(s)
2026-06-27 10:49:36,168 | INFO     | src.crawler | [21/100] depth 2: https://www.eldgja.is/is/gistingar/frettir/volcano-eruption
2026-06-27 10:49:36,168 | INFO     | src.fetcher | Requesting https://www.eldgja.is/is/gistingar/frettir/volcano-eruption
2026-06-27 10:49:36,262 | DEBUG    | src.fetcher | Response 200 in 0.09s (15367 bytes, text/html; charset=iso-8859-1, final URL: https://www.eldgja.is/is/gistingar/frettir/volcano-eruption)
2026-06-27 10:49:36,269 | DEBUG    | src.parser | Removed 7 noise/banner element(s)
2026-06-27 10:49:36,269 | DEBUG    | src.parser | Images: 0 data-URI swapped to real src, 0 dropped
2026-06-27 10:49:36,270 | DEBUG    | src.parser | Content root: <body>
2026-06-27 10:49:36,280 | INFO     | src.parser | Parsed content: 1985 characters
2026-06-27 10:49:36,285 | DEBUG    | src.parser | Found 16 same-domain link(s)
2026-06-27 10:49:36,785 | INFO     | src.crawler | [22/100] depth 2: https://www.eldgja.is/is/gistingar/frettir/buid-er-ad-opna-veginn-inn-ad-langasjo-og-i-landmannalaugar-the-road-to-landmannalaugar-and-langisjor-is-open
2026-06-27 10:49:36,785 | INFO     | src.fetcher | Requesting https://www.eldgja.is/is/gistingar/frettir/buid-er-ad-opna-veginn-inn-ad-langasjo-og-i-landmannalaugar-the-road-to-landmannalaugar-and-langisjor-is-open
2026-06-27 10:49:36,898 | DEBUG    | src.fetcher | Response 200 in 0.11s (15048 bytes, text/html; charset=iso-8859-1, final URL: https://www.eldgja.is/is/gistingar/frettir/buid-er-ad-opna-veginn-inn-ad-langasjo-og-i-landmannalaugar-the-road-to-landmannalaugar-and-langisjor-is-open)
2026-06-27 10:49:36,905 | DEBUG    | src.parser | Removed 7 noise/banner element(s)
2026-06-27 10:49:36,905 | DEBUG    | src.parser | Images: 0 data-URI swapped to real src, 0 dropped
2026-06-27 10:49:36,905 | DEBUG    | src.parser | Content root: <body>
2026-06-27 10:49:36,912 | INFO     | src.parser | Parsed content: 1835 characters
2026-06-27 10:49:36,914 | DEBUG    | src.parser | Found 16 same-domain link(s)
2026-06-27 10:49:37,416 | INFO     | src.crawler | [23/100] depth 2: https://www.eldgja.is/is/gistingar/frettir/getAllItems
2026-06-27 10:49:37,416 | INFO     | src.fetcher | Requesting https://www.eldgja.is/is/gistingar/frettir/getAllItems
2026-06-27 10:49:37,519 | DEBUG    | src.fetcher | Response 200 in 0.10s (16801 bytes, text/html; charset=iso-8859-1, final URL: https://www.eldgja.is/is/gistingar/frettir/getAllItems)
2026-06-27 10:49:37,525 | DEBUG    | src.parser | Removed 7 noise/banner element(s)
2026-06-27 10:49:37,525 | DEBUG    | src.parser | Images: 0 data-URI swapped to real src, 0 dropped
2026-06-27 10:49:37,525 | DEBUG    | src.parser | Content root: <body>
2026-06-27 10:49:37,532 | INFO     | src.parser | Parsed content: 2339 characters
2026-06-27 10:49:37,535 | DEBUG    | src.parser | Found 29 same-domain link(s)
2026-06-27 10:49:38,041 | INFO     | src.crawler | [24/100] depth 2: https://www.eldgja.is/is/gistingar/frettir/getCalendarSummary?sort=day&current=0
2026-06-27 10:49:38,041 | INFO     | src.fetcher | Requesting https://www.eldgja.is/is/gistingar/frettir/getCalendarSummary?sort=day&current=0
2026-06-27 10:49:38,142 | DEBUG    | src.fetcher | Response 200 in 0.10s (14025 bytes, text/html; charset=iso-8859-1, final URL: https://www.eldgja.is/is/gistingar/frettir/getCalendarSummary?sort=day&current=0)
2026-06-27 10:49:38,145 | DEBUG    | src.parser | Removed 7 noise/banner element(s)
2026-06-27 10:49:38,145 | DEBUG    | src.parser | Images: 0 data-URI swapped to real src, 0 dropped
2026-06-27 10:49:38,145 | DEBUG    | src.parser | Content root: <body>
2026-06-27 10:49:38,152 | INFO     | src.parser | Parsed content: 1615 characters
2026-06-27 10:49:38,155 | DEBUG    | src.parser | Found 19 same-domain link(s)
2026-06-27 10:49:38,658 | INFO     | src.crawler | [25/100] depth 2: https://www.eldgja.is/is/gistingar/frettir/getCalendarSummary?sort=week&current=0
2026-06-27 10:49:38,658 | INFO     | src.fetcher | Requesting https://www.eldgja.is/is/gistingar/frettir/getCalendarSummary?sort=week&current=0
2026-06-27 10:49:38,752 | DEBUG    | src.fetcher | Response 200 in 0.09s (14026 bytes, text/html; charset=iso-8859-1, final URL: https://www.eldgja.is/is/gistingar/frettir/getCalendarSummary?sort=week&current=0)
2026-06-27 10:49:38,756 | DEBUG    | src.parser | Removed 7 noise/banner element(s)
2026-06-27 10:49:38,756 | DEBUG    | src.parser | Images: 0 data-URI swapped to real src, 0 dropped
2026-06-27 10:49:38,757 | DEBUG    | src.parser | Content root: <body>
2026-06-27 10:49:38,764 | INFO     | src.parser | Parsed content: 1615 characters
2026-06-27 10:49:38,767 | DEBUG    | src.parser | Found 19 same-domain link(s)
2026-06-27 10:49:39,268 | INFO     | src.crawler | [26/100] depth 2: https://www.eldgja.is/is/gistingar/frettir/getCalendarSummary?sort=month&current=0
2026-06-27 10:49:39,268 | INFO     | src.fetcher | Requesting https://www.eldgja.is/is/gistingar/frettir/getCalendarSummary?sort=month&current=0
2026-06-27 10:49:39,362 | DEBUG    | src.fetcher | Response 200 in 0.09s (14027 bytes, text/html; charset=iso-8859-1, final URL: https://www.eldgja.is/is/gistingar/frettir/getCalendarSummary?sort=month&current=0)
2026-06-27 10:49:39,370 | DEBUG    | src.parser | Removed 7 noise/banner element(s)
2026-06-27 10:49:39,370 | DEBUG    | src.parser | Images: 0 data-URI swapped to real src, 0 dropped
2026-06-27 10:49:39,370 | DEBUG    | src.parser | Content root: <body>
2026-06-27 10:49:39,378 | INFO     | src.parser | Parsed content: 1615 characters
2026-06-27 10:49:39,381 | DEBUG    | src.parser | Found 19 same-domain link(s)
2026-06-27 10:49:39,887 | INFO     | src.crawler | [27/100] depth 2: https://www.eldgja.is/is/gistingar/frettir/getCalendarSummary?sort=year&current=0
2026-06-27 10:49:39,887 | INFO     | src.fetcher | Requesting https://www.eldgja.is/is/gistingar/frettir/getCalendarSummary?sort=year&current=0
2026-06-27 10:49:39,989 | DEBUG    | src.fetcher | Response 200 in 0.10s (14026 bytes, text/html; charset=iso-8859-1, final URL: https://www.eldgja.is/is/gistingar/frettir/getCalendarSummary?sort=year&current=0)
2026-06-27 10:49:39,998 | DEBUG    | src.parser | Removed 7 noise/banner element(s)
2026-06-27 10:49:39,998 | DEBUG    | src.parser | Images: 0 data-URI swapped to real src, 0 dropped
2026-06-27 10:49:39,998 | DEBUG    | src.parser | Content root: <body>
2026-06-27 10:49:40,004 | INFO     | src.parser | Parsed content: 1615 characters
2026-06-27 10:49:40,006 | DEBUG    | src.parser | Found 19 same-domain link(s)
2026-06-27 10:49:40,511 | INFO     | src.crawler | [28/100] depth 2: http://www.eldgja.is/is/myndir/kort/g-ngulei-ir-fr-h-laskj-li1
2026-06-27 10:49:40,511 | INFO     | src.fetcher | Requesting http://www.eldgja.is/is/myndir/kort/g-ngulei-ir-fr-h-laskj-li1
2026-06-27 10:49:40,644 | DEBUG    | src.fetcher | Response 200 in 0.13s (13442 bytes, text/html; charset=iso-8859-1, final URL: https://www.eldgja.is/is/myndir/kort/g-ngulei-ir-fr-h-laskj-li1)
2026-06-27 10:49:40,661 | DEBUG    | src.parser | Removed 7 noise/banner element(s)
2026-06-27 10:49:40,662 | DEBUG    | src.parser | Images: 0 data-URI swapped to real src, 0 dropped
2026-06-27 10:49:40,662 | DEBUG    | src.parser | Content root: <body>
2026-06-27 10:49:40,671 | INFO     | src.parser | Parsed content: 1632 characters
2026-06-27 10:49:40,675 | DEBUG    | src.parser | Found 17 same-domain link(s)
2026-06-27 10:49:41,180 | INFO     | src.crawler | [29/100] depth 2: https://www.eldgja.is/is/myndir/kort
2026-06-27 10:49:41,180 | INFO     | src.fetcher | Requesting https://www.eldgja.is/is/myndir/kort
2026-06-27 10:49:41,287 | DEBUG    | src.fetcher | Response 200 in 0.11s (13299 bytes, text/html; charset=iso-8859-1, final URL: https://www.eldgja.is/is/myndir/kort)
2026-06-27 10:49:41,296 | DEBUG    | src.parser | Removed 7 noise/banner element(s)
2026-06-27 10:49:41,296 | DEBUG    | src.parser | Images: 0 data-URI swapped to real src, 0 dropped
2026-06-27 10:49:41,296 | DEBUG    | src.parser | Content root: <body>
2026-06-27 10:49:41,302 | INFO     | src.parser | Parsed content: 1543 characters
2026-06-27 10:49:41,305 | DEBUG    | src.parser | Found 17 same-domain link(s)
2026-06-27 10:49:41,810 | INFO     | src.crawler | [30/100] depth 2: https://www.eldgja.is/is/myndir/skali-uppi
2026-06-27 10:49:41,810 | INFO     | src.fetcher | Requesting https://www.eldgja.is/is/myndir/skali-uppi
2026-06-27 10:49:41,915 | DEBUG    | src.fetcher | Response 200 in 0.10s (13911 bytes, text/html; charset=iso-8859-1, final URL: https://www.eldgja.is/is/myndir/skali-uppi)
2026-06-27 10:49:41,923 | DEBUG    | src.parser | Removed 7 noise/banner element(s)
2026-06-27 10:49:41,923 | DEBUG    | src.parser | Images: 0 data-URI swapped to real src, 0 dropped
2026-06-27 10:49:41,924 | DEBUG    | src.parser | Content root: <body>
2026-06-27 10:49:41,929 | INFO     | src.parser | Parsed content: 1720 characters
2026-06-27 10:49:41,932 | DEBUG    | src.parser | Found 16 same-domain link(s)
2026-06-27 10:49:42,437 | INFO     | src.crawler | [31/100] depth 2: https://www.eldgja.is/is/myndir/eldgja
2026-06-27 10:49:42,437 | INFO     | src.fetcher | Requesting https://www.eldgja.is/is/myndir/eldgja
2026-06-27 10:49:42,551 | DEBUG    | src.fetcher | Response 200 in 0.11s (13572 bytes, text/html; charset=iso-8859-1, final URL: https://www.eldgja.is/is/myndir/eldgja)
2026-06-27 10:49:42,559 | DEBUG    | src.parser | Removed 7 noise/banner element(s)
2026-06-27 10:49:42,559 | DEBUG    | src.parser | Images: 0 data-URI swapped to real src, 0 dropped
2026-06-27 10:49:42,560 | DEBUG    | src.parser | Content root: <body>
2026-06-27 10:49:42,569 | INFO     | src.parser | Parsed content: 1605 characters
2026-06-27 10:49:42,572 | DEBUG    | src.parser | Found 16 same-domain link(s)
2026-06-27 10:49:43,078 | INFO     | src.crawler | [32/100] depth 2: https://www.eldgja.is/is/myndir/sveinstindur-og-langisjor
2026-06-27 10:49:43,078 | INFO     | src.fetcher | Requesting https://www.eldgja.is/is/myndir/sveinstindur-og-langisjor
2026-06-27 10:49:43,194 | DEBUG    | src.fetcher | Response 200 in 0.12s (19341 bytes, text/html; charset=iso-8859-1, final URL: https://www.eldgja.is/is/myndir/sveinstindur-og-langisjor)
2026-06-27 10:49:43,202 | DEBUG    | src.parser | Removed 7 noise/banner element(s)
2026-06-27 10:49:43,202 | DEBUG    | src.parser | Images: 0 data-URI swapped to real src, 0 dropped
2026-06-27 10:49:43,202 | DEBUG    | src.parser | Content root: <body>
2026-06-27 10:49:43,208 | INFO     | src.parser | Parsed content: 3621 characters
2026-06-27 10:49:43,211 | DEBUG    | src.parser | Found 17 same-domain link(s)
2026-06-27 10:49:43,715 | INFO     | src.crawler | [33/100] depth 2: https://www.eldgja.is/is/myndir/holaskjol-og-nagreni.
2026-06-27 10:49:43,715 | INFO     | src.fetcher | Requesting https://www.eldgja.is/is/myndir/holaskjol-og-nagreni.
2026-06-27 10:49:43,825 | DEBUG    | src.fetcher | Response 200 in 0.11s (18519 bytes, text/html; charset=iso-8859-1, final URL: https://www.eldgja.is/is/myndir/holaskjol-og-nagreni.)
2026-06-27 10:49:43,833 | DEBUG    | src.parser | Removed 7 noise/banner element(s)
2026-06-27 10:49:43,834 | DEBUG    | src.parser | Images: 0 data-URI swapped to real src, 0 dropped
2026-06-27 10:49:43,834 | DEBUG    | src.parser | Content root: <body>
2026-06-27 10:49:43,841 | INFO     | src.parser | Parsed content: 3208 characters
2026-06-27 10:49:43,844 | DEBUG    | src.parser | Found 17 same-domain link(s)
2026-06-27 10:49:44,349 | INFO     | src.crawler | [34/100] depth 2: https://www.eldgja.is/is/myndir/skaelingar
2026-06-27 10:49:44,349 | INFO     | src.fetcher | Requesting https://www.eldgja.is/is/myndir/skaelingar
2026-06-27 10:49:44,449 | DEBUG    | src.fetcher | Response 200 in 0.10s (13861 bytes, text/html; charset=iso-8859-1, final URL: https://www.eldgja.is/is/myndir/skaelingar)
2026-06-27 10:49:44,457 | DEBUG    | src.parser | Removed 7 noise/banner element(s)
2026-06-27 10:49:44,457 | DEBUG    | src.parser | Images: 0 data-URI swapped to real src, 0 dropped
2026-06-27 10:49:44,457 | DEBUG    | src.parser | Content root: <body>
2026-06-27 10:49:44,466 | INFO     | src.parser | Parsed content: 1700 characters
2026-06-27 10:49:44,468 | DEBUG    | src.parser | Found 16 same-domain link(s)
2026-06-27 10:49:44,973 | INFO     | src.crawler | [35/100] depth 2: https://www.eldgja.is/is/myndir/vinnumyndir
2026-06-27 10:49:44,973 | INFO     | src.fetcher | Requesting https://www.eldgja.is/is/myndir/vinnumyndir
2026-06-27 10:49:45,078 | DEBUG    | src.fetcher | Response 200 in 0.10s (15131 bytes, text/html; charset=iso-8859-1, final URL: https://www.eldgja.is/is/myndir/vinnumyndir)
2026-06-27 10:49:45,085 | DEBUG    | src.parser | Removed 7 noise/banner element(s)
2026-06-27 10:49:45,085 | DEBUG    | src.parser | Images: 0 data-URI swapped to real src, 0 dropped
2026-06-27 10:49:45,085 | DEBUG    | src.parser | Content root: <body>
2026-06-27 10:49:45,096 | INFO     | src.parser | Parsed content: 2213 characters
2026-06-27 10:49:45,100 | DEBUG    | src.parser | Found 16 same-domain link(s)
2026-06-27 10:49:45,605 | INFO     | src.crawler | [36/100] depth 2: https://www.eldgja.is/is/gistingar/starfsfolk/aslaug-asgeirsdottir
2026-06-27 10:49:45,606 | INFO     | src.fetcher | Requesting https://www.eldgja.is/is/gistingar/starfsfolk/aslaug-asgeirsdottir
2026-06-27 10:49:45,703 | DEBUG    | src.fetcher | Response 200 in 0.10s (14230 bytes, text/html; charset=iso-8859-1, final URL: https://www.eldgja.is/is/gistingar/starfsfolk/aslaug-asgeirsdottir)
2026-06-27 10:49:45,712 | DEBUG    | src.parser | Removed 7 noise/banner element(s)
2026-06-27 10:49:45,712 | DEBUG    | src.parser | Images: 0 data-URI swapped to real src, 0 dropped
2026-06-27 10:49:45,712 | DEBUG    | src.parser | Content root: <body>
2026-06-27 10:49:45,717 | INFO     | src.parser | Parsed content: 1740 characters
2026-06-27 10:49:45,720 | DEBUG    | src.parser | Found 16 same-domain link(s)
2026-06-27 10:49:46,225 | INFO     | src.crawler | [37/100] depth 2: https://www.eldgja.is/is/gistingar/starfsfolk/arora-bryndis-asgeirsdottir
2026-06-27 10:49:46,225 | INFO     | src.fetcher | Requesting https://www.eldgja.is/is/gistingar/starfsfolk/arora-bryndis-asgeirsdottir
2026-06-27 10:49:46,325 | DEBUG    | src.fetcher | Response 200 in 0.10s (14134 bytes, text/html; charset=iso-8859-1, final URL: https://www.eldgja.is/is/gistingar/starfsfolk/arora-bryndis-asgeirsdottir)
2026-06-27 10:49:46,333 | DEBUG    | src.parser | Removed 7 noise/banner element(s)
2026-06-27 10:49:46,333 | DEBUG    | src.parser | Images: 0 data-URI swapped to real src, 0 dropped
2026-06-27 10:49:46,333 | DEBUG    | src.parser | Content root: <body>
2026-06-27 10:49:46,339 | INFO     | src.parser | Parsed content: 1747 characters
2026-06-27 10:49:46,341 | DEBUG    | src.parser | Found 16 same-domain link(s)
2026-06-27 10:49:46,846 | INFO     | src.crawler | [38/100] depth 2: https://www.eldgja.is/is/gistingar/starfsfolk/sigurlaug-sol-gudfinnsdottir
2026-06-27 10:49:46,846 | INFO     | src.fetcher | Requesting https://www.eldgja.is/is/gistingar/starfsfolk/sigurlaug-sol-gudfinnsdottir
2026-06-27 10:49:46,952 | DEBUG    | src.fetcher | Response 200 in 0.11s (14126 bytes, text/html; charset=iso-8859-1, final URL: https://www.eldgja.is/is/gistingar/starfsfolk/sigurlaug-sol-gudfinnsdottir)
2026-06-27 10:49:46,960 | DEBUG    | src.parser | Removed 7 noise/banner element(s)
2026-06-27 10:49:46,960 | DEBUG    | src.parser | Images: 0 data-URI swapped to real src, 0 dropped
2026-06-27 10:49:46,961 | DEBUG    | src.parser | Content root: <body>
2026-06-27 10:49:46,970 | INFO     | src.parser | Parsed content: 1753 characters
2026-06-27 10:49:46,974 | DEBUG    | src.parser | Found 16 same-domain link(s)
2026-06-27 10:49:47,479 | INFO     | src.crawler | [39/100] depth 2: https://www.eldgja.is/en/sitemap
2026-06-27 10:49:47,479 | INFO     | src.fetcher | Requesting https://www.eldgja.is/en/sitemap
2026-06-27 10:49:47,580 | DEBUG    | src.fetcher | Response 200 in 0.10s (13739 bytes, text/html; charset=iso-8859-1, final URL: https://www.eldgja.is/en/sitemap)
2026-06-27 10:49:47,588 | DEBUG    | src.parser | Removed 9 noise/banner element(s)
2026-06-27 10:49:47,589 | DEBUG    | src.parser | Images: 0 data-URI swapped to real src, 0 dropped
2026-06-27 10:49:47,589 | DEBUG    | src.parser | Content root: <body>
2026-06-27 10:49:47,595 | INFO     | src.parser | Parsed content: 1563 characters
2026-06-27 10:49:47,598 | DEBUG    | src.parser | Found 16 same-domain link(s)
2026-06-27 10:49:48,103 | INFO     | src.crawler | [40/100] depth 2: https://www.eldgja.is/en/about-us/contact
2026-06-27 10:49:48,103 | INFO     | src.fetcher | Requesting https://www.eldgja.is/en/about-us/contact
2026-06-27 10:49:48,206 | DEBUG    | src.fetcher | Response 200 in 0.10s (14979 bytes, text/html; charset=iso-8859-1, final URL: https://www.eldgja.is/en/about-us/contact)
2026-06-27 10:49:48,214 | DEBUG    | src.parser | Removed 10 noise/banner element(s)
2026-06-27 10:49:48,214 | DEBUG    | src.parser | Images: 0 data-URI swapped to real src, 0 dropped
2026-06-27 10:49:48,214 | DEBUG    | src.parser | Content root: <body>
2026-06-27 10:49:48,219 | INFO     | src.parser | Parsed content: 1623 characters
2026-06-27 10:49:48,224 | DEBUG    | src.parser | Found 16 same-domain link(s)
2026-06-27 10:49:48,729 | INFO     | src.crawler | [41/100] depth 2: https://www.eldgja.is/en/moya/news/getCalendarSummary
2026-06-27 10:49:48,729 | INFO     | src.fetcher | Requesting https://www.eldgja.is/en/moya/news/getCalendarSummary
2026-06-27 10:49:48,829 | DEBUG    | src.fetcher | Response 200 in 0.10s (12764 bytes, text/html; charset=iso-8859-1, final URL: https://www.eldgja.is/en/moya/news/getCalendarSummary)
2026-06-27 10:49:48,840 | DEBUG    | src.parser | Removed 8 noise/banner element(s)
2026-06-27 10:49:48,840 | DEBUG    | src.parser | Images: 0 data-URI swapped to real src, 0 dropped
2026-06-27 10:49:48,841 | DEBUG    | src.parser | Content root: <body>
2026-06-27 10:49:48,851 | INFO     | src.parser | Parsed content: 1546 characters
2026-06-27 10:49:48,854 | DEBUG    | src.parser | Found 21 same-domain link(s)
2026-06-27 10:49:49,357 | INFO     | src.crawler | [42/100] depth 2: https://www.eldgja.is/en/accommodation
2026-06-27 10:49:49,358 | INFO     | src.fetcher | Requesting https://www.eldgja.is/en/accommodation
2026-06-27 10:49:49,464 | DEBUG    | src.fetcher | Response 200 in 0.11s (14764 bytes, text/html; charset=iso-8859-1, final URL: https://www.eldgja.is/en/accommodation)
2026-06-27 10:49:49,473 | DEBUG    | src.parser | Removed 8 noise/banner element(s)
2026-06-27 10:49:49,473 | DEBUG    | src.parser | Images: 0 data-URI swapped to real src, 0 dropped
2026-06-27 10:49:49,473 | DEBUG    | src.parser | Content root: <body>
2026-06-27 10:49:49,478 | INFO     | src.parser | Parsed content: 3135 characters
2026-06-27 10:49:49,480 | DEBUG    | src.parser | Found 16 same-domain link(s)
2026-06-27 10:49:49,985 | INFO     | src.crawler | [43/100] depth 2: https://www.eldgja.is/en/hiking
2026-06-27 10:49:49,985 | INFO     | src.fetcher | Requesting https://www.eldgja.is/en/hiking
2026-06-27 10:49:50,090 | DEBUG    | src.fetcher | Response 200 in 0.10s (17477 bytes, text/html; charset=iso-8859-1, final URL: https://www.eldgja.is/en/hiking)
2026-06-27 10:49:50,099 | DEBUG    | src.parser | Removed 8 noise/banner element(s)
2026-06-27 10:49:50,100 | DEBUG    | src.parser | Images: 0 data-URI swapped to real src, 0 dropped
2026-06-27 10:49:50,100 | DEBUG    | src.parser | Content root: <body>
2026-06-27 10:49:50,113 | INFO     | src.parser | Parsed content: 5775 characters
2026-06-27 10:49:50,116 | DEBUG    | src.parser | Found 16 same-domain link(s)
2026-06-27 10:49:50,621 | INFO     | src.crawler | [44/100] depth 2: https://www.eldgja.is/en/prices
2026-06-27 10:49:50,621 | INFO     | src.fetcher | Requesting https://www.eldgja.is/en/prices
2026-06-27 10:49:50,725 | DEBUG    | src.fetcher | Response 200 in 0.10s (15100 bytes, text/html; charset=iso-8859-1, final URL: https://www.eldgja.is/en/prices)
2026-06-27 10:49:50,737 | DEBUG    | src.parser | Removed 8 noise/banner element(s)
2026-06-27 10:49:50,737 | DEBUG    | src.parser | Images: 0 data-URI swapped to real src, 0 dropped
2026-06-27 10:49:50,737 | DEBUG    | src.parser | Content root: <body>
2026-06-27 10:49:50,745 | INFO     | src.parser | Parsed content: 2663 characters
2026-06-27 10:49:50,748 | DEBUG    | src.parser | Found 16 same-domain link(s)
2026-06-27 10:49:51,251 | INFO     | src.crawler | [45/100] depth 2: https://www.eldgja.is/en/photos
2026-06-27 10:49:51,252 | INFO     | src.fetcher | Requesting https://www.eldgja.is/en/photos
2026-06-27 10:49:51,367 | DEBUG    | src.fetcher | Response 200 in 0.11s (15227 bytes, text/html; charset=iso-8859-1, final URL: https://www.eldgja.is/en/photos)
2026-06-27 10:49:51,373 | DEBUG    | src.parser | Removed 8 noise/banner element(s)
2026-06-27 10:49:51,373 | DEBUG    | src.parser | Images: 0 data-URI swapped to real src, 0 dropped
2026-06-27 10:49:51,373 | DEBUG    | src.parser | Content root: <body>
2026-06-27 10:49:51,384 | INFO     | src.parser | Parsed content: 2199 characters
2026-06-27 10:49:51,388 | DEBUG    | src.parser | Found 23 same-domain link(s)
2026-06-27 10:49:51,892 | INFO     | src.crawler | [46/100] depth 2: https://www.eldgja.is/en/langisjor
2026-06-27 10:49:51,893 | INFO     | src.fetcher | Requesting https://www.eldgja.is/en/langisjor
2026-06-27 10:49:52,015 | DEBUG    | src.fetcher | Response 200 in 0.12s (20450 bytes, text/html; charset=iso-8859-1, final URL: https://www.eldgja.is/en/langisjor)
2026-06-27 10:49:52,025 | DEBUG    | src.parser | Removed 8 noise/banner element(s)
2026-06-27 10:49:52,025 | DEBUG    | src.parser | Images: 0 data-URI swapped to real src, 0 dropped
2026-06-27 10:49:52,026 | DEBUG    | src.parser | Content root: <body>
2026-06-27 10:49:52,032 | INFO     | src.parser | Parsed content: 6248 characters
2026-06-27 10:49:52,035 | DEBUG    | src.parser | Found 17 same-domain link(s)
2026-06-27 10:49:52,540 | INFO     | src.crawler | [47/100] depth 2: https://www.eldgja.is/en/about-us
2026-06-27 10:49:52,541 | INFO     | src.fetcher | Requesting https://www.eldgja.is/en/about-us
2026-06-27 10:49:52,758 | DEBUG    | src.fetcher | Response 200 in 0.22s (15112 bytes, text/html; charset=iso-8859-1, final URL: https://www.eldgja.is/en/about-us/about-us-1)
2026-06-27 10:49:52,766 | DEBUG    | src.parser | Removed 8 noise/banner element(s)
2026-06-27 10:49:52,766 | DEBUG    | src.parser | Images: 0 data-URI swapped to real src, 0 dropped
2026-06-27 10:49:52,766 | DEBUG    | src.parser | Content root: <body>
2026-06-27 10:49:52,772 | INFO     | src.parser | Parsed content: 2677 characters
2026-06-27 10:49:52,774 | DEBUG    | src.parser | Found 16 same-domain link(s)
2026-06-27 10:49:53,278 | INFO     | src.crawler | [48/100] depth 2: https://www.eldgja.is/en/about-us/about-us-1
2026-06-27 10:49:53,278 | INFO     | src.fetcher | Requesting https://www.eldgja.is/en/about-us/about-us-1
2026-06-27 10:49:53,384 | DEBUG    | src.fetcher | Response 200 in 0.11s (15112 bytes, text/html; charset=iso-8859-1, final URL: https://www.eldgja.is/en/about-us/about-us-1)
2026-06-27 10:49:53,395 | DEBUG    | src.parser | Removed 8 noise/banner element(s)
2026-06-27 10:49:53,395 | DEBUG    | src.parser | Images: 0 data-URI swapped to real src, 0 dropped
2026-06-27 10:49:53,396 | DEBUG    | src.parser | Content root: <body>
2026-06-27 10:49:53,407 | INFO     | src.parser | Parsed content: 2677 characters
2026-06-27 10:49:53,411 | DEBUG    | src.parser | Found 16 same-domain link(s)
2026-06-27 10:49:53,916 | INFO     | src.crawler | [49/100] depth 2: https://www.eldgja.is/en/about-us/employees
2026-06-27 10:49:53,916 | INFO     | src.fetcher | Requesting https://www.eldgja.is/en/about-us/employees
2026-06-27 10:49:54,023 | DEBUG    | src.fetcher | Response 200 in 0.11s (13796 bytes, text/html; charset=iso-8859-1, final URL: https://www.eldgja.is/en/about-us/employees)
2026-06-27 10:49:54,031 | DEBUG    | src.parser | Removed 8 noise/banner element(s)
2026-06-27 10:49:54,031 | DEBUG    | src.parser | Images: 0 data-URI swapped to real src, 0 dropped
2026-06-27 10:49:54,031 | DEBUG    | src.parser | Content root: <body>
2026-06-27 10:49:54,037 | INFO     | src.parser | Parsed content: 1674 characters
2026-06-27 10:49:54,042 | DEBUG    | src.parser | Found 19 same-domain link(s)
2026-06-27 10:49:54,547 | INFO     | src.crawler | [50/100] depth 2: https://www.eldgja.is/en/about-us/location
2026-06-27 10:49:54,547 | INFO     | src.fetcher | Requesting https://www.eldgja.is/en/about-us/location
2026-06-27 10:49:54,649 | DEBUG    | src.fetcher | Response 200 in 0.10s (14738 bytes, text/html; charset=iso-8859-1, final URL: https://www.eldgja.is/en/about-us/location)
2026-06-27 10:49:54,664 | DEBUG    | src.parser | Removed 8 noise/banner element(s)
2026-06-27 10:49:54,664 | DEBUG    | src.parser | Images: 0 data-URI swapped to real src, 0 dropped
2026-06-27 10:49:54,664 | DEBUG    | src.parser | Content root: <body>
2026-06-27 10:49:54,669 | INFO     | src.parser | Parsed content: 2143 characters
2026-06-27 10:49:54,672 | DEBUG    | src.parser | Found 16 same-domain link(s)
2026-06-27 10:49:55,175 | INFO     | src.crawler | [51/100] depth 2: https://www.eldgja.is/en/tours
2026-06-27 10:49:55,176 | INFO     | src.fetcher | Requesting https://www.eldgja.is/en/tours
2026-06-27 10:49:55,283 | DEBUG    | src.fetcher | Response 200 in 0.11s (16391 bytes, text/html; charset=iso-8859-1, final URL: https://www.eldgja.is/en/tours)
2026-06-27 10:49:55,291 | DEBUG    | src.parser | Removed 8 noise/banner element(s)
2026-06-27 10:49:55,291 | DEBUG    | src.parser | Images: 0 data-URI swapped to real src, 0 dropped
2026-06-27 10:49:55,291 | DEBUG    | src.parser | Content root: <body>
2026-06-27 10:49:55,300 | INFO     | src.parser | Parsed content: 3670 characters
2026-06-27 10:49:55,304 | DEBUG    | src.parser | Found 17 same-domain link(s)
2026-06-27 10:49:55,809 | INFO     | src.crawler | [52/100] depth 3: https://www.eldgja.is/is/gistingar/frettir/getAllItems/1/skaftarhlaup-glacier-flood
2026-06-27 10:49:55,809 | INFO     | src.fetcher | Requesting https://www.eldgja.is/is/gistingar/frettir/getAllItems/1/skaftarhlaup-glacier-flood
2026-06-27 10:49:55,910 | DEBUG    | src.fetcher | Response 200 in 0.10s (14883 bytes, text/html; charset=iso-8859-1, final URL: https://www.eldgja.is/is/gistingar/frettir/getAllItems/1/skaftarhlaup-glacier-flood)
2026-06-27 10:49:55,920 | DEBUG    | src.parser | Removed 7 noise/banner element(s)
2026-06-27 10:49:55,920 | DEBUG    | src.parser | Images: 0 data-URI swapped to real src, 0 dropped
2026-06-27 10:49:55,920 | DEBUG    | src.parser | Content root: <body>
2026-06-27 10:49:55,925 | INFO     | src.parser | Parsed content: 1730 characters
2026-06-27 10:49:55,928 | DEBUG    | src.parser | Found 16 same-domain link(s)
2026-06-27 10:49:56,433 | INFO     | src.crawler | [53/100] depth 3: https://www.eldgja.is/is/gistingar/frettir/getAllItems/1/gul-vidvorun-yellow-warning
2026-06-27 10:49:56,433 | INFO     | src.fetcher | Requesting https://www.eldgja.is/is/gistingar/frettir/getAllItems/1/gul-vidvorun-yellow-warning
2026-06-27 10:49:56,534 | DEBUG    | src.fetcher | Response 200 in 0.10s (14616 bytes, text/html; charset=iso-8859-1, final URL: https://www.eldgja.is/is/gistingar/frettir/getAllItems/1/gul-vidvorun-yellow-warning)
2026-06-27 10:49:56,541 | DEBUG    | src.parser | Removed 7 noise/banner element(s)
2026-06-27 10:49:56,542 | DEBUG    | src.parser | Images: 0 data-URI swapped to real src, 0 dropped
2026-06-27 10:49:56,542 | DEBUG    | src.parser | Content root: <body>
2026-06-27 10:49:56,548 | INFO     | src.parser | Parsed content: 1685 characters
2026-06-27 10:49:56,551 | DEBUG    | src.parser | Found 16 same-domain link(s)
2026-06-27 10:49:57,056 | INFO     | src.crawler | [54/100] depth 3: https://www.eldgja.is/is/gistingar/frettir/getAllItems/1/buid-er-ad-opna-aftur.-we-are-open-again
2026-06-27 10:49:57,057 | INFO     | src.fetcher | Requesting https://www.eldgja.is/is/gistingar/frettir/getAllItems/1/buid-er-ad-opna-aftur.-we-are-open-again
2026-06-27 10:49:57,160 | DEBUG    | src.fetcher | Response 200 in 0.10s (14676 bytes, text/html; charset=iso-8859-1, final URL: https://www.eldgja.is/is/gistingar/frettir/getAllItems/1/buid-er-ad-opna-aftur.-we-are-open-again)
2026-06-27 10:49:57,170 | DEBUG    | src.parser | Removed 7 noise/banner element(s)
2026-06-27 10:49:57,171 | DEBUG    | src.parser | Images: 0 data-URI swapped to real src, 0 dropped
2026-06-27 10:49:57,171 | DEBUG    | src.parser | Content root: <body>
2026-06-27 10:49:57,182 | INFO     | src.parser | Parsed content: 1711 characters
2026-06-27 10:49:57,186 | DEBUG    | src.parser | Found 16 same-domain link(s)
2026-06-27 10:49:57,691 | INFO     | src.crawler | [55/100] depth 3: https://www.eldgja.is/is/gistingar/frettir/getAllItems/1/volcano-eruption
2026-06-27 10:49:57,691 | INFO     | src.fetcher | Requesting https://www.eldgja.is/is/gistingar/frettir/getAllItems/1/volcano-eruption
2026-06-27 10:49:57,792 | DEBUG    | src.fetcher | Response 200 in 0.10s (15399 bytes, text/html; charset=iso-8859-1, final URL: https://www.eldgja.is/is/gistingar/frettir/getAllItems/1/volcano-eruption)
2026-06-27 10:49:57,801 | DEBUG    | src.parser | Removed 7 noise/banner element(s)
2026-06-27 10:49:57,801 | DEBUG    | src.parser | Images: 0 data-URI swapped to real src, 0 dropped
2026-06-27 10:49:57,801 | DEBUG    | src.parser | Content root: <body>
2026-06-27 10:49:57,807 | INFO     | src.parser | Parsed content: 1985 characters
2026-06-27 10:49:57,809 | DEBUG    | src.parser | Found 16 same-domain link(s)
2026-06-27 10:49:58,314 | INFO     | src.crawler | [56/100] depth 3: https://www.eldgja.is/is/gistingar/frettir/getAllItems/1/buid-er-ad-opna-veginn-inn-ad-langasjo-og-i-landmannalaugar-the-road-to-landmannalaugar-and-langisjor-is-open
2026-06-27 10:49:58,315 | INFO     | src.fetcher | Requesting https://www.eldgja.is/is/gistingar/frettir/getAllItems/1/buid-er-ad-opna-veginn-inn-ad-langasjo-og-i-landmannalaugar-the-road-to-landmannalaugar-and-langisjor-is-open
2026-06-27 10:49:58,421 | DEBUG    | src.fetcher | Response 200 in 0.11s (15080 bytes, text/html; charset=iso-8859-1, final URL: https://www.eldgja.is/is/gistingar/frettir/getAllItems/1/buid-er-ad-opna-veginn-inn-ad-langasjo-og-i-landmannalaugar-the-road-to-landmannalaugar-and-langisjor-is-open)
2026-06-27 10:49:58,430 | DEBUG    | src.parser | Removed 7 noise/banner element(s)
2026-06-27 10:49:58,430 | DEBUG    | src.parser | Images: 0 data-URI swapped to real src, 0 dropped
2026-06-27 10:49:58,430 | DEBUG    | src.parser | Content root: <body>
2026-06-27 10:49:58,438 | INFO     | src.parser | Parsed content: 1835 characters
2026-06-27 10:49:58,440 | DEBUG    | src.parser | Found 16 same-domain link(s)
2026-06-27 10:49:58,945 | INFO     | src.crawler | [57/100] depth 3: https://www.eldgja.is/is/gistingar/frettir/getAllItems/1/road-openings
2026-06-27 10:49:58,945 | INFO     | src.fetcher | Requesting https://www.eldgja.is/is/gistingar/frettir/getAllItems/1/road-openings
2026-06-27 10:49:59,038 | DEBUG    | src.fetcher | Response 200 in 0.09s (14511 bytes, text/html; charset=iso-8859-1, final URL: https://www.eldgja.is/is/gistingar/frettir/getAllItems/1/road-openings)
2026-06-27 10:49:59,041 | DEBUG    | src.parser | Removed 7 noise/banner element(s)
2026-06-27 10:49:59,041 | DEBUG    | src.parser | Images: 0 data-URI swapped to real src, 0 dropped
2026-06-27 10:49:59,042 | DEBUG    | src.parser | Content root: <body>
2026-06-27 10:49:59,046 | INFO     | src.parser | Parsed content: 1650 characters
2026-06-27 10:49:59,049 | DEBUG    | src.parser | Found 16 same-domain link(s)
2026-06-27 10:49:59,553 | INFO     | src.crawler | [58/100] depth 3: https://www.eldgja.is/is/gistingar/frettir/getAllItems/1/buid-er-ad-opna-veginn-fra-sudri
2026-06-27 10:49:59,554 | INFO     | src.fetcher | Requesting https://www.eldgja.is/is/gistingar/frettir/getAllItems/1/buid-er-ad-opna-veginn-fra-sudri
2026-06-27 10:49:59,661 | DEBUG    | src.fetcher | Response 200 in 0.11s (15022 bytes, text/html; charset=iso-8859-1, final URL: https://www.eldgja.is/is/gistingar/frettir/getAllItems/1/buid-er-ad-opna-veginn-fra-sudri)
2026-06-27 10:49:59,670 | DEBUG    | src.parser | Removed 7 noise/banner element(s)
2026-06-27 10:49:59,670 | DEBUG    | src.parser | Images: 0 data-URI swapped to real src, 0 dropped
2026-06-27 10:49:59,670 | DEBUG    | src.parser | Content root: <body>
2026-06-27 10:49:59,675 | INFO     | src.parser | Parsed content: 1764 characters
2026-06-27 10:49:59,677 | DEBUG    | src.parser | Found 16 same-domain link(s)
2026-06-27 10:50:00,182 | INFO     | src.crawler | [59/100] depth 3: https://www.eldgja.is/is/gistingar/frettir/getAllItems/1/higland-roads-are-open
2026-06-27 10:50:00,183 | INFO     | src.fetcher | Requesting https://www.eldgja.is/is/gistingar/frettir/getAllItems/1/higland-roads-are-open
2026-06-27 10:50:00,290 | DEBUG    | src.fetcher | Response 200 in 0.11s (14819 bytes, text/html; charset=iso-8859-1, final URL: https://www.eldgja.is/is/gistingar/frettir/getAllItems/1/higland-roads-are-open)
2026-06-27 10:50:00,294 | DEBUG    | src.parser | Removed 7 noise/banner element(s)
2026-06-27 10:50:00,294 | DEBUG    | src.parser | Images: 0 data-URI swapped to real src, 0 dropped
2026-06-27 10:50:00,295 | DEBUG    | src.parser | Content root: <body>
2026-06-27 10:50:00,301 | INFO     | src.parser | Parsed content: 2034 characters
2026-06-27 10:50:00,303 | DEBUG    | src.parser | Found 16 same-domain link(s)
2026-06-27 10:50:00,808 | INFO     | src.crawler | [60/100] depth 3: https://www.eldgja.is/is/gistingar/frettir/getAllItems/1/vegir-opnast-a-halendinu-1
2026-06-27 10:50:00,808 | INFO     | src.fetcher | Requesting https://www.eldgja.is/is/gistingar/frettir/getAllItems/1/vegir-opnast-a-halendinu-1
2026-06-27 10:50:00,909 | DEBUG    | src.fetcher | Response 200 in 0.10s (14575 bytes, text/html; charset=iso-8859-1, final URL: https://www.eldgja.is/is/gistingar/frettir/getAllItems/1/vegir-opnast-a-halendinu-1)
2026-06-27 10:50:00,917 | DEBUG    | src.parser | Removed 7 noise/banner element(s)
2026-06-27 10:50:00,917 | DEBUG    | src.parser | Images: 0 data-URI swapped to real src, 0 dropped
2026-06-27 10:50:00,917 | DEBUG    | src.parser | Content root: <body>
2026-06-27 10:50:00,923 | INFO     | src.parser | Parsed content: 1845 characters
2026-06-27 10:50:00,925 | DEBUG    | src.parser | Found 16 same-domain link(s)
2026-06-27 10:50:01,431 | INFO     | src.crawler | [61/100] depth 3: https://www.eldgja.is/is/gistingar/frettir/getAllItems/1/vegir-opnast-a-halendinu
2026-06-27 10:50:01,431 | INFO     | src.fetcher | Requesting https://www.eldgja.is/is/gistingar/frettir/getAllItems/1/vegir-opnast-a-halendinu
2026-06-27 10:50:01,536 | DEBUG    | src.fetcher | Response 200 in 0.10s (14571 bytes, text/html; charset=iso-8859-1, final URL: https://www.eldgja.is/is/gistingar/frettir/getAllItems/1/vegir-opnast-a-halendinu)
2026-06-27 10:50:01,544 | DEBUG    | src.parser | Removed 7 noise/banner element(s)
2026-06-27 10:50:01,544 | DEBUG    | src.parser | Images: 0 data-URI swapped to real src, 0 dropped
2026-06-27 10:50:01,545 | DEBUG    | src.parser | Content root: <body>
2026-06-27 10:50:01,556 | INFO     | src.parser | Parsed content: 1845 characters
2026-06-27 10:50:01,560 | DEBUG    | src.parser | Found 16 same-domain link(s)
2026-06-27 10:50:02,065 | INFO     | src.crawler | [62/100] depth 3: https://www.eldgja.is/is/gistingar/frettir/getAllItems/1/holaskjol-klart-i-ferdasumarid-2021-opnum-9.-juni
2026-06-27 10:50:02,065 | INFO     | src.fetcher | Requesting https://www.eldgja.is/is/gistingar/frettir/getAllItems/1/holaskjol-klart-i-ferdasumarid-2021-opnum-9.-juni
2026-06-27 10:50:02,167 | DEBUG    | src.fetcher | Response 200 in 0.10s (15488 bytes, text/html; charset=iso-8859-1, final URL: https://www.eldgja.is/is/gistingar/frettir/getAllItems/1/holaskjol-klart-i-ferdasumarid-2021-opnum-9.-juni)
2026-06-27 10:50:02,175 | DEBUG    | src.parser | Removed 7 noise/banner element(s)
2026-06-27 10:50:02,175 | DEBUG    | src.parser | Images: 0 data-URI swapped to real src, 0 dropped
2026-06-27 10:50:02,175 | DEBUG    | src.parser | Content root: <body>
2026-06-27 10:50:02,180 | INFO     | src.parser | Parsed content: 2200 characters
2026-06-27 10:50:02,183 | DEBUG    | src.parser | Found 16 same-domain link(s)
2026-06-27 10:50:02,683 | INFO     | src.crawler | [63/100] depth 3: https://www.eldgja.is/is/gistingar/frettir/getAllItems/1/fimm-daga-gonguferd-sveinstindur-skaelingar-holaskjol-alftavotn
2026-06-27 10:50:02,683 | INFO     | src.fetcher | Requesting https://www.eldgja.is/is/gistingar/frettir/getAllItems/1/fimm-daga-gonguferd-sveinstindur-skaelingar-holaskjol-alftavotn
2026-06-27 10:50:02,803 | DEBUG    | src.fetcher | Response 200 in 0.12s (18458 bytes, text/html; charset=iso-8859-1, final URL: https://www.eldgja.is/is/gistingar/frettir/getAllItems/1/fimm-daga-gonguferd-sveinstindur-skaelingar-holaskjol-alftavotn)
2026-06-27 10:50:02,815 | DEBUG    | src.parser | Removed 7 noise/banner element(s)
2026-06-27 10:50:02,816 | DEBUG    | src.parser | Images: 0 data-URI swapped to real src, 0 dropped
2026-06-27 10:50:02,816 | DEBUG    | src.parser | Content root: <body>
2026-06-27 10:50:02,822 | INFO     | src.parser | Parsed content: 4551 characters
2026-06-27 10:50:02,825 | DEBUG    | src.parser | Found 16 same-domain link(s)
2026-06-27 10:50:03,330 | INFO     | src.crawler | [64/100] depth 3: https://www.eldgja.is/is/gistingar/frettir/getAllItems/1/clean-and-safe
2026-06-27 10:50:03,330 | INFO     | src.fetcher | Requesting https://www.eldgja.is/is/gistingar/frettir/getAllItems/1/clean-and-safe
2026-06-27 10:50:03,445 | DEBUG    | src.fetcher | Response 200 in 0.12s (15644 bytes, text/html; charset=iso-8859-1, final URL: https://www.eldgja.is/is/gistingar/frettir/getAllItems/1/clean-and-safe)
2026-06-27 10:50:03,454 | DEBUG    | src.parser | Removed 7 noise/banner element(s)
2026-06-27 10:50:03,455 | DEBUG    | src.parser | Images: 0 data-URI swapped to real src, 0 dropped
2026-06-27 10:50:03,455 | DEBUG    | src.parser | Content root: <body>
2026-06-27 10:50:03,467 | INFO     | src.parser | Parsed content: 2718 characters
2026-06-27 10:50:03,471 | DEBUG    | src.parser | Found 16 same-domain link(s)
2026-06-27 10:50:03,976 | INFO     | src.crawler | [65/100] depth 3: http://www.eldgja.is/is
2026-06-27 10:50:03,976 | INFO     | src.fetcher | Requesting http://www.eldgja.is/is
2026-06-27 10:50:04,156 | DEBUG    | src.fetcher | Response 200 in 0.18s (14850 bytes, text/html; charset=iso-8859-1, final URL: https://www.eldgja.is/)
2026-06-27 10:50:04,165 | DEBUG    | src.parser | Removed 7 noise/banner element(s)
2026-06-27 10:50:04,165 | DEBUG    | src.parser | Images: 0 data-URI swapped to real src, 0 dropped
2026-06-27 10:50:04,165 | DEBUG    | src.parser | Content root: <body>
2026-06-27 10:50:04,174 | INFO     | src.parser | Parsed content: 2071 characters
2026-06-27 10:50:04,177 | DEBUG    | src.parser | Found 16 same-domain link(s)
2026-06-27 10:50:04,682 | INFO     | src.crawler | [66/100] depth 3: http://www.eldgja.is/is/veftre
2026-06-27 10:50:04,682 | INFO     | src.fetcher | Requesting http://www.eldgja.is/is/veftre
2026-06-27 10:50:04,806 | DEBUG    | src.fetcher | Response 200 in 0.12s (14633 bytes, text/html; charset=iso-8859-1, final URL: https://www.eldgja.is/is/veftre)
2026-06-27 10:50:04,814 | DEBUG    | src.parser | Removed 8 noise/banner element(s)
2026-06-27 10:50:04,814 | DEBUG    | src.parser | Images: 0 data-URI swapped to real src, 0 dropped
2026-06-27 10:50:04,814 | DEBUG    | src.parser | Content root: <body>
2026-06-27 10:50:04,820 | INFO     | src.parser | Parsed content: 1706 characters
2026-06-27 10:50:04,822 | DEBUG    | src.parser | Found 15 same-domain link(s)
2026-06-27 10:50:05,327 | INFO     | src.crawler | [67/100] depth 3: http://www.eldgja.is/is/gistingar/fyrirspurnir
2026-06-27 10:50:05,327 | INFO     | src.fetcher | Requesting http://www.eldgja.is/is/gistingar/fyrirspurnir
2026-06-27 10:50:05,453 | DEBUG    | src.fetcher | Response 200 in 0.13s (14619 bytes, text/html; charset=iso-8859-1, final URL: https://www.eldgja.is/is/gistingar/fyrirspurnir)
2026-06-27 10:50:05,465 | DEBUG    | src.parser | Removed 7 noise/banner element(s)
2026-06-27 10:50:05,465 | DEBUG    | src.parser | Images: 0 data-URI swapped to real src, 0 dropped
2026-06-27 10:50:05,466 | DEBUG    | src.parser | Content root: <body>
2026-06-27 10:50:05,476 | INFO     | src.parser | Parsed content: 1564 characters
2026-06-27 10:50:05,480 | DEBUG    | src.parser | Found 15 same-domain link(s)
2026-06-27 10:50:05,985 | INFO     | src.crawler | [68/100] depth 3: http://www.eldgja.is/is/myndir/kort
2026-06-27 10:50:05,986 | INFO     | src.fetcher | Requesting http://www.eldgja.is/is/myndir/kort
2026-06-27 10:50:06,126 | DEBUG    | src.fetcher | Response 200 in 0.14s (13299 bytes, text/html; charset=iso-8859-1, final URL: https://www.eldgja.is/is/myndir/kort)
2026-06-27 10:50:06,133 | DEBUG    | src.parser | Removed 7 noise/banner element(s)
2026-06-27 10:50:06,133 | DEBUG    | src.parser | Images: 0 data-URI swapped to real src, 0 dropped
2026-06-27 10:50:06,133 | DEBUG    | src.parser | Content root: <body>
2026-06-27 10:50:06,138 | INFO     | src.parser | Parsed content: 1543 characters
2026-06-27 10:50:06,140 | DEBUG    | src.parser | Found 17 same-domain link(s)
2026-06-27 10:50:06,645 | INFO     | src.crawler | [69/100] depth 3: http://www.eldgja.is/is/gistingar-1
2026-06-27 10:50:06,645 | INFO     | src.fetcher | Requesting http://www.eldgja.is/is/gistingar-1
2026-06-27 10:50:06,769 | DEBUG    | src.fetcher | Response 200 in 0.12s (14731 bytes, text/html; charset=iso-8859-1, final URL: https://www.eldgja.is/is/gistingar-1)
2026-06-27 10:50:06,781 | DEBUG    | src.parser | Removed 7 noise/banner element(s)
2026-06-27 10:50:06,781 | DEBUG    | src.parser | Images: 0 data-URI swapped to real src, 0 dropped
2026-06-27 10:50:06,782 | DEBUG    | src.parser | Content root: <body>
2026-06-27 10:50:06,787 | INFO     | src.parser | Parsed content: 2713 characters
2026-06-27 10:50:06,789 | DEBUG    | src.parser | Found 15 same-domain link(s)
2026-06-27 10:50:07,294 | INFO     | src.crawler | [70/100] depth 3: http://www.eldgja.is/is/gonguleidir
2026-06-27 10:50:07,294 | INFO     | src.fetcher | Requesting http://www.eldgja.is/is/gonguleidir
2026-06-27 10:50:07,412 | DEBUG    | src.fetcher | Response 200 in 0.12s (17467 bytes, text/html; charset=iso-8859-1, final URL: https://www.eldgja.is/is/gonguleidir)
2026-06-27 10:50:07,421 | DEBUG    | src.parser | Removed 7 noise/banner element(s)
2026-06-27 10:50:07,421 | DEBUG    | src.parser | Images: 0 data-URI swapped to real src, 0 dropped
2026-06-27 10:50:07,421 | DEBUG    | src.parser | Content root: <body>
2026-06-27 10:50:07,427 | INFO     | src.parser | Parsed content: 4110 characters
2026-06-27 10:50:07,430 | DEBUG    | src.parser | Found 16 same-domain link(s)
2026-06-27 10:50:07,935 | INFO     | src.crawler | [71/100] depth 3: http://www.eldgja.is/is/verskra
2026-06-27 10:50:07,935 | INFO     | src.fetcher | Requesting http://www.eldgja.is/is/verskra
2026-06-27 10:50:08,070 | DEBUG    | src.fetcher | Response 200 in 0.13s (16935 bytes, text/html; charset=iso-8859-1, final URL: https://www.eldgja.is/is/verskra)
2026-06-27 10:50:08,084 | DEBUG    | src.parser | Removed 7 noise/banner element(s)
2026-06-27 10:50:08,084 | DEBUG    | src.parser | Images: 0 data-URI swapped to real src, 0 dropped
2026-06-27 10:50:08,085 | DEBUG    | src.parser | Content root: <body>
2026-06-27 10:50:08,099 | INFO     | src.parser | Parsed content: 2704 characters
2026-06-27 10:50:08,104 | DEBUG    | src.parser | Found 15 same-domain link(s)
2026-06-27 10:50:08,609 | INFO     | src.crawler | [72/100] depth 3: http://www.eldgja.is/is/myndir
2026-06-27 10:50:08,609 | INFO     | src.fetcher | Requesting http://www.eldgja.is/is/myndir
2026-06-27 10:50:08,740 | DEBUG    | src.fetcher | Response 200 in 0.13s (15997 bytes, text/html; charset=iso-8859-1, final URL: https://www.eldgja.is/is/myndir)
2026-06-27 10:50:08,750 | DEBUG    | src.parser | Removed 7 noise/banner element(s)
2026-06-27 10:50:08,750 | DEBUG    | src.parser | Images: 0 data-URI swapped to real src, 0 dropped
2026-06-27 10:50:08,750 | DEBUG    | src.parser | Content root: <body>
2026-06-27 10:50:08,756 | INFO     | src.parser | Parsed content: 2334 characters
2026-06-27 10:50:08,759 | DEBUG    | src.parser | Found 22 same-domain link(s)
2026-06-27 10:50:09,264 | INFO     | src.crawler | [73/100] depth 3: http://www.eldgja.is/is/langisjor
2026-06-27 10:50:09,264 | INFO     | src.fetcher | Requesting http://www.eldgja.is/is/langisjor
2026-06-27 10:50:09,386 | DEBUG    | src.fetcher | Response 200 in 0.12s (18551 bytes, text/html; charset=iso-8859-1, final URL: https://www.eldgja.is/is/langisjor)
2026-06-27 10:50:09,393 | DEBUG    | src.parser | Removed 7 noise/banner element(s)
2026-06-27 10:50:09,393 | DEBUG    | src.parser | Images: 0 data-URI swapped to real src, 0 dropped
2026-06-27 10:50:09,394 | DEBUG    | src.parser | Content root: <body>
2026-06-27 10:50:09,400 | INFO     | src.parser | Parsed content: 6003 characters
2026-06-27 10:50:09,402 | DEBUG    | src.parser | Found 15 same-domain link(s)
2026-06-27 10:50:09,907 | INFO     | src.crawler | [74/100] depth 3: http://www.eldgja.is/is/gistingar
2026-06-27 10:50:09,908 | INFO     | src.fetcher | Requesting http://www.eldgja.is/is/gistingar
2026-06-27 10:50:10,152 | DEBUG    | src.fetcher | Response 200 in 0.24s (16644 bytes, text/html; charset=iso-8859-1, final URL: https://www.eldgja.is/is/gistingar/um-okkur)
2026-06-27 10:50:10,163 | DEBUG    | src.parser | Removed 7 noise/banner element(s)
2026-06-27 10:50:10,163 | DEBUG    | src.parser | Images: 0 data-URI swapped to real src, 0 dropped
2026-06-27 10:50:10,164 | DEBUG    | src.parser | Content root: <body>
2026-06-27 10:50:10,180 | INFO     | src.parser | Parsed content: 3143 characters
2026-06-27 10:50:10,184 | DEBUG    | src.parser | Found 15 same-domain link(s)
2026-06-27 10:50:10,686 | INFO     | src.crawler | [75/100] depth 3: http://www.eldgja.is/is/gistingar/um-okkur
2026-06-27 10:50:10,687 | INFO     | src.fetcher | Requesting http://www.eldgja.is/is/gistingar/um-okkur
2026-06-27 10:50:10,810 | DEBUG    | src.fetcher | Response 200 in 0.12s (16644 bytes, text/html; charset=iso-8859-1, final URL: https://www.eldgja.is/is/gistingar/um-okkur)
2026-06-27 10:50:10,820 | DEBUG    | src.parser | Removed 7 noise/banner element(s)
2026-06-27 10:50:10,820 | DEBUG    | src.parser | Images: 0 data-URI swapped to real src, 0 dropped
2026-06-27 10:50:10,820 | DEBUG    | src.parser | Content root: <body>
2026-06-27 10:50:10,829 | INFO     | src.parser | Parsed content: 3143 characters
2026-06-27 10:50:10,833 | DEBUG    | src.parser | Found 15 same-domain link(s)
2026-06-27 10:50:11,338 | INFO     | src.crawler | [76/100] depth 3: http://www.eldgja.is/is/gistingar/starfsfolk
2026-06-27 10:50:11,339 | INFO     | src.fetcher | Requesting http://www.eldgja.is/is/gistingar/starfsfolk
2026-06-27 10:50:11,468 | DEBUG    | src.fetcher | Response 200 in 0.13s (14626 bytes, text/html; charset=iso-8859-1, final URL: https://www.eldgja.is/is/gistingar/starfsfolk)
2026-06-27 10:50:11,475 | DEBUG    | src.parser | Removed 7 noise/banner element(s)
2026-06-27 10:50:11,475 | DEBUG    | src.parser | Images: 0 data-URI swapped to real src, 0 dropped
2026-06-27 10:50:11,476 | DEBUG    | src.parser | Content root: <body>
2026-06-27 10:50:11,481 | INFO     | src.parser | Parsed content: 1819 characters
2026-06-27 10:50:11,484 | DEBUG    | src.parser | Found 18 same-domain link(s)
2026-06-27 10:50:11,989 | INFO     | src.crawler | [77/100] depth 3: http://www.eldgja.is/is/gistingar/stadsetning
2026-06-27 10:50:11,990 | INFO     | src.fetcher | Requesting http://www.eldgja.is/is/gistingar/stadsetning
2026-06-27 10:50:12,126 | DEBUG    | src.fetcher | Response 200 in 0.14s (15568 bytes, text/html; charset=iso-8859-1, final URL: https://www.eldgja.is/is/gistingar/stadsetning)
2026-06-27 10:50:12,139 | DEBUG    | src.parser | Removed 7 noise/banner element(s)
2026-06-27 10:50:12,139 | DEBUG    | src.parser | Images: 0 data-URI swapped to real src, 0 dropped
2026-06-27 10:50:12,139 | DEBUG    | src.parser | Content root: <body>
2026-06-27 10:50:12,150 | INFO     | src.parser | Parsed content: 2161 characters
2026-06-27 10:50:12,154 | DEBUG    | src.parser | Found 15 same-domain link(s)
2026-06-27 10:50:12,659 | INFO     | src.crawler | [78/100] depth 3: http://www.eldgja.is/is/gistingar/frettir
2026-06-27 10:50:12,659 | INFO     | src.fetcher | Requesting http://www.eldgja.is/is/gistingar/frettir
2026-06-27 10:50:12,784 | DEBUG    | src.fetcher | Response 200 in 0.13s (16765 bytes, text/html; charset=iso-8859-1, final URL: https://www.eldgja.is/is/gistingar/frettir)
2026-06-27 10:50:12,793 | DEBUG    | src.parser | Removed 7 noise/banner element(s)
2026-06-27 10:50:12,794 | DEBUG    | src.parser | Images: 0 data-URI swapped to real src, 0 dropped
2026-06-27 10:50:12,794 | DEBUG    | src.parser | Content root: <body>
2026-06-27 10:50:12,800 | INFO     | src.parser | Parsed content: 3013 characters
2026-06-27 10:50:12,803 | DEBUG    | src.parser | Found 21 same-domain link(s)
2026-06-27 10:50:13,308 | INFO     | src.crawler | [79/100] depth 3: http://www.eldgja.is/is/akstur-og-truss
2026-06-27 10:50:13,308 | INFO     | src.fetcher | Requesting http://www.eldgja.is/is/akstur-og-truss
2026-06-27 10:50:13,430 | DEBUG    | src.fetcher | Response 200 in 0.12s (15148 bytes, text/html; charset=iso-8859-1, final URL: https://www.eldgja.is/is/akstur-og-truss)
2026-06-27 10:50:13,439 | DEBUG    | src.parser | Removed 7 noise/banner element(s)
2026-06-27 10:50:13,439 | DEBUG    | src.parser | Images: 0 data-URI swapped to real src, 0 dropped
2026-06-27 10:50:13,439 | DEBUG    | src.parser | Content root: <body>
2026-06-27 10:50:13,444 | INFO     | src.parser | Parsed content: 3312 characters
2026-06-27 10:50:13,447 | DEBUG    | src.parser | Found 15 same-domain link(s)
2026-06-27 10:50:13,952 | INFO     | src.crawler | [80/100] depth 3: http://www.eldgja.is/en
2026-06-27 10:50:13,952 | INFO     | src.fetcher | Requesting http://www.eldgja.is/en
2026-06-27 10:50:14,080 | DEBUG    | src.fetcher | Response 200 in 0.13s (14465 bytes, text/html; charset=iso-8859-1, final URL: https://www.eldgja.is/en)
2026-06-27 10:50:14,096 | DEBUG    | src.parser | Removed 8 noise/banner element(s)
2026-06-27 10:50:14,097 | DEBUG    | src.parser | Images: 0 data-URI swapped to real src, 0 dropped
2026-06-27 10:50:14,097 | DEBUG    | src.parser | Content root: <body>
2026-06-27 10:50:14,106 | INFO     | src.parser | Parsed content: 2038 characters
2026-06-27 10:50:14,110 | DEBUG    | src.parser | Found 17 same-domain link(s)
2026-06-27 10:50:14,611 | INFO     | src.crawler | [81/100] depth 3: https://www.eldgja.is/is/myndir/kort/g-ngulei-ir-fr-h-laskj-li1
2026-06-27 10:50:14,611 | INFO     | src.fetcher | Requesting https://www.eldgja.is/is/myndir/kort/g-ngulei-ir-fr-h-laskj-li1
2026-06-27 10:50:14,718 | DEBUG    | src.fetcher | Response 200 in 0.11s (13442 bytes, text/html; charset=iso-8859-1, final URL: https://www.eldgja.is/is/myndir/kort/g-ngulei-ir-fr-h-laskj-li1)
2026-06-27 10:50:14,721 | DEBUG    | src.parser | Removed 7 noise/banner element(s)
2026-06-27 10:50:14,721 | DEBUG    | src.parser | Images: 0 data-URI swapped to real src, 0 dropped
2026-06-27 10:50:14,721 | DEBUG    | src.parser | Content root: <body>
2026-06-27 10:50:14,726 | INFO     | src.parser | Parsed content: 1632 characters
2026-06-27 10:50:14,728 | DEBUG    | src.parser | Found 17 same-domain link(s)
2026-06-27 10:50:15,233 | INFO     | src.crawler | [82/100] depth 3: https://www.eldgja.is/is/myndir/sveinstindur-og-langisjor?page=2
2026-06-27 10:50:15,233 | INFO     | src.fetcher | Requesting https://www.eldgja.is/is/myndir/sveinstindur-og-langisjor?page=2
2026-06-27 10:50:15,340 | DEBUG    | src.fetcher | Response 200 in 0.11s (14848 bytes, text/html; charset=iso-8859-1, final URL: https://www.eldgja.is/is/myndir/sveinstindur-og-langisjor?page=2)
2026-06-27 10:50:15,348 | DEBUG    | src.parser | Removed 7 noise/banner element(s)
2026-06-27 10:50:15,348 | DEBUG    | src.parser | Images: 0 data-URI swapped to real src, 0 dropped
2026-06-27 10:50:15,348 | DEBUG    | src.parser | Content root: <body>
2026-06-27 10:50:15,354 | INFO     | src.parser | Parsed content: 1843 characters
2026-06-27 10:50:15,357 | DEBUG    | src.parser | Found 17 same-domain link(s)
2026-06-27 10:50:15,862 | INFO     | src.crawler | [83/100] depth 3: https://www.eldgja.is/is/myndir/holaskjol-og-nagreni.?page=2
2026-06-27 10:50:15,862 | INFO     | src.fetcher | Requesting https://www.eldgja.is/is/myndir/holaskjol-og-nagreni.?page=2
2026-06-27 10:50:16,032 | DEBUG    | src.fetcher | Response 200 in 0.17s (14350 bytes, text/html; charset=iso-8859-1, final URL: https://www.eldgja.is/is/myndir/holaskjol-og-nagreni.?page=2)
2026-06-27 10:50:16,040 | DEBUG    | src.parser | Removed 7 noise/banner element(s)
2026-06-27 10:50:16,040 | DEBUG    | src.parser | Images: 0 data-URI swapped to real src, 0 dropped
2026-06-27 10:50:16,040 | DEBUG    | src.parser | Content root: <body>
2026-06-27 10:50:16,046 | INFO     | src.parser | Parsed content: 1688 characters
2026-06-27 10:50:16,048 | DEBUG    | src.parser | Found 17 same-domain link(s)
2026-06-27 10:50:16,550 | INFO     | src.crawler | [84/100] depth 3: https://www.eldgja.is/en/moya/news/getCalendarSummary?sort=day&current=0
2026-06-27 10:50:16,551 | INFO     | src.fetcher | Requesting https://www.eldgja.is/en/moya/news/getCalendarSummary?sort=day&current=0
2026-06-27 10:50:16,707 | DEBUG    | src.fetcher | Response 200 in 0.16s (12787 bytes, text/html; charset=iso-8859-1, final URL: https://www.eldgja.is/en/moya/news/getCalendarSummary?sort=day&current=0)
2026-06-27 10:50:16,717 | DEBUG    | src.parser | Removed 8 noise/banner element(s)
2026-06-27 10:50:16,717 | DEBUG    | src.parser | Images: 0 data-URI swapped to real src, 0 dropped
2026-06-27 10:50:16,717 | DEBUG    | src.parser | Content root: <body>
2026-06-27 10:50:16,723 | INFO     | src.parser | Parsed content: 1546 characters
2026-06-27 10:50:16,725 | DEBUG    | src.parser | Found 20 same-domain link(s)
2026-06-27 10:50:17,230 | INFO     | src.crawler | [85/100] depth 3: https://www.eldgja.is/en/moya/news/getCalendarSummary?sort=week&current=0
2026-06-27 10:50:17,231 | INFO     | src.fetcher | Requesting https://www.eldgja.is/en/moya/news/getCalendarSummary?sort=week&current=0
2026-06-27 10:50:17,341 | DEBUG    | src.fetcher | Response 200 in 0.11s (12788 bytes, text/html; charset=iso-8859-1, final URL: https://www.eldgja.is/en/moya/news/getCalendarSummary?sort=week&current=0)
2026-06-27 10:50:17,348 | DEBUG    | src.parser | Removed 8 noise/banner element(s)
2026-06-27 10:50:17,348 | DEBUG    | src.parser | Images: 0 data-URI swapped to real src, 0 dropped
2026-06-27 10:50:17,348 | DEBUG    | src.parser | Content root: <body>
2026-06-27 10:50:17,353 | INFO     | src.parser | Parsed content: 1546 characters
2026-06-27 10:50:17,355 | DEBUG    | src.parser | Found 20 same-domain link(s)
2026-06-27 10:50:17,860 | INFO     | src.crawler | [86/100] depth 3: https://www.eldgja.is/en/moya/news/getCalendarSummary?sort=month&current=0
2026-06-27 10:50:17,860 | INFO     | src.fetcher | Requesting https://www.eldgja.is/en/moya/news/getCalendarSummary?sort=month&current=0
2026-06-27 10:50:17,972 | DEBUG    | src.fetcher | Response 200 in 0.11s (12789 bytes, text/html; charset=iso-8859-1, final URL: https://www.eldgja.is/en/moya/news/getCalendarSummary?sort=month&current=0)
2026-06-27 10:50:17,979 | DEBUG    | src.parser | Removed 8 noise/banner element(s)
2026-06-27 10:50:17,979 | DEBUG    | src.parser | Images: 0 data-URI swapped to real src, 0 dropped
2026-06-27 10:50:17,980 | DEBUG    | src.parser | Content root: <body>
2026-06-27 10:50:17,985 | INFO     | src.parser | Parsed content: 1546 characters
2026-06-27 10:50:17,987 | DEBUG    | src.parser | Found 20 same-domain link(s)
2026-06-27 10:50:18,491 | INFO     | src.crawler | [87/100] depth 3: https://www.eldgja.is/en/moya/news/getCalendarSummary?sort=year&current=0
2026-06-27 10:50:18,491 | INFO     | src.fetcher | Requesting https://www.eldgja.is/en/moya/news/getCalendarSummary?sort=year&current=0
2026-06-27 10:50:18,615 | DEBUG    | src.fetcher | Response 200 in 0.12s (12788 bytes, text/html; charset=iso-8859-1, final URL: https://www.eldgja.is/en/moya/news/getCalendarSummary?sort=year&current=0)
2026-06-27 10:50:18,624 | DEBUG    | src.parser | Removed 8 noise/banner element(s)
2026-06-27 10:50:18,624 | DEBUG    | src.parser | Images: 0 data-URI swapped to real src, 0 dropped
2026-06-27 10:50:18,625 | DEBUG    | src.parser | Content root: <body>
2026-06-27 10:50:18,636 | INFO     | src.parser | Parsed content: 1546 characters
2026-06-27 10:50:18,639 | DEBUG    | src.parser | Found 20 same-domain link(s)
2026-06-27 10:50:19,144 | INFO     | src.crawler | [88/100] depth 3: https://www.eldgja.is/en/photos/kort
2026-06-27 10:50:19,145 | INFO     | src.fetcher | Requesting https://www.eldgja.is/en/photos/kort
2026-06-27 10:50:19,259 | DEBUG    | src.fetcher | Response 200 in 0.11s (12543 bytes, text/html; charset=iso-8859-1, final URL: https://www.eldgja.is/en/photos/kort)
2026-06-27 10:50:19,267 | DEBUG    | src.parser | Removed 8 noise/banner element(s)
2026-06-27 10:50:19,267 | DEBUG    | src.parser | Images: 0 data-URI swapped to real src, 0 dropped
2026-06-27 10:50:19,268 | DEBUG    | src.parser | Content root: <body>
2026-06-27 10:50:19,272 | INFO     | src.parser | Parsed content: 1415 characters
2026-06-27 10:50:19,274 | DEBUG    | src.parser | Found 18 same-domain link(s)
2026-06-27 10:50:19,779 | INFO     | src.crawler | [89/100] depth 3: https://www.eldgja.is/en/photos/skali-uppi
2026-06-27 10:50:19,779 | INFO     | src.fetcher | Requesting https://www.eldgja.is/en/photos/skali-uppi
2026-06-27 10:50:19,948 | DEBUG    | src.fetcher | Response 200 in 0.17s (13155 bytes, text/html; charset=iso-8859-1, final URL: https://www.eldgja.is/en/photos/skali-uppi)
2026-06-27 10:50:19,956 | DEBUG    | src.parser | Removed 8 noise/banner element(s)
2026-06-27 10:50:19,956 | DEBUG    | src.parser | Images: 0 data-URI swapped to real src, 0 dropped
2026-06-27 10:50:19,956 | DEBUG    | src.parser | Content root: <body>
2026-06-27 10:50:19,962 | INFO     | src.parser | Parsed content: 1592 characters
2026-06-27 10:50:19,964 | DEBUG    | src.parser | Found 17 same-domain link(s)
2026-06-27 10:50:20,469 | INFO     | src.crawler | [90/100] depth 3: https://www.eldgja.is/en/photos/eldgja
2026-06-27 10:50:20,470 | INFO     | src.fetcher | Requesting https://www.eldgja.is/en/photos/eldgja
2026-06-27 10:50:20,633 | DEBUG    | src.fetcher | Response 200 in 0.16s (12816 bytes, text/html; charset=iso-8859-1, final URL: https://www.eldgja.is/en/photos/eldgja)
2026-06-27 10:50:20,643 | DEBUG    | src.parser | Removed 8 noise/banner element(s)
2026-06-27 10:50:20,644 | DEBUG    | src.parser | Images: 0 data-URI swapped to real src, 0 dropped
2026-06-27 10:50:20,644 | DEBUG    | src.parser | Content root: <body>
2026-06-27 10:50:20,655 | INFO     | src.parser | Parsed content: 1477 characters
2026-06-27 10:50:20,658 | DEBUG    | src.parser | Found 17 same-domain link(s)
2026-06-27 10:50:21,161 | INFO     | src.crawler | [91/100] depth 3: https://www.eldgja.is/en/photos/sveinstindur-og-langisjor
2026-06-27 10:50:21,161 | INFO     | src.fetcher | Requesting https://www.eldgja.is/en/photos/sveinstindur-og-langisjor
2026-06-27 10:50:21,284 | DEBUG    | src.fetcher | Response 200 in 0.12s (18589 bytes, text/html; charset=iso-8859-1, final URL: https://www.eldgja.is/en/photos/sveinstindur-og-langisjor)
2026-06-27 10:50:21,293 | DEBUG    | src.parser | Removed 8 noise/banner element(s)
2026-06-27 10:50:21,293 | DEBUG    | src.parser | Images: 0 data-URI swapped to real src, 0 dropped
2026-06-27 10:50:21,293 | DEBUG    | src.parser | Content root: <body>
2026-06-27 10:50:21,299 | INFO     | src.parser | Parsed content: 3497 characters
2026-06-27 10:50:21,302 | DEBUG    | src.parser | Found 18 same-domain link(s)
2026-06-27 10:50:21,807 | INFO     | src.crawler | [92/100] depth 3: https://www.eldgja.is/en/photos/holaskjol-og-nagreni.
2026-06-27 10:50:21,807 | INFO     | src.fetcher | Requesting https://www.eldgja.is/en/photos/holaskjol-og-nagreni.
2026-06-27 10:50:21,929 | DEBUG    | src.fetcher | Response 200 in 0.12s (17767 bytes, text/html; charset=iso-8859-1, final URL: https://www.eldgja.is/en/photos/holaskjol-og-nagreni.)
2026-06-27 10:50:21,938 | DEBUG    | src.parser | Removed 8 noise/banner element(s)
2026-06-27 10:50:21,938 | DEBUG    | src.parser | Images: 0 data-URI swapped to real src, 0 dropped
2026-06-27 10:50:21,938 | DEBUG    | src.parser | Content root: <body>
2026-06-27 10:50:21,945 | INFO     | src.parser | Parsed content: 3084 characters
2026-06-27 10:50:21,948 | DEBUG    | src.parser | Found 18 same-domain link(s)
2026-06-27 10:50:22,453 | INFO     | src.crawler | [93/100] depth 3: https://www.eldgja.is/en/photos/skaelingar
2026-06-27 10:50:22,453 | INFO     | src.fetcher | Requesting https://www.eldgja.is/en/photos/skaelingar
2026-06-27 10:50:22,582 | DEBUG    | src.fetcher | Response 200 in 0.13s (13105 bytes, text/html; charset=iso-8859-1, final URL: https://www.eldgja.is/en/photos/skaelingar)
2026-06-27 10:50:22,591 | DEBUG    | src.parser | Removed 8 noise/banner element(s)
2026-06-27 10:50:22,591 | DEBUG    | src.parser | Images: 0 data-URI swapped to real src, 0 dropped
2026-06-27 10:50:22,591 | DEBUG    | src.parser | Content root: <body>
2026-06-27 10:50:22,607 | INFO     | src.parser | Parsed content: 1572 characters
2026-06-27 10:50:22,611 | DEBUG    | src.parser | Found 17 same-domain link(s)
2026-06-27 10:50:23,113 | INFO     | src.crawler | [94/100] depth 3: https://www.eldgja.is/en/photos/vinnumyndir
2026-06-27 10:50:23,114 | INFO     | src.fetcher | Requesting https://www.eldgja.is/en/photos/vinnumyndir
2026-06-27 10:50:23,267 | DEBUG    | src.fetcher | Response 200 in 0.15s (14375 bytes, text/html; charset=iso-8859-1, final URL: https://www.eldgja.is/en/photos/vinnumyndir)
2026-06-27 10:50:23,276 | DEBUG    | src.parser | Removed 8 noise/banner element(s)
2026-06-27 10:50:23,277 | DEBUG    | src.parser | Images: 0 data-URI swapped to real src, 0 dropped
2026-06-27 10:50:23,277 | DEBUG    | src.parser | Content root: <body>
2026-06-27 10:50:23,282 | INFO     | src.parser | Parsed content: 2085 characters
2026-06-27 10:50:23,284 | DEBUG    | src.parser | Found 17 same-domain link(s)
2026-06-27 10:50:23,789 | INFO     | src.crawler | [95/100] depth 3: https://www.eldgja.is/en/about-us/employees/aslaug-asgeirsdottir
2026-06-27 10:50:23,789 | INFO     | src.fetcher | Requesting https://www.eldgja.is/en/about-us/employees/aslaug-asgeirsdottir
2026-06-27 10:50:23,903 | DEBUG    | src.fetcher | Response 200 in 0.11s (13413 bytes, text/html; charset=iso-8859-1, final URL: https://www.eldgja.is/en/about-us/employees/aslaug-asgeirsdottir)
2026-06-27 10:50:23,911 | DEBUG    | src.parser | Removed 8 noise/banner element(s)
2026-06-27 10:50:23,911 | DEBUG    | src.parser | Images: 0 data-URI swapped to real src, 0 dropped
2026-06-27 10:50:23,911 | DEBUG    | src.parser | Content root: <body>
2026-06-27 10:50:23,916 | INFO     | src.parser | Parsed content: 1600 characters
2026-06-27 10:50:23,918 | DEBUG    | src.parser | Found 17 same-domain link(s)
2026-06-27 10:50:24,423 | INFO     | src.crawler | [96/100] depth 3: https://www.eldgja.is/en/about-us/employees/arora-bryndis-asgeirsdottir
2026-06-27 10:50:24,424 | INFO     | src.fetcher | Requesting https://www.eldgja.is/en/about-us/employees/arora-bryndis-asgeirsdottir
2026-06-27 10:50:24,533 | DEBUG    | src.fetcher | Response 200 in 0.11s (13313 bytes, text/html; charset=iso-8859-1, final URL: https://www.eldgja.is/en/about-us/employees/arora-bryndis-asgeirsdottir)
2026-06-27 10:50:24,542 | DEBUG    | src.parser | Removed 8 noise/banner element(s)
2026-06-27 10:50:24,542 | DEBUG    | src.parser | Images: 0 data-URI swapped to real src, 0 dropped
2026-06-27 10:50:24,542 | DEBUG    | src.parser | Content root: <body>
2026-06-27 10:50:24,547 | INFO     | src.parser | Parsed content: 1603 characters
2026-06-27 10:50:24,549 | DEBUG    | src.parser | Found 17 same-domain link(s)
2026-06-27 10:50:25,054 | INFO     | src.crawler | [97/100] depth 3: https://www.eldgja.is/en/about-us/employees/sigurlaug-sol-gudfinnsdottir
2026-06-27 10:50:25,055 | INFO     | src.fetcher | Requesting https://www.eldgja.is/en/about-us/employees/sigurlaug-sol-gudfinnsdottir
2026-06-27 10:50:25,214 | DEBUG    | src.fetcher | Response 200 in 0.16s (13305 bytes, text/html; charset=iso-8859-1, final URL: https://www.eldgja.is/en/about-us/employees/sigurlaug-sol-gudfinnsdottir)
2026-06-27 10:50:25,220 | DEBUG    | src.parser | Removed 8 noise/banner element(s)
2026-06-27 10:50:25,221 | DEBUG    | src.parser | Images: 0 data-URI swapped to real src, 0 dropped
2026-06-27 10:50:25,221 | DEBUG    | src.parser | Content root: <body>
2026-06-27 10:50:25,225 | INFO     | src.parser | Parsed content: 1609 characters
2026-06-27 10:50:25,228 | DEBUG    | src.parser | Found 17 same-domain link(s)
2026-06-27 10:50:25,733 | INFO     | src.crawler | [98/100] depth 3: https://www.eldgja.is/en/icetrek@icetrek.is%20
2026-06-27 10:50:25,733 | INFO     | src.fetcher | Requesting https://www.eldgja.is/en/icetrek@icetrek.is%20
2026-06-27 10:50:25,881 | DEBUG    | src.fetcher | Response 404 in 0.15s (14603 bytes, text/html; charset=iso-8859-1, final URL: https://www.eldgja.is/en/icetrek@icetrek.is%20)
2026-06-27 10:50:25,881 | WARNING  | src.crawler | Skipping https://www.eldgja.is/en/icetrek@icetrek.is%20 — HTTP 404
2026-06-27 10:50:25,882 | INFO     | src.crawler | [98/100] depth 4: http://www.eldgja.is/is/gistingar/frettir/getCalendarSummary
2026-06-27 10:50:25,882 | INFO     | src.fetcher | Requesting http://www.eldgja.is/is/gistingar/frettir/getCalendarSummary
2026-06-27 10:50:26,113 | DEBUG    | src.fetcher | Response 200 in 0.23s (14002 bytes, text/html; charset=iso-8859-1, final URL: https://www.eldgja.is/is/gistingar/frettir/getCalendarSummary)
2026-06-27 10:50:26,121 | DEBUG    | src.parser | Removed 7 noise/banner element(s)
2026-06-27 10:50:26,121 | DEBUG    | src.parser | Images: 0 data-URI swapped to real src, 0 dropped
2026-06-27 10:50:26,122 | DEBUG    | src.parser | Content root: <body>
2026-06-27 10:50:26,128 | INFO     | src.parser | Parsed content: 1615 characters
2026-06-27 10:50:26,633 | INFO     | src.crawler | [99/100] depth 4: http://www.eldgja.is/is/myndir/skali-uppi
2026-06-27 10:50:26,633 | INFO     | src.fetcher | Requesting http://www.eldgja.is/is/myndir/skali-uppi
2026-06-27 10:50:26,767 | DEBUG    | src.fetcher | Response 200 in 0.13s (13911 bytes, text/html; charset=iso-8859-1, final URL: https://www.eldgja.is/is/myndir/skali-uppi)
2026-06-27 10:50:26,778 | DEBUG    | src.parser | Removed 7 noise/banner element(s)
2026-06-27 10:50:26,778 | DEBUG    | src.parser | Images: 0 data-URI swapped to real src, 0 dropped
2026-06-27 10:50:26,778 | DEBUG    | src.parser | Content root: <body>
2026-06-27 10:50:26,788 | INFO     | src.parser | Parsed content: 1720 characters
2026-06-27 10:50:27,290 | INFO     | src.crawler | [100/100] depth 4: http://www.eldgja.is/is/myndir/eldgja
2026-06-27 10:50:27,291 | INFO     | src.fetcher | Requesting http://www.eldgja.is/is/myndir/eldgja
2026-06-27 10:50:27,422 | DEBUG    | src.fetcher | Response 200 in 0.13s (13572 bytes, text/html; charset=iso-8859-1, final URL: https://www.eldgja.is/is/myndir/eldgja)
2026-06-27 10:50:27,430 | DEBUG    | src.parser | Removed 7 noise/banner element(s)
2026-06-27 10:50:27,430 | DEBUG    | src.parser | Images: 0 data-URI swapped to real src, 0 dropped
2026-06-27 10:50:27,430 | DEBUG    | src.parser | Content root: <body>
2026-06-27 10:50:27,436 | INFO     | src.parser | Parsed content: 1605 characters
2026-06-27 10:50:27,436 | INFO     | src.crawler | Crawl finished: 100 page(s) fetched, 31 still queued (limit 100)
2026-06-27 10:50:27,437 | INFO     | __main__ | Saved 100 page(s) to /Users/adamdomachowski/Desktop/coding/page_fetcher/output/www_eldgja_is_crawl_2026-06-27.md
